identifier,citations
10487870,353
12176838,188
12213778,98
12520026,2021
12824350,59
12824362,138
12824368,19
12824369,1104
12824371,255
12824429,20
14668235,15
14681436,129
15050833,442
15215380,502
15215382,54
15215390,63
15215391,13
15215402,47
15215422,50
15215433,64
15572468,185
15575972,154
15731212,323
15797905,175
15933209,366
15980501,51
15980505,205
15980506,54
15980509,103
16381947,74
16397004,124
16845063,9
16845068,206
16845071,77
16845073,36
17483510,183
17485471,105
17517777,24
17537814,28
17934055,15
18776194,2
19451166,73
19487240,404
19773424,12
19884132,78
19995462,29
20060041,4
20435683,9
20501600,105
20511592,37
20522509,28
20965969,69
21045055,38
21087992,132
21576237,66
21586587,60
21593125,11
21893518,19
22057161,90
22080564,314
22121218,128
22140105,87
22618878,16
22693215,19
22693217,559
23771147,129
24860165,10
25995231,23
26089389,12
32191896,20
32976105,4
33416862,17
33999190,5
doi_10.1002_(sici)1097-0061(20000130)16_2<177__aid-yea516>3.0.co;2-9,180
doi_10.1002_(sici)1097-0134(19990401)35_1<114__aid-prot11>3.0.co;2-t,181
doi_10.1002_(sici)1098-2744(200005)28_1<12__aid-mc3>3.0.co;2-q,102
doi_10.1002_0471250953.bi0211s47,29
doi_10.1002_1873-3468.12746,10
doi_10.1002_ADVS.202004958,20
doi_10.1002_CPZ1.585,453
doi_10.1002_CPZ1.70129,0
doi_10.1002_HEP4.1749,9
doi_10.1002_MINF.202000006,8
doi_10.1002_PMIC.201900245,35
doi_10.1002_PRO.3741,16
doi_10.1002_PRO.3754,23
doi_10.1002_PROT.26001,28
doi_10.1002_SCTM.20-0227,20
doi_10.1002_advs.202300366,22
doi_10.1002_advs.202503135,6
doi_10.1002_advs.202508697,1
doi_10.1002_advs.202517692,0
doi_10.1002_cpz1.70003,4
doi_10.1002_gepi.21961,8
doi_10.1002_gepi.22217,3
doi_10.1002_gepi.22337,3
doi_10.1002_humu.22444,55
doi_10.1002_ijc.34666,8
doi_10.1002_iub.2195,13
doi_10.1002_pmic.202300112,76
doi_10.1002_pro.5560030118,121
doi_10.1002_pro.5560040820,395
doi_10.1002_pro.70091,6
doi_10.1002_prot.25749,37
doi_10.1002_qub2.90,1
doi_10.1002_sim.70716,0
doi_10.1002_yea.3031,16
doi_10.1006_geno.2002.6698,461
doi_10.1006_jmbi.1998.1947,750
doi_10.1006_mben.2000.0151,84
doi_10.1007_11564096_50,18
doi_10.1007_978-1-0716-0026-9_9,0
doi_10.1007_978-1-0716-0301-7_5,19
doi_10.1007_978-1-0716-0822-7_15,3
doi_10.1007_978-1-0716-2687-0_13,18
doi_10.1007_978-1-4939-3578-9_13,19
doi_10.1007_978-1-4939-9224-9_9,7
doi_10.1007_978-1-59745-514-5_15,19
doi_10.1007_978-1-59745-525-1_6,6
doi_10.1007_978-1-61779-292-2_8,17
doi_10.1007_978-1-61779-361-5_15,485
doi_10.1007_978-1-61779-361-5_22,38
doi_10.1007_978-1-61779-361-5_23,168
doi_10.1007_978-1-62703-607-8_8,113
doi_10.1007_978-1-62703-721-1_10,3
doi_10.1007_978-3-642-37195-0_12,4
doi_10.1007_S00894-020-4315-X,7
doi_10.1007_S10142-024-01410-2,5
doi_10.1007_S10142-024-01470-4,3
doi_10.1007_S10930-021-10011-Y,15
doi_10.1007_S40484-020-0225-2,7
doi_10.1007_s00412-021-00766-9,38
doi_10.1007_s00438-018-1487-5,55
doi_10.1007_s00438-018-1498-2,69
doi_10.1007_s00438-026-02365-8,0
doi_10.1007_s10930-024-10183-3,2
doi_10.1007_s11357-023-00986-0,53
doi_10.1007_s11538-025-01542-x,0
doi_10.1007_s12064-026-00460-3,0
doi_10.1007_s12539-022-00536-w,11
doi_10.1007_s12539-024-00633-y,4
doi_10.1007_s12539-025-00773-9,0
doi_10.1007_s12539-025-00787-3,1
doi_10.1007_s12539-025-00807-2,0
doi_10.1016_J.AB.2021.114120,21
doi_10.1016_J.AB.2021.114318,29
doi_10.1016_J.BBAGRM.2019.194429,16
doi_10.1016_J.CELS.2020.04.004,28
doi_10.1016_J.CELS.2020.08.003,133
doi_10.1016_J.CMPB.2022.106625,17
doi_10.1016_J.CRMETH.2025.101032,2
doi_10.1016_J.CSBJ.2020.09.001,14
doi_10.1016_J.CSBJ.2020.11.006,6
doi_10.1016_J.CSBJ.2020.12.026,48
doi_10.1016_J.CSBJ.2021.05.041,11
doi_10.1016_J.CSBJ.2021.12.015,18
doi_10.1016_J.CSBJ.2022.11.034,30
doi_10.1016_J.CSBJ.2024.04.036,10
doi_10.1016_J.CSBJ.2024.06.015,4
doi_10.1016_J.CSBJ.2024.09.025,4
doi_10.1016_J.JBI.2019.103353,12
doi_10.1016_J.JBI.2020.103605,14
doi_10.1016_J.JMB.2019.04.045,0
doi_10.1016_J.JMB.2021.166860,62
doi_10.1016_J.JMB.2024.168655,3
doi_10.1016_J.JTBI.2019.110091,4
doi_10.1016_J.MOCELL.2025.100235,1
doi_10.1016_J.OMTN.2020.07.035,32
doi_10.1016_J.OMTN.2020.08.022,174
doi_10.1016_J.OMTN.2020.09.031,48
doi_10.1016_J.XGEN.2024.100698,10
doi_10.1016_J.YGENO.2019.11.017,10
doi_10.1016_J.YGENO.2019.12.001,3
doi_10.1016_J.YGENO.2021.10.007,21
doi_10.1016_J.YMETH.2021.01.007,26
doi_10.1016_S0168-1702(00)00210-0,57
doi_10.1016_S0168-9525(00)02024-2,9914
doi_10.1016_j.ajhg.2016.07.005,307
doi_10.1016_j.ajhg.2021.01.009,26
doi_10.1016_j.ajhg.2025.01.015,7
doi_10.1016_j.bbagrm.2023.194911,4
doi_10.1016_j.bbrc.2007.03.180,119
doi_10.1016_j.biochi.2005.06.001,42
doi_10.1016_j.biosystems.2005.10.003,190
doi_10.1016_j.biosystems.2009.04.008,209
doi_10.1016_j.biosystems.2009.09.005,15
doi_10.1016_j.biosystems.2011.02.002,69
doi_10.1016_j.biosystems.2017.08.006,12
doi_10.1016_j.ccell.2020.12.011,38
doi_10.1016_j.cell.2014.08.009,2049
doi_10.1016_j.cell.2019.08.018,271
doi_10.1016_j.cels.2016.07.001,152
doi_10.1016_j.cels.2020.02.009,97
doi_10.1016_j.cels.2023.11.006,65
doi_10.1016_j.cels.2023.12.005,5
doi_10.1016_j.cels.2024.04.005,26
doi_10.1016_j.cmpb.2026.109314,1
doi_10.1016_j.compbiolchem.2016.01.014,0
doi_10.1016_j.compbiolchem.2019.107145,10
doi_10.1016_j.compbiolchem.2022.107732,100
doi_10.1016_j.compbiolchem.2022.107770,21
doi_10.1016_j.compbiolchem.2024.108077,0
doi_10.1016_j.compbiolchem.2024.108140,6
doi_10.1016_j.compbiolchem.2024.108282,8
doi_10.1016_j.compbiolchem.2026.108913,0
doi_10.1016_j.compbiomed.2016.03.024,11
doi_10.1016_j.compbiomed.2022.105627,0
doi_10.1016_j.compbiomed.2022.105999,1
doi_10.1016_j.compbiomed.2022.106375,11
doi_10.1016_j.compbiomed.2023.106653,14
doi_10.1016_j.compbiomed.2023.107279,8
doi_10.1016_j.compbiomed.2024.108182,1
doi_10.1016_j.compbiomed.2024.108835,1
doi_10.1016_j.csbj.2015.03.009,13
doi_10.1016_j.csbj.2019.09.009,13
doi_10.1016_j.csbj.2022.03.005,13
doi_10.1016_j.csbj.2022.06.031,0
doi_10.1016_j.csbj.2022.06.033,5
doi_10.1016_j.csbj.2022.08.041,8
doi_10.1016_j.csbj.2022.09.006,31
doi_10.1016_j.csbj.2022.11.053,8
doi_10.1016_j.csbj.2022.11.056,19
doi_10.1016_j.csbj.2023.01.003,2
doi_10.1016_j.csbj.2023.09.019,3
doi_10.1016_j.csbj.2024.01.013,7
doi_10.1016_j.csbj.2024.03.024,3
doi_10.1016_j.csbj.2024.08.007,7
doi_10.1016_j.csbj.2025.01.018,0
doi_10.1016_j.csbj.2025.07.008,2
doi_10.1016_j.csbj.2025.09.014,3
doi_10.1016_j.gdata.2015.12.012,13
doi_10.1016_j.gene.2012.11.027,4
doi_10.1016_j.gene.2014.06.016,5
doi_10.1016_j.gene.2017.10.054,13
doi_10.1016_j.gene.2022.147045,18
doi_10.1016_j.gpb.2012.06.007,1
doi_10.1016_j.gpb.2014.08.001,17
doi_10.1016_j.gpb.2019.09.006,634
doi_10.1016_j.gpb.2019.09.008,7
doi_10.1016_j.gpb.2019.10.002,18
doi_10.1016_j.gpb.2020.06.025,44
doi_10.1016_j.gpb.2021.08.011,6
doi_10.1016_j.gpb.2021.08.015,18
doi_10.1016_j.gpb.2022.10.005,24
doi_10.1016_j.heliyon.2024.e27364,8
doi_10.1016_j.ijbiomac.2025.140630,1
doi_10.1016_j.isci.2021.103381,19
doi_10.1016_j.isci.2022.104190,18
doi_10.1016_j.isci.2022.105338,23
doi_10.1016_j.isci.2022.105359,39
doi_10.1016_j.isci.2022.105535,12
doi_10.1016_j.isci.2023.106933,3
doi_10.1016_j.isci.2024.109352,21
doi_10.1016_j.jbi.2026.104985,0
doi_10.1016_j.jbiotec.2017.05.001,97
doi_10.1016_j.jgg.2023.09.011,18
doi_10.1016_j.jmb.2004.01.033,0
doi_10.1016_j.jmb.2004.02.040,0
doi_10.1016_j.jmb.2023.167978,28
doi_10.1016_j.jmb.2023.168142,2
doi_10.1016_j.jmb.2023.168180,8
doi_10.1016_j.jmb.2024.168558,18
doi_10.1016_j.jmb.2024.168921,12
doi_10.1016_j.jmb.2025.169155,3
doi_10.1016_j.jsb.2014.03.013,14
doi_10.1016_j.jtbi.2018.04.025,37
doi_10.1016_j.mbs.2024.109284,6
doi_10.1016_j.molcel.2007.09.027,334
doi_10.1016_j.molcel.2010.05.004,14799
doi_10.1016_j.molcel.2018.06.044,930
doi_10.1016_j.molp.2022.10.016,57
doi_10.1016_j.molp.2022.12.019,75
doi_10.1016_j.omtn.2022.10.004,5
doi_10.1016_j.omtn.2023.03.014,22
doi_10.1016_j.omtn.2023.07.030,4
doi_10.1016_j.patrec.2009.10.009,82
doi_10.1016_j.spinee.2017.04.022,139
doi_10.1016_j.vetmic.2009.07.011,31
doi_10.1016_j.xgen.2023.100317,43
doi_10.1016_j.xgen.2024.100538,26
doi_10.1016_j.xgen.2026.101250,2
doi_10.1016_j.xplc.2022.100455,21
doi_10.1016_j.xplc.2023.100631,33
doi_10.1016_j.xplc.2024.100985,18
doi_10.1016_j.xpro.2023.102203,0
doi_10.1016_j.ydbio.2004.04.011,116
doi_10.1016_j.ygeno.2009.12.006,4
doi_10.1016_j.ygeno.2022.110384,19
doi_10.1016_j.ygeno.2022.110480,5
doi_10.1016_j.ygeno.2026.111201,2
doi_10.1016_j.ymeth.2014.06.008,391
doi_10.1016_j.ymeth.2014.10.036,1
doi_10.1016_j.ymeth.2020.01.012,24
doi_10.1016_j.ymeth.2021.01.009,26
doi_10.1016_j.ymeth.2023.03.002,31
doi_10.1016_j.ymeth.2024.12.006,3
doi_10.1016_j.ynstr.2022.100496,12
doi_10.1016_s0003-2697(03)00404-4,1
doi_10.1016_s0014-5793(00)01659-8,146
doi_10.1016_s0022-2836(02)00846-x,66
doi_10.1016_s0888-7543(02)00021-6,585
doi_10.1016_s0933-3657(03)00048-4,27
doi_10.1017_CBO9781139151399,0
doi_10.1017_CBO9781139151405,2
doi_10.1021_ACS.JCIM.0C00735,24
doi_10.1021_ACS.JCIM.1C00628,46
doi_10.1021_ACS.JCIM.9B00252,16
doi_10.1021_ACS.JPROTEOME.0C00864,6
doi_10.1021_ACS.JPROTEOME.9B00411,67
doi_10.1021_ACSOMEGA.4C06830,2
doi_10.1021_ACSSYNBIO.4C00473,6
doi_10.1021_acs.analchem.5b00145,32
doi_10.1021_acs.jcim.2c01033,21
doi_10.1021_acs.jcim.3c02017,18
doi_10.1021_acs.jcim.3c02088,4
doi_10.1021_acs.jcim.5c01005,2
doi_10.1021_acssynbio.2c00382,29
doi_10.1021_acssynbio.2c00679,21
doi_10.1021_acssynbio.6c00112,0
doi_10.1038_366265a0,587
doi_10.1038_79965,487
doi_10.1038_NMETH.4401,1908
doi_10.1038_S41389-023-00476-0,24
doi_10.1038_S41467-019-12630-7,251
doi_10.1038_S41467-019-13929-1,66
doi_10.1038_S41467-020-17155-Y,68
doi_10.1038_S41467-020-19542-X,37
doi_10.1038_S41467-021-21583-9,490
doi_10.1038_S41467-024-44761-X,31
doi_10.1038_S41467-024-53565-Y,2
doi_10.1038_S41467-024-53954-3,9
doi_10.1038_S41467-024-55447-9,4
doi_10.1038_S41467-025-60269-4,3
doi_10.1038_S41467-025-65077-4,2
doi_10.1038_S41467-025-65362-2,4
doi_10.1038_S41540-019-0118-Z,172
doi_10.1038_S41540-025-00533-X,5
doi_10.1038_S41588-022-01089-W,99
doi_10.1038_S41592-019-0367-1,544
doi_10.1038_S41592-019-0511-Y,43
doi_10.1038_S41592-021-01231-2,97
doi_10.1038_S41592-025-02868-Z,7
doi_10.1038_S41596-019-0243-6,26
doi_10.1038_S41596-019-0273-0,250
doi_10.1038_S41596-021-00496-3,4
doi_10.1038_S41596-023-00935-3,23
doi_10.1038_S41597-019-0193-4,134
doi_10.1038_S41598-019-51423-2,23
doi_10.1038_S41598-020-60981-9,34
doi_10.1038_S41598-020-63043-2,6
doi_10.1038_S41598-020-64655-4,46
doi_10.1038_S41598-020-66454-3,25
doi_10.1038_S41598-020-71730-3,33
doi_10.1038_S41598-021-85173-X,12
doi_10.1038_S41598-021-98889-7,14
doi_10.1038_S42003-021-01970-0,22
doi_10.1038_S42003-021-02991-5,18
doi_10.1038_S42003-024-05849-8,20
doi_10.1038_S43588-024-00597-5,18
doi_10.1038_S44320-025-00128-Y,0
doi_10.1038_cddis.2016.42,10
doi_10.1038_msb.2008.4,132
doi_10.1038_msb4100061,63
doi_10.1038_mt.2008.241,69
doi_10.1038_nature07667,1249
doi_10.1038_nature10730,2408
doi_10.1038_nature11013,210
doi_10.1038_nature14248,7201
doi_10.1038_nature24267,295
doi_10.1038_nbt.1505,725
doi_10.1038_nbt.1508,992
doi_10.1038_nbt.1518,572
doi_10.1038_nbt.1621,16639
doi_10.1038_nbt.1630,5065
doi_10.1038_nbt.2798,480
doi_10.1038_nbt.3300,3202
doi_10.1038_nbt1098-939,964
doi_10.1038_nbt717,678
doi_10.1038_ng.3458,207
doi_10.1038_ng.3593,1079
doi_10.1038_ng780,404
doi_10.1038_nmeth.1226,14401
doi_10.1038_nmeth.1246,702
doi_10.1038_nmeth.1436,637
doi_10.1038_nmeth.1809,93
doi_10.1038_nmeth.1906,19
doi_10.1038_nmeth.1937,663
doi_10.1038_nmeth.2832,571
doi_10.1038_nmeth.3115,649
doi_10.1038_nmeth.3252,4023
doi_10.1038_nmeth.3547,2643
doi_10.1038_nmeth.3763,177
doi_10.1038_nmeth.4463,7101
doi_10.1038_nrg3331,2
doi_10.1038_s10038-019-0573-9,31
doi_10.1038_s41419-021-04075-y,0
doi_10.1038_s41423-020-0416-9,6
doi_10.1038_s41467-017-02391-6,1174
doi_10.1038_s41467-017-02505-0,133
doi_10.1038_s41467-018-03933-2,55
doi_10.1038_s41467-019-11115-x,18
doi_10.1038_s41467-020-17239-9,176
doi_10.1038_s41467-020-18035-1,764
doi_10.1038_s41467-020-19562-7,141
doi_10.1038_s41467-021-21765-5,60
doi_10.1038_s41467-021-23007-0,203
doi_10.1038_s41467-021-25131-3,145
doi_10.1038_s41467-021-26779-7,105
doi_10.1038_s41467-021-26865-w,202
doi_10.1038_s41467-022-29697-4,183
doi_10.1038_s41467-022-30770-1,83
doi_10.1038_s41467-022-34626-6,82
doi_10.1038_s41467-023-36336-z,30
doi_10.1038_s41467-023-37439-3,50
doi_10.1038_s41467-023-40658-3,10
doi_10.1038_s41467-024-46045-w,23
doi_10.1038_s41467-025-56535-0,4
doi_10.1038_s41467-025-59780-5,8
doi_10.1038_s41467-025-61579-3,8
doi_10.1038_s41467-025-62252-5,9
doi_10.1038_s41467-026-70523-y,0
doi_10.1038_s41514-026-00398-2,1
doi_10.1038_s41525-020-0133-4,19
doi_10.1038_s41540-022-00241-w,6
doi_10.1038_s41540-022-00245-6,29
doi_10.1038_s41540-026-00684-5,0
doi_10.1038_s41551-021-00770-5,134
doi_10.1038_s41556-023-01117-9,12
doi_10.1038_s41586-025-10014-0,155
doi_10.1038_s41587-020-0439-x,4158
doi_10.1038_s41587-022-01211-7,97
doi_10.1038_s41587-023-01663-5,18
doi_10.1038_s41588-021-00782-6,706
doi_10.1038_s41588-021-00790-6,1486
doi_10.1038_s41588-022-01048-5,307
doi_10.1038_s41588-022-01102-2,284
doi_10.1038_s41588-024-02053-6,184
doi_10.1038_s41589-020-0593-y,40
doi_10.1038_s41592-019-0430-y,251
doi_10.1038_s41592-019-0539-z,103
doi_10.1038_s41592-019-0624-3,27
doi_10.1038_s41592-020-0960-3,235
doi_10.1038_s41592-021-01252-x,1344
doi_10.1038_s41592-022-01461-y,137
doi_10.1038_s41592-022-01475-6,152
doi_10.1038_s41592-022-01562-8,154
doi_10.1038_s41592-022-01595-z,86
doi_10.1038_s41592-023-01938-4,712
doi_10.1038_s41592-026-03100-2,0
doi_10.1038_s41596-019-0229-4,68
doi_10.1038_s41596-019-0285-9,38
doi_10.1038_s41596-020-0336-2,1579
doi_10.1038_s41596-021-00630-1,22
doi_10.1038_s41598-017-02464-y,79
doi_10.1038_s41598-017-03554-7,25
doi_10.1038_s41598-017-16520-0,238
doi_10.1038_s41598-017-17143-1,22
doi_10.1038_s41598-018-31688-9,14
doi_10.1038_s41598-018-36308-0,38
doi_10.1038_s41598-019-55453-8,5
doi_10.1038_s41598-020-69443-8,5
doi_10.1038_s41598-020-70941-y,17
doi_10.1038_s41598-021-87074-5,17
doi_10.1038_s41598-022-19099-3,21
doi_10.1038_s41598-022-21732-0,11
doi_10.1038_s41598-023-35403-1,17
doi_10.1038_s41598-023-47948-2,0
doi_10.1038_s41598-023-48237-8,3
doi_10.1038_s41598-024-84105-9,3
doi_10.1038_s41598-025-21746-4,5
doi_10.1038_s41598-025-26089-8,0
doi_10.1038_s41598-026-50180-3,0
doi_10.1038_s41598-026-56418-4,0
doi_10.1038_srep07813,38
doi_10.1038_srep27436,65
doi_10.1038_srep30595,11
doi_10.1038_srep41328,62
doi_10.1039_b906535k,66
doi_10.1039_c2ib00132b,9
doi_10.1039_c6mb00221h,104
doi_10.1039_d3mo00098b,5
doi_10.1063_5.0236090,2
doi_10.1073_PNAS.1919259117,53
doi_10.1073_PNAS.2109995119,177
doi_10.1073_PNAS.2411930122,1
doi_10.1073_pnas.0505874102,95
doi_10.1073_pnas.0630591100,351
doi_10.1073_pnas.152320899,147
doi_10.1073_pnas.1618353114,86
doi_10.1073_pnas.2021171118,160
doi_10.1073_pnas.2211194119,47
doi_10.1073_pnas.2216698120,20
doi_10.1080_01621459.2021.1914634,97
doi_10.1080_10425170500356032,5
doi_10.1080_1062936X.2019.1615546,11
doi_10.1080_15427951.2011.604548,55
doi_10.1080_15476286.2020.1740470,25
doi_10.1080_15548627.2016.1147668,77
doi_10.1080_15548627.2023.2235851,19
doi_10.1080_15548627.2023.2247737,6
doi_10.1080_15592294.2023.2230670,1
doi_10.1080_27694127.2022.2097822,12
doi_10.1089_cmb.2006.13.686,23
doi_10.1089_cmb.2007.0176,8
doi_10.1089_cmb.2008.0226,6
doi_10.1089_cmb.2008.08tt,67
doi_10.1089_cmb.2008.16tt,101
doi_10.1089_cmb.2010.0265,449
doi_10.1089_cmb.2010.0299,0
doi_10.1089_cmb.2011.0100,33
doi_10.1089_cmb.2011.0185,29
doi_10.1089_cmb.2011.0249,6
doi_10.1089_cmb.2012.0233,12
doi_10.1089_cmb.2016.0108,5
doi_10.1089_cmb.2016.0199,5
doi_10.1089_cmb.2017.0005,2
doi_10.1089_cmb.2019.0295,20
doi_10.1089_cmb.2021.0658,2
doi_10.1089_cmb.2024.0490,0
doi_10.1093_BIB_BBAA011,26
doi_10.1093_BIB_BBAA048,22
doi_10.1093_BIB_BBAA162,51
doi_10.1093_BIB_BBAA273,58
doi_10.1093_BIB_BBAA352,10
doi_10.1093_BIB_BBAA356,91
doi_10.1093_BIB_BBAA388,9
doi_10.1093_BIB_BBAA393,5
doi_10.1093_BIB_BBAB031,57
doi_10.1093_BIB_BBAB047,35
doi_10.1093_BIB_BBAB237,0
doi_10.1093_BIB_BBAB252,70
doi_10.1093_BIB_BBAB438,8
doi_10.1093_BIB_BBAB445,15
doi_10.1093_BIB_BBAB564,134
doi_10.1093_BIB_BBAB602,10
doi_10.1093_BIB_BBAD535,17
doi_10.1093_BIB_BBAE090,4
doi_10.1093_BIB_BBAE193,9
doi_10.1093_BIB_BBAE592,1
doi_10.1093_BIB_BBAE615,1
doi_10.1093_BIB_BBAF021,3
doi_10.1093_BIB_BBAF081,0
doi_10.1093_BIB_BBAF516,3
doi_10.1093_BIB_BBZ107,41
doi_10.1093_BIB_BBZ112,0
doi_10.1093_BIOADV_VBAD049,6
doi_10.1093_BIOADV_VBAD055,0
doi_10.1093_BIOADV_VBAE118,0
doi_10.1093_BIOADV_VBAE162,7
doi_10.1093_BIOADV_VBAF086,2
doi_10.1093_BIOINFORMATICS_BTAA045,5
doi_10.1093_BIOINFORMATICS_BTAA049,76
doi_10.1093_BIOINFORMATICS_BTAA067,19
doi_10.1093_BIOINFORMATICS_BTAA073,243
doi_10.1093_BIOINFORMATICS_BTAA1100,22
doi_10.1093_BIOINFORMATICS_BTAA157,84
doi_10.1093_BIOINFORMATICS_BTAA173,2
doi_10.1093_BIOINFORMATICS_BTAA178,123
doi_10.1093_BIOINFORMATICS_BTAA202,22
doi_10.1093_BIOINFORMATICS_BTAA267,28
doi_10.1093_BIOINFORMATICS_BTAA403,58
doi_10.1093_BIOINFORMATICS_BTAA559,6
doi_10.1093_BIOINFORMATICS_BTAA576,127
doi_10.1093_BIOINFORMATICS_BTAA580,18
doi_10.1093_BIOINFORMATICS_BTAA639,3
doi_10.1093_BIOINFORMATICS_BTAA651,26
doi_10.1093_BIOINFORMATICS_BTAA752,33
doi_10.1093_BIOINFORMATICS_BTAA789,34
doi_10.1093_BIOINFORMATICS_BTAA793,19
doi_10.1093_BIOINFORMATICS_BTAA802,7
doi_10.1093_BIOINFORMATICS_BTAA845,11
doi_10.1093_BIOINFORMATICS_BTAA883,23
doi_10.1093_BIOINFORMATICS_BTAA902,0
doi_10.1093_BIOINFORMATICS_BTAB062,0
doi_10.1093_BIOINFORMATICS_BTAB099,36
doi_10.1093_BIOINFORMATICS_BTAB269,2
doi_10.1093_BIOINFORMATICS_BTAB272,20
doi_10.1093_BIOINFORMATICS_BTAB274,4
doi_10.1093_BIOINFORMATICS_BTAB295,25
doi_10.1093_BIOINFORMATICS_BTAB379,5
doi_10.1093_BIOINFORMATICS_BTAB405,5
doi_10.1093_BIOINFORMATICS_BTAB478,7
doi_10.1093_BIOINFORMATICS_BTAB513,4
doi_10.1093_BIOINFORMATICS_BTAB676,16
doi_10.1093_BIOINFORMATICS_BTAB678,5
doi_10.1093_BIOINFORMATICS_BTAB718,28
doi_10.1093_BIOINFORMATICS_BTAB728,0
doi_10.1093_BIOINFORMATICS_BTAB755,3
doi_10.1093_BIOINFORMATICS_BTAB768,1
doi_10.1093_BIOINFORMATICS_BTAB829,24
doi_10.1093_BIOINFORMATICS_BTAC025,10
doi_10.1093_BIOINFORMATICS_BTAC033,11
doi_10.1093_BIOINFORMATICS_BTAC172,34
doi_10.1093_BIOINFORMATICS_BTAC185,6
doi_10.1093_BIOINFORMATICS_BTAC630,3
doi_10.1093_BIOINFORMATICS_BTAC697,47
doi_10.1093_BIOINFORMATICS_BTAE191,7
doi_10.1093_BIOINFORMATICS_BTAE354,16
doi_10.1093_BIOINFORMATICS_BTAE527,0
doi_10.1093_BIOINFORMATICS_BTAE531,7
doi_10.1093_BIOINFORMATICS_BTAE638,1
doi_10.1093_BIOINFORMATICS_BTAE649,0
doi_10.1093_BIOINFORMATICS_BTAE699,1
doi_10.1093_BIOINFORMATICS_BTAE703,1
doi_10.1093_BIOINFORMATICS_BTAF033,0
doi_10.1093_BIOINFORMATICS_BTAF268,5
doi_10.1093_BIOINFORMATICS_BTAF324,1
doi_10.1093_BIOINFORMATICS_BTAF364,0
doi_10.1093_BIOINFORMATICS_BTAF366,0
doi_10.1093_BIOINFORMATICS_BTAF590,0
doi_10.1093_BIOINFORMATICS_BTAF641,0
doi_10.1093_BIOINFORMATICS_BTAF684,0
doi_10.1093_BIOINFORMATICS_BTAG086,2
doi_10.1093_BIOINFORMATICS_BTT432,105
doi_10.1093_BIOINFORMATICS_BTT501,98
doi_10.1093_BIOINFORMATICS_BTW422,25
doi_10.1093_BIOINFORMATICS_BTW626,34
doi_10.1093_BIOINFORMATICS_BTY916,656
doi_10.1093_BIOINFORMATICS_BTZ317,91
doi_10.1093_BIOINFORMATICS_BTZ322,71
doi_10.1093_BIOINFORMATICS_BTZ337,88
doi_10.1093_BIOINFORMATICS_BTZ339,175
doi_10.1093_BIOINFORMATICS_BTZ352,97
doi_10.1093_BIOINFORMATICS_BTZ398,4
doi_10.1093_BIOINFORMATICS_BTZ651,79
doi_10.1093_BIOINFORMATICS_BTZ694,192
doi_10.1093_BIOINFORMATICS_BTZ720,60
doi_10.1093_BIOINFORMATICS_BTZ746,15
doi_10.1093_BIOINFORMATICS_BTZ767,8
doi_10.1093_BIOINFORMATICS_BTZ770,10
doi_10.1093_BIOINFORMATICS_BTZ775,5
doi_10.1093_BIOINFORMATICS_BTZ871,6
doi_10.1093_BIOINFORMATICS_BTZ929,42
doi_10.1093_BIOINFORMATICS_BTZ941,22
doi_10.1093_BIOINFORMATICS_BTZ970,0
doi_10.1093_BIOINFORMATICS_BTZ975,4
doi_10.1093_DATABASE_BAAA021,838
doi_10.1093_DATABASE_BAAA038,19
doi_10.1093_DATABASE_BAAA075,18
doi_10.1093_DATABASE_BAAA106,20
doi_10.1093_DATABASE_BAAB025,51
doi_10.1093_DATABASE_BAAD064,2
doi_10.1093_DATABASE_BAAF071,3
doi_10.1093_DATABASE_BAZ094,5
doi_10.1093_DATABASE_BAZ122,13
doi_10.1093_DATABASE_BAZ130,2
doi_10.1093_DATABASE_BAZ135,9
doi_10.1093_DATABASE_BAZ162,7
doi_10.1093_FEMSML_UQAE002,12
doi_10.1093_FEMSYR_FOAB045,10
doi_10.1093_GENETICS_IYAE031,225
doi_10.1093_GPBJNL_QZAE059,6
doi_10.1093_GPBJNL_QZAF026,1
doi_10.1093_GPBJNL_QZAF108,1
doi_10.1093_NARGAB_LQAA085,3
doi_10.1093_NARGAB_LQAA091,3
doi_10.1093_NARGAB_LQAB051,19
doi_10.1093_NARGAB_LQAB064,10
doi_10.1093_NARGAB_LQAB108,21
doi_10.1093_NARGAB_LQAD043,2
doi_10.1093_NARGAB_LQAF039,0
doi_10.1093_NARGAB_LQAF188,0
doi_10.1093_NAR_GKAA004,5
doi_10.1093_NAR_GKAA030,17
doi_10.1093_NAR_GKAA087,40
doi_10.1093_NAR_GKAA1057,307
doi_10.1093_NAR_GKAA220,499
doi_10.1093_NAR_GKAA252,48
doi_10.1093_NAR_GKAA264,55
doi_10.1093_NAR_GKAA364,14
doi_10.1093_NAR_GKAA382,35
doi_10.1093_NAR_GKAA394,50
doi_10.1093_NAR_GKAA500,99
doi_10.1093_NAR_GKAA947,90
doi_10.1093_NAR_GKAB1008,64
doi_10.1093_NAR_GKAB1032,28
doi_10.1093_NAR_GKAB1039,47
doi_10.1093_NAR_GKAB1043,14
doi_10.1093_NAR_GKAB1103,92
doi_10.1093_NAR_GKAB1104,49
doi_10.1093_NAR_GKAB1110,96
doi_10.1093_NAR_GKAB1114,22
doi_10.1093_NAR_GKAB1133,18
doi_10.1093_NAR_GKAB1233,41
doi_10.1093_NAR_GKAB433,50
doi_10.1093_NAR_GKAB553,6
doi_10.1093_NAR_GKAB745,16
doi_10.1093_NAR_GKAB813,31
doi_10.1093_NAR_GKAB870,18
doi_10.1093_NAR_GKAB877,10
doi_10.1093_NAR_GKAB909,46
doi_10.1093_NAR_GKAB950,25
doi_10.1093_NAR_GKAB972,146
doi_10.1093_NAR_GKAB975,286
doi_10.1093_NAR_GKAC288,5
doi_10.1093_NAR_GKAC945,140
doi_10.1093_NAR_GKAE1039,26
doi_10.1093_NAR_GKAE1047,12
doi_10.1093_NAR_GKAE1086,9
doi_10.1093_NAR_GKAE197,1
doi_10.1093_NAR_GKAE706,12
doi_10.1093_NAR_GKAF101,5
doi_10.1093_NAR_GKAF387,6
doi_10.1093_NAR_GKAF949,6
doi_10.1093_NAR_GKV1478,39
doi_10.1093_NAR_GKW809,154
doi_10.1093_NAR_GKX1279,148
doi_10.1093_NAR_GKX270,0
doi_10.1093_NAR_GKX277,56
doi_10.1093_NAR_GKZ1020,1070
doi_10.1093_NAR_GKZ1062,1120
doi_10.1093_NAR_GKZ1089,43
doi_10.1093_NAR_GKZ287,13
doi_10.1093_NAR_GKZ332,113
doi_10.1093_NAR_GKZ363,42
doi_10.1093_NAR_GKZ398,23
doi_10.1093_NAR_GKZ426,8
doi_10.1093_NAR_GKZ446,1229
doi_10.1093_NAR_GKZ450,13
doi_10.1093_NAR_GKZ460,77
doi_10.1093_NAR_GKZ655,54
doi_10.1093_NAR_GKZ672,76
doi_10.1093_NAR_GKZ715,45
doi_10.1093_NAR_GKZ759,33
doi_10.1093_NAR_GKZ781,106
doi_10.1093_NAR_GKZ800,0
doi_10.1093_NAR_GKZ874,437
doi_10.1093_NAR_GKZ908,74
doi_10.1093_NAR_GKZ973,68
doi_10.1093_bfgp_elac028,13
doi_10.1093_bfgp_elac057,11
doi_10.1093_bfgp_elac059,17
doi_10.1093_bfgp_elad015,6
doi_10.1093_bib_bbaa299,62
doi_10.1093_bib_bbaa327,132
doi_10.1093_bib_bbaa332,1
doi_10.1093_bib_bbab093,0
doi_10.1093_bib_bbab166,24
doi_10.1093_bib_bbab198,20
doi_10.1093_bib_bbab201,11
doi_10.1093_bib_bbab264,8
doi_10.1093_bib_bbab469,14
doi_10.1093_bib_bbab536,4
doi_10.1093_bib_bbab547,21
doi_10.1093_bib_bbab591,17
doi_10.1093_bib_bbac023,25
doi_10.1093_bib_bbac148,23
doi_10.1093_bib_bbac150,6
doi_10.1093_bib_bbac156,24
doi_10.1093_bib_bbac174,354
doi_10.1093_bib_bbac329,8
doi_10.1093_bib_bbac389,21
doi_10.1093_bib_bbac425,22
doi_10.1093_bib_bbac447,17
doi_10.1093_bib_bbac467,38
doi_10.1093_bib_bbac494,20
doi_10.1093_bib_bbac496,6
doi_10.1093_bib_bbac540,3
doi_10.1093_bib_bbad011,8
doi_10.1093_bib_bbad036,19
doi_10.1093_bib_bbad129,28
doi_10.1093_bib_bbad165,8
doi_10.1093_bib_bbad166,4
doi_10.1093_bib_bbad204,4
doi_10.1093_bib_bbad214,3
doi_10.1093_bib_bbad223,11
doi_10.1093_bib_bbad231,39
doi_10.1093_bib_bbad268,11
doi_10.1093_bib_bbad286,9
doi_10.1093_bib_bbad315,10
doi_10.1093_bib_bbad369,4
doi_10.1093_bib_bbad447,8
doi_10.1093_bib_bbad449,13
doi_10.1093_bib_bbad458,3
doi_10.1093_bib_bbad485,4
doi_10.1093_bib_bbad505,6
doi_10.1093_bib_bbad529,29
doi_10.1093_bib_bbae083,21
doi_10.1093_bib_bbae143,27
doi_10.1093_bib_bbae152,3
doi_10.1093_bib_bbae195,35
doi_10.1093_bib_bbae236,6
doi_10.1093_bib_bbae323,15
doi_10.1093_bib_bbae334,8
doi_10.1093_bib_bbae370,0
doi_10.1093_bib_bbae398,9
doi_10.1093_bib_bbae426,2
doi_10.1093_bib_bbae459,9
doi_10.1093_bib_bbae489,16
doi_10.1093_bib_bbae705,3
doi_10.1093_bib_bbaf069,2
doi_10.1093_bib_bbaf118,7
doi_10.1093_bib_bbaf272,2
doi_10.1093_bib_bbaf289,23
doi_10.1093_bib_bbaf349,11
doi_10.1093_bib_bbaf465,2
doi_10.1093_bib_bbaf584,5
doi_10.1093_bib_bbaf621,3
doi_10.1093_bib_bbaf646,0
doi_10.1093_bib_bbaf721,1
doi_10.1093_bib_bbag064,1
doi_10.1093_bib_bbag162,0
doi_10.1093_bib_bbag182,0
doi_10.1093_bib_bbag202,0
doi_10.1093_bib_bbag258,0
doi_10.1093_bib_bbag305,0
doi_10.1093_bib_bbn016,454
doi_10.1093_bib_bbw029,16
doi_10.1093_bib_bby056,34
doi_10.1093_bioadv_vbac006,6
doi_10.1093_bioadv_vbac016,1089
doi_10.1093_bioadv_vbac017,6
doi_10.1093_bioadv_vbad002,3
doi_10.1093_bioadv_vbad003,35
doi_10.1093_bioadv_vbad031,1
doi_10.1093_bioadv_vbad032,27
doi_10.1093_bioadv_vbad043,25
doi_10.1093_bioadv_vbad058,13
doi_10.1093_bioadv_vbad104,1
doi_10.1093_bioadv_vbad121,6
doi_10.1093_bioadv_vbae007,5
doi_10.1093_bioadv_vbae011,8
doi_10.1093_bioadv_vbae034,6
doi_10.1093_bioadv_vbae055,1
doi_10.1093_bioadv_vbae074,6
doi_10.1093_bioadv_vbae084,3
doi_10.1093_bioadv_vbae206,4
doi_10.1093_bioadv_vbaf144,0
doi_10.1093_bioadv_vbaf150,2
doi_10.1093_bioadv_vbaf221,2
doi_10.1093_bioadv_vbag023,0
doi_10.1093_bioadv_vbag033,0
doi_10.1093_bioadv_vbag043,0
doi_10.1093_bioadv_vbag079,1
doi_10.1093_bioinformatics_13.1.29,31
doi_10.1093_bioinformatics_13.4.397,177
doi_10.1093_bioinformatics_14.1.48,1306
doi_10.1093_bioinformatics_14.1.55,0
doi_10.1093_bioinformatics_15.5.356,389
doi_10.1093_bioinformatics_15.7.622,395
doi_10.1093_bioinformatics_17.12.1143,58
doi_10.1093_bioinformatics_17.suppl_1.s199,122
doi_10.1093_bioinformatics_18.2.287,218
doi_10.1093_bioinformatics_18.2.333,1415
doi_10.1093_bioinformatics_18.8.1135,187
doi_10.1093_bioinformatics_9.5.607,0
doi_10.1093_bioinformatics_btaa011,18
doi_10.1093_bioinformatics_btaa054,19
doi_10.1093_bioinformatics_btaa1039,17
doi_10.1093_bioinformatics_btaa1040,9
doi_10.1093_bioinformatics_btaa227,27
doi_10.1093_bioinformatics_btaa673,9
doi_10.1093_bioinformatics_btaa745,5
doi_10.1093_bioinformatics_btaa757,23
doi_10.1093_bioinformatics_btaa797,8
doi_10.1093_bioinformatics_btaa817,5
doi_10.1093_bioinformatics_btaa825,231
doi_10.1093_bioinformatics_btaa912,5
doi_10.1093_bioinformatics_btaa928,36
doi_10.1093_bioinformatics_btaa960,0
doi_10.1093_bioinformatics_btaa970,15
doi_10.1093_bioinformatics_btab040,5
doi_10.1093_bioinformatics_btab047,6
doi_10.1093_bioinformatics_btab072,11
doi_10.1093_bioinformatics_btab083,1287
doi_10.1093_bioinformatics_btab137,19
doi_10.1093_bioinformatics_btab167,24
doi_10.1093_bioinformatics_btab203,648
doi_10.1093_bioinformatics_btab367,11
doi_10.1093_bioinformatics_btab377,17
doi_10.1093_bioinformatics_btab385,32
doi_10.1093_bioinformatics_btab392,14
doi_10.1093_bioinformatics_btab413,16
doi_10.1093_bioinformatics_btab415,6
doi_10.1093_bioinformatics_btab426,12
doi_10.1093_bioinformatics_btab443,7
doi_10.1093_bioinformatics_btab507,67
doi_10.1093_bioinformatics_btab514,5
doi_10.1093_bioinformatics_btab534,12
doi_10.1093_bioinformatics_btab567,26
doi_10.1093_bioinformatics_btab609,10
doi_10.1093_bioinformatics_btab624,3
doi_10.1093_bioinformatics_btab658,37
doi_10.1093_bioinformatics_btab680,10
doi_10.1093_bioinformatics_btab722,5
doi_10.1093_bioinformatics_btab745,30
doi_10.1093_bioinformatics_btab746,36
doi_10.1093_bioinformatics_btab815,2
doi_10.1093_bioinformatics_btac067,10
doi_10.1093_bioinformatics_btac102,120
doi_10.1093_bioinformatics_btac103,20
doi_10.1093_bioinformatics_btac117,80
doi_10.1093_bioinformatics_btac148,9
doi_10.1093_bioinformatics_btac157,0
doi_10.1093_bioinformatics_btac175,78
doi_10.1093_bioinformatics_btac178,19
doi_10.1093_bioinformatics_btac248,5
doi_10.1093_bioinformatics_btac259,1
doi_10.1093_bioinformatics_btac373,14
doi_10.1093_bioinformatics_btac392,2
doi_10.1093_bioinformatics_btac437,0
doi_10.1093_bioinformatics_btac444,2
doi_10.1093_bioinformatics_btac447,36
doi_10.1093_bioinformatics_btac454,21
doi_10.1093_bioinformatics_btac489,13
doi_10.1093_bioinformatics_btac498,22
doi_10.1093_bioinformatics_btac559,107
doi_10.1093_bioinformatics_btac561,32
doi_10.1093_bioinformatics_btac569,1
doi_10.1093_bioinformatics_btac575,68
doi_10.1093_bioinformatics_btac608,7
doi_10.1093_bioinformatics_btac623,3
doi_10.1093_bioinformatics_btac636,17
doi_10.1093_bioinformatics_btac644,20
doi_10.1093_bioinformatics_btac650,14
doi_10.1093_bioinformatics_btac683,1
doi_10.1093_bioinformatics_btac705,7
doi_10.1093_bioinformatics_btac717,15
doi_10.1093_bioinformatics_btac739,7
doi_10.1093_bioinformatics_btac742,3
doi_10.1093_bioinformatics_btac783,5
doi_10.1093_bioinformatics_btac788,31
doi_10.1093_bioinformatics_btac801,17
doi_10.1093_bioinformatics_btac808,2384
doi_10.1093_bioinformatics_btac831,0
doi_10.1093_bioinformatics_btac842,21
doi_10.1093_bioinformatics_btad060,12
doi_10.1093_bioinformatics_btad062,38
doi_10.1093_bioinformatics_btad112,22
doi_10.1093_bioinformatics_btad141,3
doi_10.1093_bioinformatics_btad149,6
doi_10.1093_bioinformatics_btad154,1
doi_10.1093_bioinformatics_btad173,22
doi_10.1093_bioinformatics_btad256,36
doi_10.1093_bioinformatics_btad269,40
doi_10.1093_bioinformatics_btad277,8
doi_10.1093_bioinformatics_btad386,1
doi_10.1093_bioinformatics_btad447,4
doi_10.1093_bioinformatics_btad453,8
doi_10.1093_bioinformatics_btad576,4
doi_10.1093_bioinformatics_btad625,8
doi_10.1093_bioinformatics_btad687,6
doi_10.1093_bioinformatics_btad702,5
doi_10.1093_bioinformatics_btad729,6
doi_10.1093_bioinformatics_btad752,39
doi_10.1093_bioinformatics_btae001,11
doi_10.1093_bioinformatics_btae056,0
doi_10.1093_bioinformatics_btae070,4
doi_10.1093_bioinformatics_btae092,4
doi_10.1093_bioinformatics_btae110,7
doi_10.1093_bioinformatics_btae123,1
doi_10.1093_bioinformatics_btae178,3
doi_10.1093_bioinformatics_btae234,7
doi_10.1093_bioinformatics_btae307,0
doi_10.1093_bioinformatics_btae367,0
doi_10.1093_bioinformatics_btae410,4
doi_10.1093_bioinformatics_btae433,4
doi_10.1093_bioinformatics_btae461,3
doi_10.1093_bioinformatics_btae593,2
doi_10.1093_bioinformatics_btae715,0
doi_10.1093_bioinformatics_btae716,10
doi_10.1093_bioinformatics_btaf074,9
doi_10.1093_bioinformatics_btaf120,0
doi_10.1093_bioinformatics_btaf234,1
doi_10.1093_bioinformatics_btaf314,6
doi_10.1093_bioinformatics_btaf318,0
doi_10.1093_bioinformatics_btaf352,0
doi_10.1093_bioinformatics_btaf371,0
doi_10.1093_bioinformatics_btaf375,3
doi_10.1093_bioinformatics_btaf441,0
doi_10.1093_bioinformatics_btaf452,3
doi_10.1093_bioinformatics_btaf469,2
doi_10.1093_bioinformatics_btaf502,1
doi_10.1093_bioinformatics_btaf638,2
doi_10.1093_bioinformatics_btaf653,0
doi_10.1093_bioinformatics_btag024,0
doi_10.1093_bioinformatics_btag048,2
doi_10.1093_bioinformatics_btag092,0
doi_10.1093_bioinformatics_btag143,0
doi_10.1093_bioinformatics_btag144,2
doi_10.1093_bioinformatics_btag199,1
doi_10.1093_bioinformatics_btag380,0
doi_10.1093_bioinformatics_btag390,0
doi_10.1093_bioinformatics_btag492,0
doi_10.1093_bioinformatics_btf871,62
doi_10.1093_bioinformatics_btg298,37
doi_10.1093_bioinformatics_btg326,15
doi_10.1093_bioinformatics_bth127,97
doi_10.1093_bioinformatics_bth162,10
doi_10.1093_bioinformatics_bth296,13
doi_10.1093_bioinformatics_bth438,79
doi_10.1093_bioinformatics_bti083,19
doi_10.1093_bioinformatics_bti173,187
doi_10.1093_bioinformatics_bti256,73
doi_10.1093_bioinformatics_bti334,337
doi_10.1093_bioinformatics_bti410,173
doi_10.1093_bioinformatics_bti461,27
doi_10.1093_bioinformatics_bti652,622
doi_10.1093_bioinformatics_bti680,83
doi_10.1093_bioinformatics_bti794,0
doi_10.1093_bioinformatics_bti815,76
doi_10.1093_bioinformatics_btk027,123
doi_10.1093_bioinformatics_btl147,96
doi_10.1093_bioinformatics_btl243,170
doi_10.1093_bioinformatics_btl491,54
doi_10.1093_bioinformatics_btm041,23
doi_10.1093_bioinformatics_btm236,39
doi_10.1093_bioinformatics_btm282,4
doi_10.1093_bioinformatics_btm288,3
doi_10.1093_bioinformatics_btm299,12
doi_10.1093_bioinformatics_btm454,8
doi_10.1093_bioinformatics_btn073,4
doi_10.1093_bioinformatics_btn126,19
doi_10.1093_bioinformatics_btn172,91
doi_10.1093_bioinformatics_btn225,1
doi_10.1093_bioinformatics_btn278,114
doi_10.1093_bioinformatics_btn305,271
doi_10.1093_bioinformatics_btn467,2
doi_10.1093_bioinformatics_btn480,387
doi_10.1093_bioinformatics_btn648,43
doi_10.1093_bioinformatics_btp191,92
doi_10.1093_bioinformatics_btp312,30
doi_10.1093_bioinformatics_btp340,1112
doi_10.1093_bioinformatics_btp490,32
doi_10.1093_bioinformatics_btp519,13
doi_10.1093_bioinformatics_btp554,217
doi_10.1093_bioinformatics_btp570,45
doi_10.1093_bioinformatics_btp616,44915
doi_10.1093_bioinformatics_btp657,18
doi_10.1093_bioinformatics_btp681,22
doi_10.1093_bioinformatics_btp706,69
doi_10.1093_bioinformatics_btq023,29
doi_10.1093_bioinformatics_btq026,12
doi_10.1093_bioinformatics_btq030,34
doi_10.1093_bioinformatics_btq032,18
doi_10.1093_bioinformatics_btq124,455
doi_10.1093_bioinformatics_btq128,133
doi_10.1093_bioinformatics_btq131,72
doi_10.1093_bioinformatics_btq328,41
doi_10.1093_bioinformatics_btq357,9
doi_10.1093_bioinformatics_btq379,10
doi_10.1093_bioinformatics_btq395,36
doi_10.1093_bioinformatics_btq452,294
doi_10.1093_bioinformatics_btq488,166
doi_10.1093_bioinformatics_btq501,24
doi_10.1093_bioinformatics_btq590,59
doi_10.1093_bioinformatics_btq629,8
doi_10.1093_bioinformatics_btq636,196
doi_10.1093_bioinformatics_btq669,48
doi_10.1093_bioinformatics_btq707,48
doi_10.1093_bioinformatics_btr030,173
doi_10.1093_bioinformatics_btr057,8
doi_10.1093_bioinformatics_btr064,4996
doi_10.1093_bioinformatics_btr165,28
doi_10.1093_bioinformatics_btr167,5972
doi_10.1093_bioinformatics_btr228,71
doi_10.1093_bioinformatics_btr239,30
doi_10.1093_bioinformatics_btr261,1130
doi_10.1093_bioinformatics_btr274,100
doi_10.1093_bioinformatics_btr345,107
doi_10.1093_bioinformatics_btr394,80
doi_10.1093_bioinformatics_btr397,8
doi_10.1093_bioinformatics_btr457,86
doi_10.1093_bioinformatics_btr492,19
doi_10.1093_bioinformatics_btr605,93
doi_10.1093_bioinformatics_btr625,193
doi_10.1093_bioinformatics_btr646,55
doi_10.1093_bioinformatics_btr660,27
doi_10.1093_bioinformatics_btr668,88
doi_10.1093_bioinformatics_btr700,65
doi_10.1093_bioinformatics_bts122,8
doi_10.1093_bioinformatics_bts132,10
doi_10.1093_bioinformatics_bts199,20987
doi_10.1093_bioinformatics_bts206,30
doi_10.1093_bioinformatics_bts264,85
doi_10.1093_bioinformatics_bts293,25
doi_10.1093_bioinformatics_bts329,19
doi_10.1093_bioinformatics_bts337,69
doi_10.1093_bioinformatics_bts463,36
doi_10.1093_bioinformatics_bts675,14
doi_10.1093_bioinformatics_bts722,37
doi_10.1093_bioinformatics_btt129,27
doi_10.1093_bioinformatics_btt200,16
doi_10.1093_bioinformatics_btt203,36
doi_10.1093_bioinformatics_btt264,4
doi_10.1093_bioinformatics_btt348,19
doi_10.1093_bioinformatics_btt397,31
doi_10.1093_bioinformatics_btt463,6
doi_10.1093_bioinformatics_btt470,69
doi_10.1093_bioinformatics_btt485,13
doi_10.1093_bioinformatics_btt524,58
doi_10.1093_bioinformatics_btt548,47
doi_10.1093_bioinformatics_btt615,44
doi_10.1093_bioinformatics_btt650,348
doi_10.1093_bioinformatics_btt663,87
doi_10.1093_bioinformatics_btt690,25
doi_10.1093_bioinformatics_btt752,38
doi_10.1093_bioinformatics_btt761,34
doi_10.1093_bioinformatics_btt774,32
doi_10.1093_bioinformatics_btu003,32
doi_10.1093_bioinformatics_btu042,14
doi_10.1093_bioinformatics_btu125,5
doi_10.1093_bioinformatics_btu286,8
doi_10.1093_bioinformatics_btu351,34
doi_10.1093_bioinformatics_btu372,137
doi_10.1093_bioinformatics_btu373,84
doi_10.1093_bioinformatics_btu388,2
doi_10.1093_bioinformatics_btu481,16
doi_10.1093_bioinformatics_btu497,20
doi_10.1093_bioinformatics_btu519,108
doi_10.1093_bioinformatics_btu535,9
doi_10.1093_bioinformatics_btu568,81
doi_10.1093_bioinformatics_btu604,33
doi_10.1093_bioinformatics_btu628,97
doi_10.1093_bioinformatics_btu647,166
doi_10.1093_bioinformatics_btu775,431
doi_10.1093_bioinformatics_btu801,60
doi_10.1093_bioinformatics_btv017,21
doi_10.1093_bioinformatics_btv061,82
doi_10.1093_bioinformatics_btv075,11
doi_10.1093_bioinformatics_btv094,57
doi_10.1093_bioinformatics_btv145,4813
doi_10.1093_bioinformatics_btv158,116
doi_10.1093_bioinformatics_btv201,192
doi_10.1093_bioinformatics_btv208,15
doi_10.1093_bioinformatics_btv284,35
doi_10.1093_bioinformatics_btv293,113
doi_10.1093_bioinformatics_btv305,57
doi_10.1093_bioinformatics_btv321,25
doi_10.1093_bioinformatics_btv327,4
doi_10.1093_bioinformatics_btv328,0
doi_10.1093_bioinformatics_btv386,177
doi_10.1093_bioinformatics_btv391,21
doi_10.1093_bioinformatics_btv464,6
doi_10.1093_bioinformatics_btv466,17
doi_10.1093_bioinformatics_btv470,358
doi_10.1093_bioinformatics_btv507,99
doi_10.1093_bioinformatics_btv568,40
doi_10.1093_bioinformatics_btv612,561
doi_10.1093_bioinformatics_btv615,26
doi_10.1093_bioinformatics_btv645,8
doi_10.1093_bioinformatics_btv650,60
doi_10.1093_bioinformatics_btv705,3
doi_10.1093_bioinformatics_btv726,16
doi_10.1093_bioinformatics_btv733,30
doi_10.1093_bioinformatics_btv750,14
doi_10.1093_bioinformatics_btv758,16
doi_10.1093_bioinformatics_btw024,430
doi_10.1093_bioinformatics_btw127,3
doi_10.1093_bioinformatics_btw142,179
doi_10.1093_bioinformatics_btw158,39
doi_10.1093_bioinformatics_btw173,73
doi_10.1093_bioinformatics_btw198,51
doi_10.1093_bioinformatics_btw209,24
doi_10.1093_bioinformatics_btw226,20
doi_10.1093_bioinformatics_btw336,11
doi_10.1093_bioinformatics_btw337,12
doi_10.1093_bioinformatics_btw338,25
doi_10.1093_bioinformatics_btw382,48
doi_10.1093_bioinformatics_btw407,8
doi_10.1093_bioinformatics_btw448,10
doi_10.1093_bioinformatics_btw490,73
doi_10.1093_bioinformatics_btw497,32
doi_10.1093_bioinformatics_btw527,34
doi_10.1093_bioinformatics_btw552,46
doi_10.1093_bioinformatics_btw584,9
doi_10.1093_bioinformatics_btw590,18
doi_10.1093_bioinformatics_btw629,92
doi_10.1093_bioinformatics_btw672,39
doi_10.1093_bioinformatics_btw683,47
doi_10.1093_bioinformatics_btw688,3
doi_10.1093_bioinformatics_btw724,3
doi_10.1093_bioinformatics_btw740,41
doi_10.1093_bioinformatics_btw785,4
doi_10.1093_bioinformatics_btx016,6
doi_10.1093_bioinformatics_btx033,1
doi_10.1093_bioinformatics_btx047,0
doi_10.1093_bioinformatics_btx150,10
doi_10.1093_bioinformatics_btx183,553
doi_10.1093_bioinformatics_btx201,5
doi_10.1093_bioinformatics_btx223,54
doi_10.1093_bioinformatics_btx243,63
doi_10.1093_bioinformatics_btx248,13
doi_10.1093_bioinformatics_btx257,136
doi_10.1093_bioinformatics_btx267,16
doi_10.1093_bioinformatics_btx276,6
doi_10.1093_bioinformatics_btx315,74
doi_10.1093_bioinformatics_btx316,33
doi_10.1093_bioinformatics_btx326,18
doi_10.1093_bioinformatics_btx336,29
doi_10.1093_bioinformatics_btx371,24
doi_10.1093_bioinformatics_btx480,55
doi_10.1093_bioinformatics_btx563,16
doi_10.1093_bioinformatics_btx598,36
doi_10.1093_bioinformatics_btx634,13
doi_10.1093_bioinformatics_btx645,21
doi_10.1093_bioinformatics_btx674,34
doi_10.1093_bioinformatics_btx679,112
doi_10.1093_bioinformatics_btx685,5
doi_10.1093_bioinformatics_btx687,0
doi_10.1093_bioinformatics_btx692,113
doi_10.1093_bioinformatics_btx804,43
doi_10.1093_bioinformatics_btx827,24
doi_10.1093_bioinformatics_btx830,34
doi_10.1093_bioinformatics_bty007,16
doi_10.1093_bioinformatics_bty031,22
doi_10.1093_bioinformatics_bty069,63
doi_10.1093_bioinformatics_bty090,12
doi_10.1093_bioinformatics_bty124,230
doi_10.1093_bioinformatics_bty127,171
doi_10.1093_bioinformatics_bty137,39
doi_10.1093_bioinformatics_bty141,61
doi_10.1093_bioinformatics_bty142,21
doi_10.1093_bioinformatics_bty150,11
doi_10.1093_bioinformatics_bty167,23
doi_10.1093_bioinformatics_bty174,41
doi_10.1093_bioinformatics_bty194,153
doi_10.1093_bioinformatics_bty227,8
doi_10.1093_bioinformatics_bty383,30
doi_10.1093_bioinformatics_bty396,16
doi_10.1093_bioinformatics_bty437,11
doi_10.1093_bioinformatics_bty529,24
doi_10.1093_bioinformatics_bty655,9
doi_10.1093_bioinformatics_bty665,14
doi_10.1093_bioinformatics_bty690,75
doi_10.1093_bioinformatics_bty717,15
doi_10.1093_bioinformatics_bty728,9
doi_10.1093_bioinformatics_bty856,45
doi_10.1093_bioinformatics_bty872,18
doi_10.1093_bioinformatics_bty992,15
doi_10.1093_bioinformatics_btz048,96
doi_10.1093_bioinformatics_btz096,65
doi_10.1093_bioinformatics_btz125,27
doi_10.1093_bioinformatics_btz150,8
doi_10.1093_bioinformatics_btz165,121
doi_10.1093_bioinformatics_btz198,3
doi_10.1093_bioinformatics_btz229,54
doi_10.1093_bioinformatics_btz232,194
doi_10.1093_bioinformatics_btz251,86
doi_10.1093_bioinformatics_btz290,35
doi_10.1093_bioinformatics_btz314,59
doi_10.1093_bioinformatics_btz426,6
doi_10.1093_bioinformatics_btz480,19
doi_10.1093_bioinformatics_btz534,20
doi_10.1093_bioinformatics_btz573,56
doi_10.1093_bioinformatics_btz591,12
doi_10.1093_bioinformatics_btz608,7
doi_10.1093_bioinformatics_btz610,8
doi_10.1093_bioinformatics_btz612,71
doi_10.1093_bioinformatics_btz641,43
doi_10.1093_bioinformatics_btz702,1
doi_10.1093_bioinformatics_btz703,13
doi_10.1093_bioinformatics_btz843,8
doi_10.1093_bioinformatics_btz855,3
doi_10.1093_bioinformatics_btz906,5
doi_10.1093_bioinformatics_btz950,31
doi_10.1093_biostatistics_kxr029,19
doi_10.1093_biostatistics_kxt053,69
doi_10.1093_biostatistics_kxx060,12
doi_10.1093_biostatistics_kxy007,198
doi_10.1093_biostatistics_kxy084,4
doi_10.1093_database_baaa071,3
doi_10.1093_database_baac024,11
doi_10.1093_database_baac083,155
doi_10.1093_database_baad022,8
doi_10.1093_database_baq034,32
doi_10.1093_database_bat027,84
doi_10.1093_database_bav007,5
doi_10.1093_database_bay140,22
doi_10.1093_database_bay141,46
doi_10.1093_database_baz006,89
doi_10.1093_database_baz027,23
doi_10.1093_database_baz141,25
doi_10.1093_dnares_dsl005,35
doi_10.1093_dnares_dsz004,4
doi_10.1093_g3journal_jkab096,11
doi_10.1093_g3journal_jkab254,3
doi_10.1093_g3journal_jkac144,6
doi_10.1093_genetics_iyac088,0
doi_10.1093_genetics_iyae189,9
doi_10.1093_gigascience_giaa113,15
doi_10.1093_gigascience_giab045,11
doi_10.1093_gigascience_giad024,13
doi_10.1093_gigascience_giad026,5
doi_10.1093_gigascience_giad115,14
doi_10.1093_gigascience_giaf020,1
doi_10.1093_gpbjnl_qzae028,2
doi_10.1093_gpbjnl_qzae088,0
doi_10.1093_jhered_esi094,7
doi_10.1093_molbev_msae042,8
doi_10.1093_nar_21.3.555,118
doi_10.1093_nar_24.1.238,1084
doi_10.1093_nar_27.1.295,748
doi_10.1093_nar_27.1.318,312
doi_10.1093_nar_28.1.225,229
doi_10.1093_nar_28.1.316,1269
doi_10.1093_nar_28.4.1000,145
doi_10.1093_nar_28.8.1808,316
doi_10.1093_nar_29.1.281,663
doi_10.1093_nar_29.3.774,255
doi_10.1093_nar_30.1.325,8504
doi_10.1093_nar_gkaa069,29
doi_10.1093_nar_gkaa1014,54
doi_10.1093_nar_gkaa1017,71
doi_10.1093_nar_gkaa1042,37
doi_10.1093_nar_gkaa1052,13
doi_10.1093_nar_gkaa1078,47
doi_10.1093_nar_gkaa1138,16
doi_10.1093_nar_gkaa530,102
doi_10.1093_nar_gkaa791,66
doi_10.1093_nar_gkaa806,0
doi_10.1093_nar_gkaa810,135
doi_10.1093_nar_gkaa839,72
doi_10.1093_nar_gkaa872,9
doi_10.1093_nar_gkaa894,351
doi_10.1093_nar_gkaa922,45
doi_10.1093_nar_gkaa940,73
doi_10.1093_nar_gkaa943,76
doi_10.1093_nar_gkaa995,134
doi_10.1093_nar_gkab102,19
doi_10.1093_nar_gkab1113,2171
doi_10.1093_nar_gkab1128,134
doi_10.1093_nar_gkab337,30
doi_10.1093_nar_gkab347,19
doi_10.1093_nar_gkab383,62
doi_10.1093_nar_gkab400,21
doi_10.1093_nar_gkab429,29
doi_10.1093_nar_gkab435,31
doi_10.1093_nar_gkab629,11
doi_10.1093_nar_gkab709,10
doi_10.1093_nar_gkab778,122
doi_10.1093_nar_gkab832,44
doi_10.1093_nar_gkab833,0
doi_10.1093_nar_gkab853,75
doi_10.1093_nar_gkab996,505
doi_10.1093_nar_gkac036,2
doi_10.1093_nar_gkac1066,46
doi_10.1093_nar_gkac1067,64
doi_10.1093_nar_gkac1157,25
doi_10.1093_nar_gkac1198,14
doi_10.1093_nar_gkac130,31
doi_10.1093_nar_gkac162,47
doi_10.1093_nar_gkac199,403
doi_10.1093_nar_gkac238,169
doi_10.1093_nar_gkac240,2529
doi_10.1093_nar_gkac262,31
doi_10.1093_nar_gkac318,15
doi_10.1093_nar_gkac326,53
doi_10.1093_nar_gkac377,16
doi_10.1093_nar_gkac393,55
doi_10.1093_nar_gkac397,9
doi_10.1093_nar_gkac452,42
doi_10.1093_nar_gkac475,27
doi_10.1093_nar_gkac537,27
doi_10.1093_nar_gkac708,38
doi_10.1093_nar_gkac732,13
doi_10.1093_nar_gkac795,8
doi_10.1093_nar_gkac824,95
doi_10.1093_nar_gkac849,10
doi_10.1093_nar_gkac859,34
doi_10.1093_nar_gkac881,10
doi_10.1093_nar_gkac889,53
doi_10.1093_nar_gkac936,39
doi_10.1093_nar_gkac962,70
doi_10.1093_nar_gkac968,123
doi_10.1093_nar_gkad1048,7
doi_10.1093_nar_gkad1060,34
doi_10.1093_nar_gkad1240,7
doi_10.1093_nar_gkad229,11
doi_10.1093_nar_gkad345,4
doi_10.1093_nar_gkad355,7
doi_10.1093_nar_gkad379,11
doi_10.1093_nar_gkad408,102
doi_10.1093_nar_gkad570,11
doi_10.1093_nar_gkad672,40
doi_10.1093_nar_gkad851,11
doi_10.1093_nar_gkad885,24
doi_10.1093_nar_gkad895,7
doi_10.1093_nar_gkad901,6
doi_10.1093_nar_gkad925,38
doi_10.1093_nar_gkad954,4
doi_10.1093_nar_gkad963,15
doi_10.1093_nar_gkae957,41
doi_10.1093_nar_gkaf1112,1
doi_10.1093_nar_gkaf1216,4
doi_10.1093_nar_gkaf1377,0
doi_10.1093_nar_gkaf940,0
doi_10.1093_nar_gkag072,1
doi_10.1093_nar_gkag384,0
doi_10.1093_nar_gkag454,0
doi_10.1093_nar_gkag485,0
doi_10.1093_nar_gkf338,35
doi_10.1093_nar_gkf464,31
doi_10.1093_nar_gkg108,2025
doi_10.1093_nar_gkg112,30
doi_10.1093_nar_gkg268,196
doi_10.1093_nar_gkg508,248
doi_10.1093_nar_gkg511,19
doi_10.1093_nar_gkg525,139
doi_10.1093_nar_gkg534,11
doi_10.1093_nar_gkg540,341
doi_10.1093_nar_gkg544,85
doi_10.1093_nar_gkg545,610
doi_10.1093_nar_gkg546,40
doi_10.1093_nar_gkg547,13
doi_10.1093_nar_gkg549,85
doi_10.1093_nar_gkg562,43
doi_10.1093_nar_gkg567,550
doi_10.1093_nar_gkg568,40
doi_10.1093_nar_gkg579,237
doi_10.1093_nar_gkg585,1122
doi_10.1093_nar_gkg593,19
doi_10.1093_nar_gkg605,1058
doi_10.1093_nar_gkg606,170
doi_10.1093_nar_gkg608,317
doi_10.1093_nar_gkg611,34
doi_10.1093_nar_gkg615,52
doi_10.1093_nar_gkg618,259
doi_10.1093_nar_gkg621,4
doi_10.1093_nar_gkg624,355
doi_10.1093_nar_gkg630,60
doi_10.1093_nar_gkh012,1841
doi_10.1093_nar_gkh017,128
doi_10.1093_nar_gkh353,63
doi_10.1093_nar_gkh364,49
doi_10.1093_nar_gkh367,12
doi_10.1093_nar_gkh377,1467
doi_10.1093_nar_gkh383,415
doi_10.1093_nar_gkh385,59
doi_10.1093_nar_gkh396,13
doi_10.1093_nar_gkh402,33
doi_10.1093_nar_gkh409,219
doi_10.1093_nar_gkh420,3
doi_10.1093_nar_gkh426,50
doi_10.1093_nar_gkh433,23
doi_10.1093_nar_gkh461,38
doi_10.1093_nar_gkh463,56
doi_10.1093_nar_gkh465,501
doi_10.1093_nar_gkh474,54
doi_10.1093_nar_gkh768,160
doi_10.1093_nar_gki049,21
doi_10.1093_nar_gki103,111
doi_10.1093_nar_gki110,57
doi_10.1093_nar_gki354,161
doi_10.1093_nar_gki364,265
doi_10.1093_nar_gki366,2425
doi_10.1093_nar_gki378,104
doi_10.1093_nar_gki395,49
doi_10.1093_nar_gki413,6
doi_10.1093_nar_gki417,52
doi_10.1093_nar_gki420,28
doi_10.1093_nar_gki426,16
doi_10.1093_nar_gki441,204
doi_10.1093_nar_gki446,25
doi_10.1093_nar_gki459,21
doi_10.1093_nar_gki466,23
doi_10.1093_nar_gki467,21
doi_10.1093_nar_gki472,116
doi_10.1093_nar_gki486,15
doi_10.1093_nar_gki492,51
doi_10.1093_nar_gki493,14
doi_10.1093_nar_gki590,54
doi_10.1093_nar_gki624,379
doi_10.1093_nar_gkj075,109
doi_10.1093_nar_gkj115,231
doi_10.1093_nar_gkj116,74
doi_10.1093_nar_gkj143,2241
doi_10.1093_nar_gkl041,9
doi_10.1093_nar_gkl1006,52
doi_10.1093_nar_gkl1011,26
doi_10.1093_nar_gkl104,42
doi_10.1093_nar_gkl123,26
doi_10.1093_nar_gkl202,5
doi_10.1093_nar_gkl212,16
doi_10.1093_nar_gkl213,22
doi_10.1093_nar_gkl250,45
doi_10.1093_nar_gkl279,0
doi_10.1093_nar_gkl285,77
doi_10.1093_nar_gkl296,11
doi_10.1093_nar_gkl308,90
doi_10.1093_nar_gkl322,210
doi_10.1093_nar_gkl822,6
doi_10.1093_nar_gkl839,13
doi_10.1093_nar_gkl904,303
doi_10.1093_nar_gkl994,55
doi_10.1093_nar_gkm265,65
doi_10.1093_nar_gkm272,491
doi_10.1093_nar_gkm294,189
doi_10.1093_nar_gkm301,23
doi_10.1093_nar_gkm308,24
doi_10.1093_nar_gkm310,105
doi_10.1093_nar_gkm327,95
doi_10.1093_nar_gkm360,1924
doi_10.1093_nar_gkm362,42
doi_10.1093_nar_gkm376,51
doi_10.1093_nar_gkm379,27
doi_10.1093_nar_gkm380,84
doi_10.1093_nar_gkm427,163
doi_10.1093_nar_gkm876,101
doi_10.1093_nar_gkm955,692
doi_10.1093_nar_gkm964,300
doi_10.1093_nar_gkm967,241
doi_10.1093_nar_gkn1064,41
doi_10.1093_nar_gkn217,16
doi_10.1093_nar_gkn264,125
doi_10.1093_nar_gkn294,631
doi_10.1093_nar_gkn300,130
doi_10.1093_nar_gkn304,278
doi_10.1093_nar_gkn337,152
doi_10.1093_nar_gkn407,43
doi_10.1093_nar_gkn488,539
doi_10.1093_nar_gkn709,55
doi_10.1093_nar_gkn732,270
doi_10.1093_nar_gkp084,22
doi_10.1093_nar_gkp1016,239
doi_10.1093_nar_gkp1017,65
doi_10.1093_nar_gkp281,232
doi_10.1093_nar_gkp313,50
doi_10.1093_nar_gkp335,11588
doi_10.1093_nar_gkp354,47
doi_10.1093_nar_gkp381,73
doi_10.1093_nar_gkp388,18
doi_10.1093_nar_gkp439,3
doi_10.1093_nar_gkp464,424
doi_10.1093_nar_gkp734,12
doi_10.1093_nar_gkp803,411
doi_10.1093_nar_gkp805,783
doi_10.1093_nar_gkp831,67
doi_10.1093_nar_gkp888,136
doi_10.1093_nar_gkp894,180
doi_10.1093_nar_gkp910,82
doi_10.1093_nar_gkp911,142
doi_10.1093_nar_gkp945,58
doi_10.1093_nar_gkp950,587
doi_10.1093_nar_gkp957,41
doi_10.1093_nar_gkp961,353
doi_10.1093_nar_gkp968,93
doi_10.1093_nar_gkq1017,178
doi_10.1093_nar_gkq1039,1161
doi_10.1093_nar_gkq1086,40
doi_10.1093_nar_gkq1110,361
doi_10.1093_nar_gkq1112,54
doi_10.1093_nar_gkq1120,341
doi_10.1093_nar_gkq1138,587
doi_10.1093_nar_gkq1141,341
doi_10.1093_nar_gkq1143,512
doi_10.1093_nar_gkq1146,66
doi_10.1093_nar_gkq1147,93
doi_10.1093_nar_gkq1170,101
doi_10.1093_nar_gkq217,72
doi_10.1093_nar_gkq330,9
doi_10.1093_nar_gkq371,113
doi_10.1093_nar_gkq418,396
doi_10.1093_nar_gkq423,1
doi_10.1093_nar_gkq438,36
doi_10.1093_nar_gkq444,106
doi_10.1093_nar_gkq473,31
doi_10.1093_nar_gkq479,86
doi_10.1093_nar_gkq482,70
doi_10.1093_nar_gkq496,30
doi_10.1093_nar_gkq716,31
doi_10.1093_nar_gkq849,45
doi_10.1093_nar_gkq851,40
doi_10.1093_nar_gkq858,243
doi_10.1093_nar_gkq942,55
doi_10.1093_nar_gkq945,70
doi_10.1093_nar_gkq964,192
doi_10.1093_nar_gkq999,190
doi_10.1093_nar_gkr1005,182
doi_10.1093_nar_gkr1050,33
doi_10.1093_nar_gkr1064,449
doi_10.1093_nar_gkr1080,127
doi_10.1093_nar_gkr1130,55
doi_10.1093_nar_gkr1180,87
doi_10.1093_nar_gkr1193,66
doi_10.1093_nar_gkr1205,8
doi_10.1093_nar_gkr276,114
doi_10.1093_nar_gkr291,11
doi_10.1093_nar_gkr332,58
doi_10.1093_nar_gkr355,61
doi_10.1093_nar_gkr359,82
doi_10.1093_nar_gkr365,71
doi_10.1093_nar_gkr374,26
doi_10.1093_nar_gkr377,231
doi_10.1093_nar_gkr387,56
doi_10.1093_nar_gkr425,175
doi_10.1093_nar_gkr823,116
doi_10.1093_nar_gkr846,238
doi_10.1093_nar_gkr883,67
doi_10.1093_nar_gkr917,2353
doi_10.1093_nar_gkr965,314
doi_10.1093_nar_gks042,5871
doi_10.1093_nar_gks1055,868
doi_10.1093_nar_gks1145,172
doi_10.1093_nar_gks1281,35
doi_10.1093_nar_gks1284,628
doi_10.1093_nar_gks1286,9
doi_10.1093_nar_gks237,40
doi_10.1093_nar_gks364,195
doi_10.1093_nar_gks386,23
doi_10.1093_nar_gks421,16
doi_10.1093_nar_gks433,515
doi_10.1093_nar_gks435,86
doi_10.1093_nar_gks445,74
doi_10.1093_nar_gks460,129
doi_10.1093_nar_gks527,4
doi_10.1093_nar_gks542,100
doi_10.1093_nar_gks543,215
doi_10.1093_nar_gks551,19
doi_10.1093_nar_gks554,623
doi_10.1093_nar_gks562,28
doi_10.1093_nar_gks564,6
doi_10.1093_nar_gks573,10
doi_10.1093_nar_gks602,54
doi_10.1093_nar_gks608,595
doi_10.1093_nar_gks829,61
doi_10.1093_nar_gkt1123,182
doi_10.1093_nar_gkt1186,7
doi_10.1093_nar_gkt1211,568
doi_10.1093_nar_gkt1254,3
doi_10.1093_nar_gkt1288,30
doi_10.1093_nar_gkt142,50
doi_10.1093_nar_gkt288,32
doi_10.1093_nar_gkt300,25
doi_10.1093_nar_gkt448,93
doi_10.1093_nar_gkt456,112
doi_10.1093_nar_gkt460,103
doi_10.1093_nar_gkt518,7
doi_10.1093_nar_gkt519,140
doi_10.1093_nar_gkt532,24
doi_10.1093_nar_gkt599,271
doi_10.1093_nar_gkt627,7
doi_10.1093_nar_gkt831,56
doi_10.1093_nar_gkt850,225
doi_10.1093_nar_gkt913,30
doi_10.1093_nar_gkt997,1037
doi_10.1093_nar_gku1019,512
doi_10.1093_nar_gku1040,109
doi_10.1093_nar_gku1083,27
doi_10.1093_nar_gku1161,1740
doi_10.1093_nar_gku1180,133
doi_10.1093_nar_gku1280,138
doi_10.1093_nar_gku209,12
doi_10.1093_nar_gku315,47
doi_10.1093_nar_gku331,41
doi_10.1093_nar_gku351,132
doi_10.1093_nar_gku365,4248
doi_10.1093_nar_gku366,630
doi_10.1093_nar_gku376,138
doi_10.1093_nar_gku435,0
doi_10.1093_nar_gku456,10
doi_10.1093_nar_gku460,71
doi_10.1093_nar_gku463,172
doi_10.1093_nar_gku471,47
doi_10.1093_nar_gku672,18
doi_10.1093_nar_gkv054,282
doi_10.1093_nar_gkv1035,389
doi_10.1093_nar_gkv1176,1069
doi_10.1093_nar_gkv1243,107
doi_10.1093_nar_gkv1254,61
doi_10.1093_nar_gkv1491,22
doi_10.1093_nar_gkv1518,8
doi_10.1093_nar_gkv362,255
doi_10.1093_nar_gkv418,49
doi_10.1093_nar_gkv607,13
doi_10.1093_nar_gkw1064,227
doi_10.1093_nar_gkw1069,312
doi_10.1093_nar_gkw1193,73
doi_10.1093_nar_gkw211,80
doi_10.1093_nar_gkw226,953
doi_10.1093_nar_gkw251,14
doi_10.1093_nar_gkw343,2343
doi_10.1093_nar_gkw384,5
doi_10.1093_nar_gkw956,22
doi_10.1093_nar_gkx1013,2151
doi_10.1093_nar_gkx1092,284
doi_10.1093_nar_gkx1106,1095
doi_10.1093_nar_gkx1126,1615
doi_10.1093_nar_gkx1188,473
doi_10.1093_nar_gkx278,10
doi_10.1093_nar_gkx311,6
doi_10.1093_nar_gkx323,165
doi_10.1093_nar_gkx376,144
doi_10.1093_nar_gkx735,106
doi_10.1093_nar_gkx799,17
doi_10.1093_nar_gky1025,231
doi_10.1093_nar_gky317,207
doi_10.1093_nar_gky321,5
doi_10.1093_nar_gky406,95
doi_10.1093_nar_gky407,91
doi_10.1093_nar_gky431,40
doi_10.1093_nar_gky458,227
doi_10.1093_nar_gky464,38
doi_10.1093_nar_gkz1001,1934
doi_10.1093_nar_gkz1014,106
doi_10.1093_nar_gkz1046,10
doi_10.1093_nar_gkz1088,33
doi_10.1093_nar_gkz156,14
doi_10.1093_nar_gkz167,153
doi_10.1093_nar_gkz325,6
doi_10.1093_nar_gkz867,57
doi_10.1093_nar_gkz888,153
doi_10.1093_nar_gkz919,131
doi_10.1093_nar_gkz933,65
doi_10.1093_nar_gkz945,143
doi_10.1093_nar_gkz970,43
doi_10.1093_nar_gkz980,334
doi_10.1093_nar_gnf120,30
doi_10.1093_nar_gni005,13
doi_10.1093_nar_gni012,214
doi_10.1093_nar_gnj005,79
doi_10.1093_narcan_zcab012,0
doi_10.1093_narcan_zcac009,56
doi_10.1093_narcan_zcad063,2
doi_10.1093_nargab_lqab040,167
doi_10.1093_nargab_lqac002,9
doi_10.1093_nargab_lqac075,4
doi_10.1093_nargab_lqac095,13
doi_10.1093_nargab_lqad018,8
doi_10.1093_nargab_lqad105,2
doi_10.1093_nargab_lqae018,12
doi_10.1093_nargab_lqae054,7
doi_10.1093_nargab_lqae076,2
doi_10.1093_nargab_lqae118,16
doi_10.1093_nargab_lqae122,0
doi_10.1093_nargab_lqae123,8
doi_10.1093_nargab_lqaf080,0
doi_10.1093_nargab_lqag047,0
doi_10.1093_pcmedi_pbab006,11
doi_10.1093_plcell_koac282,27
doi_10.1093_plphys_kiab389,13
doi_10.1094_MPMI-10-18-0279-TA,7
doi_10.1099_mgen.0.000524,28
doi_10.1101_018788,9
doi_10.1101_027227,0
doi_10.1101_038612,35
doi_10.1101_042903,3
doi_10.1101_065565,11
doi_10.1101_074443,22
doi_10.1101_082263,15
doi_10.1101_082347,3
doi_10.1101_087338,2
doi_10.1101_147496,3
doi_10.1101_190223,0
doi_10.1101_192302,4
doi_10.1101_196394,5
doi_10.1101_2019.12.11.873299,1
doi_10.1101_2019.12.15.876706,1
doi_10.1101_2019.12.17.878454,0
doi_10.1101_2019.12.22.882084,3
doi_10.1101_2020.01.02.891291,3
doi_10.1101_2020.01.07.896894,7
doi_10.1101_2020.01.07.897579,0
doi_10.1101_2020.01.08.898387,1
doi_10.1101_2020.01.08.899633,9
doi_10.1101_2020.01.20.911982,105
doi_10.1101_2020.01.21.913418,2
doi_10.1101_2020.01.28.887430,0
doi_10.1101_2020.01.29.924266,64
doi_10.1101_2020.01.30.925917,0
doi_10.1101_2020.01.31.927996,5
doi_10.1101_2020.02.01.929851,0
doi_10.1101_2020.02.03.931923,51
doi_10.1101_2020.02.03.932517,11
doi_10.1101_2020.02.09.941013,2
doi_10.1101_2020.02.10.942623,3
doi_10.1101_2020.02.12.931469,6
doi_10.1101_2020.02.17.952838,3
doi_10.1101_2020.02.24.963579,13
doi_10.1101_2020.03.02.972471,2
doi_10.1101_2020.03.02.973743,1
doi_10.1101_2020.03.05.978718,0
doi_10.1101_2020.03.08.981910,17
doi_10.1101_2020.03.11.986794,2
doi_10.1101_2020.03.12.989228,0
doi_10.1101_2020.03.22.001537,0
doi_10.1101_2020.03.22.002030,3
doi_10.1101_2020.03.30.015784,4
doi_10.1101_2020.03.30.016287,0
doi_10.1101_2020.04.02.013656,2
doi_10.1101_2020.04.03.023002,6
doi_10.1101_2020.04.03.024935,2
doi_10.1101_2020.04.12.038158,23
doi_10.1101_2020.04.17.047225,3
doi_10.1101_2020.04.21.053975,0
doi_10.1101_2020.04.23.056226,10
doi_10.1101_2020.04.23.058149,9
doi_10.1101_2020.04.23.058719,0
doi_10.1101_2020.04.23.058727,0
doi_10.1101_2020.04.27.060061,1
doi_10.1101_2020.04.28.066498,74
doi_10.1101_2020.04.29.068551,0
doi_10.1101_2020.04.29.069047,0
doi_10.1101_2020.05.04.069914,0
doi_10.1101_2020.05.04.077420,0
doi_10.1101_2020.05.07.083386,3
doi_10.1101_2020.05.13.093674,3
doi_10.1101_2020.05.13.093765,7
doi_10.1101_2020.05.13.093997,1
doi_10.1101_2020.05.16.097865,0
doi_10.1101_2020.05.16.099325,2
doi_10.1101_2020.05.20.089474,0
doi_10.1101_2020.05.23.043448,1
doi_10.1101_2020.05.29.122200,0
doi_10.1101_2020.05.29.124149,0
doi_10.1101_2020.05.30.107094,0
doi_10.1101_2020.05.31.125880,1
doi_10.1101_2020.06.02.129445,0
doi_10.1101_2020.06.02.130468,0
doi_10.1101_2020.06.05.135798,9
doi_10.1101_2020.06.13.149666,0
doi_10.1101_2020.06.13.150201,4
doi_10.1101_2020.06.15.151837,1
doi_10.1101_2020.06.17.157016,0
doi_10.1101_2020.06.18.160408,4
doi_10.1101_2020.06.23.137091,5
doi_10.1101_2020.06.23.167312,1
doi_10.1101_2020.06.25.171850,6
doi_10.1101_2020.07.01.181776,1
doi_10.1101_2020.07.07.191627,2
doi_10.1101_2020.07.08.193904,8
doi_10.1101_2020.07.09.195289,0
doi_10.1101_2020.07.10.196816,4
doi_10.1101_2020.07.16.206193,0
doi_10.1101_2020.07.20.211391,0
doi_10.1101_2020.07.22.215699,3
doi_10.1101_2020.07.24.220335,2
doi_10.1101_2020.08.03.232959,0
doi_10.1101_2020.08.13.249110,0
doi_10.1101_2020.08.13.250118,1
doi_10.1101_2020.08.14.250720,3
doi_10.1101_2020.08.14.251488,4
doi_10.1101_2020.08.19.258095,1
doi_10.1101_2020.08.21.261024,0
doi_10.1101_2020.08.26.268268,2
doi_10.1101_2020.08.29.273698,2
doi_10.1101_2020.08.29.273722,2
doi_10.1101_2020.09.03.282186,2
doi_10.1101_2020.09.08.281220,0
doi_10.1101_2020.09.08.287920,2
doi_10.1101_2020.09.14.296418,6
doi_10.1101_2020.09.17.301960,2
doi_10.1101_2020.09.19.304956,9
doi_10.1101_2020.09.20.20198226,10
doi_10.1101_2020.09.22.307967,4
doi_10.1101_2020.09.27.315382,2
doi_10.1101_2020.09.28.315838,5
doi_10.1101_2020.09.28.315986,0
doi_10.1101_2020.09.30.319996,0
doi_10.1101_2020.10.06.328039,6
doi_10.1101_2020.10.06.328559,4
doi_10.1101_2020.10.06.328856,0
doi_10.1101_2020.10.17.343020,1
doi_10.1101_2020.10.21.347054,19
doi_10.1101_2020.10.22.351478,0
doi_10.1101_2020.10.26.349076,2
doi_10.1101_2020.10.27.356766,0
doi_10.1101_2020.10.27.358218,0
doi_10.1101_2020.11.06.367409,4
doi_10.1101_2020.11.09.373613,164
doi_10.1101_2020.11.10.375717,1
doi_10.1101_2020.11.12.379941,2
doi_10.1101_2020.11.13.382465,1
doi_10.1101_2020.11.16.369330,3
doi_10.1101_2020.11.16.384479,22
doi_10.1101_2020.11.17.384578,7
doi_10.1101_2020.11.18.388488,2
doi_10.1101_2020.11.19.390773,11
doi_10.1101_2020.11.23.394296,0
doi_10.1101_2020.12.11.422014,25
doi_10.1101_2020.12.17.423327,0
doi_10.1101_2020.12.18.423482,0
doi_10.1101_2020.12.25.424404,2
doi_10.1101_2020.12.30.424887,4
doi_10.1101_2021.01.07.425782,1
doi_10.1101_2021.01.18.426757,5
doi_10.1101_2021.01.18.427134,1
doi_10.1101_2021.01.22.426874,5
doi_10.1101_2021.01.22.427620,36
doi_10.1101_2021.01.22.427681,1
doi_10.1101_2021.01.22.427791,0
doi_10.1101_2021.01.25.428108,16
doi_10.1101_2021.01.27.428477,0
doi_10.1101_2021.01.28.428613,1
doi_10.1101_2021.01.28.428666,1
doi_10.1101_2021.01.28.428689,5
doi_10.1101_2021.01.30.428941,3
doi_10.1101_2021.02.02.429064,2
doi_10.1101_2021.02.02.429342,0
doi_10.1101_2021.02.04.429752,1
doi_10.1101_2021.02.11.430806,0
doi_10.1101_2021.02.11.430871,0
doi_10.1101_2021.02.12.430289,4
doi_10.1101_2021.02.17.431338,5
doi_10.1101_2021.02.18.431696,2
doi_10.1101_2021.02.19.431974,0
doi_10.1101_2021.02.22.432257,0
doi_10.1101_2021.02.23.432593,0
doi_10.1101_2021.02.24.432644,3
doi_10.1101_2021.03.01.433444,1
doi_10.1101_2021.03.01.433489,5
doi_10.1101_2021.03.09.434619,1
doi_10.1101_2021.03.22.436484,4
doi_10.1101_2021.03.22.436521,6
doi_10.1101_2021.04.01.438059,2
doi_10.1101_2021.04.03.438329,6
doi_10.1101_2021.04.05.438449,2
doi_10.1101_2021.04.09.439207,1
doi_10.1101_2021.04.10.439287,6
doi_10.1101_2021.04.15.439923,11
doi_10.1101_2021.04.15.439962,34
doi_10.1101_2021.04.16.440230,4
doi_10.1101_2021.04.17.440295,0
doi_10.1101_2021.04.18.440382,0
doi_10.1101_2021.04.23.441089,0
doi_10.1101_2021.04.27.441621,1
doi_10.1101_2021.04.27.441657,9
doi_10.1101_2021.04.27.441658,1
doi_10.1101_2021.04.28.441830,4
doi_10.1101_2021.05.03.442347,2
doi_10.1101_2021.05.04.442575,0
doi_10.1101_2021.05.06.442969,1
doi_10.1101_2021.05.06.443021,1
doi_10.1101_2021.05.14.444093,2
doi_10.1101_2021.05.16.444378,0
doi_10.1101_2021.05.25.445606,1
doi_10.1101_2021.05.28.446236,0
doi_10.1101_2021.05.29.446316,0
doi_10.1101_2021.06.07.447370,1
doi_10.1101_2021.06.08.447547,0
doi_10.1101_2021.06.10.447906,8
doi_10.1101_2021.06.18.448997,8
doi_10.1101_2021.06.21.449316,2
doi_10.1101_2021.06.28.450135,2
doi_10.1101_2021.06.29.450448,1
doi_10.1101_2021.07.08.451697,1
doi_10.1101_2021.07.13.452214,2
doi_10.1101_2021.07.14.452385,4
doi_10.1101_2021.07.15.452422,1
doi_10.1101_2021.07.16.452700,4
doi_10.1101_2021.07.26.453821,0
doi_10.1101_2021.08.02.454721,0
doi_10.1101_2021.08.11.455962,0
doi_10.1101_2021.08.12.456038,0
doi_10.1101_2021.08.19.456732,2
doi_10.1101_2021.08.19.457008,4
doi_10.1101_2021.09.02.458722,159
doi_10.1101_2021.09.06.459116,3
doi_10.1101_2021.09.14.460134,18
doi_10.1101_2021.10.14.464435,13
doi_10.1101_2021.11.01.466854,1
doi_10.1101_2021.11.05.21265991,0
doi_10.1101_2021.11.22.469628,3
doi_10.1101_2022.01.23.474238,0
doi_10.1101_2022.03.14.484240,1
doi_10.1101_2022.05.19.492700,6
doi_10.1101_2022.06.09.495093,77
doi_10.1101_2022.06.30.498213,3
doi_10.1101_2023.05.14.23289949,2
doi_10.1101_2023.06.07.543805,0
doi_10.1101_2023.11.20.567911,2
doi_10.1101_2024.01.15.575795,2
doi_10.1101_2024.01.26.577518,1
doi_10.1101_2024.02.11.579821,2
doi_10.1101_2024.02.20.581292,1
doi_10.1101_2024.02.27.582237,1
doi_10.1101_2024.03.14.584946,1
doi_10.1101_2024.03.18.585415,1
doi_10.1101_2024.03.28.587275,1
doi_10.1101_2024.04.15.24305828,2
doi_10.1101_2024.04.26.591349,8
doi_10.1101_2024.05.03.592314,0
doi_10.1101_2024.07.27.605424,3
doi_10.1101_2024.08.02.606323,1
doi_10.1101_2024.08.25.609585,2
doi_10.1101_2024.09.18.613778,7
doi_10.1101_2024.12.25.630221,121
doi_10.1101_2025.01.18.25320755,10
doi_10.1101_2025.01.29.635492,0
doi_10.1101_2025.03.31.645756,0
doi_10.1101_2025.05.30.657075,1
doi_10.1101_2025.08.27.672570,0
doi_10.1101_2025.09.05.674505,1
doi_10.1101_2025.09.19.677191,0
doi_10.1101_2025.09.23.678054,1
doi_10.1101_2025.09.25.678548,1
doi_10.1101_2025.10.13.680102,1
doi_10.1101_2025.11.18.689002,0
doi_10.1101_2025.11.21.689793,5
doi_10.1101_226597,4
doi_10.1101_257584,1
doi_10.1101_272559,0
doi_10.1101_303651,7
doi_10.1101_310623,8
doi_10.1101_602474,2
doi_10.1101_622951,16
doi_10.1101_623090,0
doi_10.1101_624486,1
doi_10.1101_627257,2
doi_10.1101_628347,10
doi_10.1101_635029,61
doi_10.1101_638023,0
doi_10.1101_646331,2
doi_10.1101_648097,30
doi_10.1101_651596,1
doi_10.1101_652263,7
doi_10.1101_652420,3
doi_10.1101_654137,2
doi_10.1101_721720,0
doi_10.1101_726182,0
doi_10.1101_730358,0
doi_10.1101_733592,2
doi_10.1101_733683,2
doi_10.1101_735514,1
doi_10.1101_740944,1
doi_10.1101_755249,1
doi_10.1101_757062,59
doi_10.1101_764332,4
doi_10.1101_766386,2
doi_10.1101_779587,0
doi_10.1101_781427,2
doi_10.1101_788968,0
doi_10.1101_798710,1
doi_10.1101_799114,1
doi_10.1101_800383,2
doi_10.1101_803221,2
doi_10.1101_803692,3
doi_10.1101_804625,3
doi_10.1101_807263,0
doi_10.1101_808295,6
doi_10.1101_818385,0
doi_10.1101_819409,2
doi_10.1101_824326,4
doi_10.1101_826107,1
doi_10.1101_829481,10
doi_10.1101_840504,2
doi_10.1101_840959,6
doi_10.1101_843656,15
doi_10.1101_852269,0
doi_10.1101_855379,3
doi_10.1101_864124,0
doi_10.1101_867309,11
doi_10.1101_867903,7
doi_10.1101_868695,2
doi_10.1101_869560,8
doi_10.1101_GR.192294.115,438
doi_10.1101_GR.247049.118,27
doi_10.1101_GR.248658.119,37
doi_10.1101_GR.249789.119,94
doi_10.1101_GR.253492.119,192
doi_10.1101_GR.257832.119,127
doi_10.1101_GR.260844.120,134
doi_10.1101_GR.260877.120,12
doi_10.1101_GR.275784.121,37
doi_10.1101_gr.10.4.577,1197
doi_10.1101_gr.112623.110,588
doi_10.1101_gr.1327604,154
doi_10.1101_gr.136184.111,2245
doi_10.1101_gr.137323.112,2878
doi_10.1101_gr.139881.112,69
doi_10.1101_gr.1642804,98
doi_10.1101_gr.169508.113,365
doi_10.1101_gr.185272.114,512
doi_10.1101_gr.189894.115,31
doi_10.1101_gr.196394.115,572
doi_10.1101_gr.200535.115,1185
doi_10.1101_gr.201574.115,95
doi_10.1101_gr.216102,302
doi_10.1101_gr.220673.117,49
doi_10.1101_gr.227819.117,596
doi_10.1101_gr.237156.118,86
doi_10.1101_gr.240986.118,24
doi_10.1101_gr.247072.118,132
doi_10.1101_gr.255002,93
doi_10.1101_gr.258228.119,26
doi_10.1101_gr.2589004,107
doi_10.1101_gr.266171.120,14
doi_10.1101_gr.275870.121,69
doi_10.1101_gr.277015.122,3
doi_10.1101_gr.278598.123,2
doi_10.1101_gr.4303406,74
doi_10.1101_gr.849004,13113
doi_10.1101_gr.9.10.960,90
doi_10.1104_pp.109.136028,232
doi_10.1105_tpc.112.103010,76
doi_10.1107_s0907444904030768,3
doi_10.1109_BIBM47256.2019.8983196,2
doi_10.1109_JBHI.2021.3058518,8
doi_10.1109_JBHI.2021.3117616,16
doi_10.1109_JBHI.2022.3199243,8
doi_10.1109_TCBB.2006.16,57
doi_10.1109_TCBB.2019.2935971,26
doi_10.1109_TCBB.2019.2946826,3
doi_10.1109_TCBB.2020.2968442,10
doi_10.1109_TCBB.2020.3026787,5
doi_10.1109_TCBB.2020.3029846,7
doi_10.1109_TCBB.2021.3053608,21
doi_10.1109_TCBB.2022.3142019,17
doi_10.1109_TCBB.2023.3285395,2
doi_10.1109_cec.2014.6900542,1
doi_10.1109_embc.2017.8037423,0
doi_10.1109_iccabs.2012.6182627,27
doi_10.1109_jbhi.2022.3193224,7
doi_10.1109_jbhi.2023.3292299,52
doi_10.1109_jbhi.2024.3355758,11
doi_10.1109_jbhi.2025.3591840,3
doi_10.1109_jbhi.2025.3609408,3
doi_10.1109_jbhi.2025.3620986,8
doi_10.1109_jbhi.2026.3725058,0
doi_10.1109_tbme.2011.2164794,25
doi_10.1109_tcbb.2009.35,37
doi_10.1109_tcbb.2012.109,17
doi_10.1109_tcbb.2014.2306830,18
doi_10.1109_tcbb.2014.2359444,2
doi_10.1109_tcbb.2015.2450728,3
doi_10.1109_tcbb.2015.2453948,6
doi_10.1109_tcbb.2015.2465893,70
doi_10.1109_tcbb.2018.2816032,23
doi_10.1109_tcbb.2018.2869590,9
doi_10.1109_tcbb.2019.2896155,7
doi_10.1109_tcbb.2020.2998954,41
doi_10.1109_tcbb.2021.3109488,16
doi_10.1109_tcbb.2022.3204365,17
doi_10.1109_tcbb.2023.3282212,16
doi_10.1109_tcbb.2023.3345317,11
doi_10.1109_tcbb.2024.3424400,5
doi_10.1109_tcbbio.2025.3570817,1
doi_10.1109_tnb.2014.2327586,4
doi_10.1109_tnb.2016.2625823,5
doi_10.1111_1755-0998.12535,2
doi_10.1111_TPJ.14526,104
doi_10.1111_TPJ.14558,25
doi_10.1111_TPJ.70603,1
doi_10.1111_biom.12422,3
doi_10.1111_biom.12965,16
doi_10.1111_biom.13307,17
doi_10.1111_biom.13477,1
doi_10.1111_cgf.12096,14
doi_10.1111_imr.12666,190
doi_10.1111_j.1541-0420.2007.00899.x,39
doi_10.1111_j.1541-0420.2009.01379.x,13
doi_10.1111_j.1541-0420.2010.01441.x,71
doi_10.1111_j.1541-0420.2011.01654.x,144
doi_10.1111_tpj.15873,26
doi_10.1126_SCIADV.AAY2078,51
doi_10.1126_SCIADV.ABG6045,3
doi_10.1126_sciadv.adw3027,1
doi_10.1126_sciadv.aeb3376,0
doi_10.1126_science.1072104,1626
doi_10.1126_science.8211139,1826
doi_10.1128_MRA.00160-21,1
doi_10.1128_spectrum.03871-22,4
doi_10.1140_epje_i2007-10314-1,146
doi_10.1142_9789813279827_0017,0
doi_10.1142_9789814447973_0032,30
doi_10.1142_s0219720005001508,26
doi_10.1142_s0219720013400064,1
doi_10.1142_s0219720014420050,1
doi_10.1142_s0219720017400121,5
doi_10.1142_s0219720018400048,10
doi_10.1142_s0219720018400280,1
doi_10.1142_s0219720019500185,9
doi_10.1142_s0219720019500355,0
doi_10.1142_s0219720021500025,14
doi_10.1145_3219104.3219141,6
doi_10.1145_3233547.3233551,6
doi_10.1155_2013_398968,21
doi_10.1155_2014_261362,2
doi_10.1155_2014_317642,47
doi_10.1155_2016_4986707,8
doi_10.1155_2017_5346793,0
doi_10.1155_2020_4737969,34
doi_10.1177_1176934320916199,2
doi_10.1186_1471-2105-10-224,15
doi_10.1186_1471-2105-10-345,19
doi_10.1186_1471-2105-10-57,48
doi_10.1186_1471-2105-10-s1-s30,14
doi_10.1186_1471-2105-11-154,265
doi_10.1186_1471-2105-11-165,763
doi_10.1186_1471-2105-11-203,255
doi_10.1186_1471-2105-11-237,1291
doi_10.1186_1471-2105-11-346,164
doi_10.1186_1471-2105-11-369,103
doi_10.1186_1471-2105-11-572,54
doi_10.1186_1471-2105-11-s11-s8,21
doi_10.1186_1471-2105-12-139,168
doi_10.1186_1471-2105-12-238,11
doi_10.1186_1471-2105-12-249,2
doi_10.1186_1471-2105-12-39,24
doi_10.1186_1471-2105-12-415,25
doi_10.1186_1471-2105-13-124,9
doi_10.1186_1471-2105-13-176,9
doi_10.1186_1471-2105-13-291,27
doi_10.1186_1471-2105-14-188,16
doi_10.1186_1471-2105-14-259,24
doi_10.1186_1471-2105-14-321,148
doi_10.1186_1471-2105-14-78,9
doi_10.1186_1471-2105-14-9,31
doi_10.1186_1471-2105-15-11,36
doi_10.1186_1471-2105-15-144,75
doi_10.1186_1471-2105-15-280,84
doi_10.1186_1471-2105-15-48,6
doi_10.1186_1471-2105-15-s9-s1,19
doi_10.1186_1471-2105-16-s13-s10,57
doi_10.1186_1471-2105-5-27,36
doi_10.1186_1471-2105-6-130,9
doi_10.1186_1471-2105-6-162,58
doi_10.1186_1471-2105-6-79,198
doi_10.1186_1471-2105-7-254,23
doi_10.1186_1471-2105-7-486,35
doi_10.1186_1471-2105-7-55,65
doi_10.1186_1471-2105-7-S1-S7,2489
doi_10.1186_1471-2105-8-100,6
doi_10.1186_1471-2105-8-221,166
doi_10.1186_1471-2105-8-249,54
doi_10.1186_1471-2105-8-418,14
doi_10.1186_1471-2105-8-46,44
doi_10.1186_1471-2105-9-371,253
doi_10.1186_1471-2105-9-372,7
doi_10.1186_1471-2105-9-455,7
doi_10.1186_1471-2105-9-495,35
doi_10.1186_1471-2105-9-523,228
doi_10.1186_1471-2105-9-527,11
doi_10.1186_1471-2105-9-535,8
doi_10.1186_1471-2148-9-217,29
doi_10.1186_1471-2148-9-286,32
doi_10.1186_1471-2164-11-s2-s1,37
doi_10.1186_1471-2164-11-s2-s8,6
doi_10.1186_1471-2164-13-572,42
doi_10.1186_1471-2164-13-681,24
doi_10.1186_1471-2164-13-s1-s3,80
doi_10.1186_1471-2164-13-s8-s18,12
doi_10.1186_1471-2164-14-269,59
doi_10.1186_1471-2164-14-349,4
doi_10.1186_1471-2164-14-494,6
doi_10.1186_1471-2164-14-826,35
doi_10.1186_1471-2164-14-s8-s3,55
doi_10.1186_1471-2164-15-27,5
doi_10.1186_1471-2164-15-290,12
doi_10.1186_1471-2164-15-925,25
doi_10.1186_1471-2164-8-374,33
doi_10.1186_1471-2164-9-537,142
doi_10.1186_1471-2229-13-42,22
doi_10.1186_1741-7007-8-49,138
doi_10.1186_1742-4682-7-18,19
doi_10.1186_1746-4811-7-11,66
doi_10.1186_1748-7188-2-1,38
doi_10.1186_1748-7188-6-13,6
doi_10.1186_1748-7188-8-16,3
doi_10.1186_1752-0509-1-2,550
doi_10.1186_1752-0509-5-s2-s3,7
doi_10.1186_1752-0509-7-135,177
doi_10.1186_1752-0509-7-S2-S7,13
doi_10.1186_1752-0509-7-s2-s14,17
doi_10.1186_1752-0509-8-s4-s8,14
doi_10.1186_1756-0381-3-4,11
doi_10.1186_1756-0500-7-676,2
doi_10.1186_1758-907x-4-2,43
doi_10.1186_S12859-015-0568-2,150
doi_10.1186_S12859-016-1274-4,145
doi_10.1186_S12859-017-1698-5,6
doi_10.1186_S12859-019-2596-9,14
doi_10.1186_S12859-019-3009-9,8
doi_10.1186_S12859-019-3042-8,6
doi_10.1186_S12859-019-3049-1,2
doi_10.1186_S12859-019-3090-0,3
doi_10.1186_S12859-019-3100-2,7
doi_10.1186_S12859-019-3180-Z,27
doi_10.1186_S12859-019-3237-Z,6
doi_10.1186_S12859-019-3323-2,5
doi_10.1186_S12859-020-03551-0,44
doi_10.1186_S12859-020-03561-Y,7
doi_10.1186_S12859-020-03627-X,12
doi_10.1186_S12859-020-03631-1,21
doi_10.1186_S12859-020-03639-7,11
doi_10.1186_S12859-020-03651-X,12
doi_10.1186_S12859-020-03652-W,68
doi_10.1186_S12859-020-03730-Z,80
doi_10.1186_S12859-020-03739-4,10
doi_10.1186_S12859-020-03798-7,14
doi_10.1186_S12859-020-03864-0,46
doi_10.1186_S12859-020-03901-Y,1
doi_10.1186_S12859-020-03952-1,86
doi_10.1186_S12859-020-3347-7,8
doi_10.1186_S12859-020-3348-6,8
doi_10.1186_S12859-020-3385-1,14
doi_10.1186_S12859-020-3408-Y,37
doi_10.1186_S12859-020-3476-Z,0
doi_10.1186_S12859-020-3536-4,2
doi_10.1186_S12859-021-03986-Z,13
doi_10.1186_S12859-021-04055-1,16
doi_10.1186_S12859-021-04074-Y,0
doi_10.1186_S12859-021-04108-5,1
doi_10.1186_S12859-021-04143-2,1
doi_10.1186_S12859-021-04191-8,2
doi_10.1186_S12859-021-04217-1,1
doi_10.1186_S12859-021-04221-5,9
doi_10.1186_S12859-021-04239-9,3
doi_10.1186_S12859-021-04281-7,5
doi_10.1186_S12859-021-04320-3,23
doi_10.1186_S12859-021-04355-6,5
doi_10.1186_S12859-021-04357-4,8
doi_10.1186_S12859-021-04405-Z,24
doi_10.1186_S12859-021-04541-6,0
doi_10.1186_S12859-021-04554-1,17
doi_10.1186_S12859-022-04615-Z,7
doi_10.1186_S12859-022-04639-5,12
doi_10.1186_S12859-023-05223-1,15
doi_10.1186_S12859-023-05613-5,0
doi_10.1186_S12859-024-05819-1,2
doi_10.1186_S12859-025-06160-X,1
doi_10.1186_S12859-025-06182-5,0
doi_10.1186_S12859-025-06268-0,2
doi_10.1186_S12864-016-2963-0,3
doi_10.1186_S12864-016-2964-Z,52
doi_10.1186_S12864-019-6051-0,18
doi_10.1186_S12864-019-6121-3,37
doi_10.1186_S12864-019-6298-5,12
doi_10.1186_S12864-019-6303-Z,21
doi_10.1186_S12864-019-6335-4,38
doi_10.1186_S12864-019-6336-3,0
doi_10.1186_S12864-019-6404-8,2
doi_10.1186_S12864-020-07165-X,11
doi_10.1186_S12864-020-07220-7,4
doi_10.1186_S12864-020-07357-5,4
doi_10.1186_S12864-020-6722-X,48
doi_10.1186_S12864-020-6771-1,1
doi_10.1186_S12864-021-07373-Z,6
doi_10.1186_S12864-021-07659-2,74
doi_10.1186_S12864-022-08366-2,12
doi_10.1186_S12864-022-08467-Y,30
doi_10.1186_S12864-025-11775-8,1
doi_10.1186_S12864-025-11849-7,3
doi_10.1186_S12864-025-12075-X,1
doi_10.1186_S12870-019-2097-Z,49
doi_10.1186_S12918-015-0238-Z,64
doi_10.1186_S12936-021-03848-2,0
doi_10.1186_S12967-024-05123-9,6
doi_10.1186_S13040-021-00273-8,18
doi_10.1186_S13059-018-1546-6,23
doi_10.1186_S13059-018-1589-8,47
doi_10.1186_S13059-019-1787-Z,119
doi_10.1186_S13059-019-1802-4,141
doi_10.1186_S13059-019-1845-6,0
doi_10.1186_S13059-019-1853-6,45
doi_10.1186_S13059-019-1854-5,409
doi_10.1186_S13059-019-1860-7,38
doi_10.1186_S13059-019-1880-3,30
doi_10.1186_S13059-019-1893-Y,96
doi_10.1186_S13059-019-1913-Y,33
doi_10.1186_S13059-020-02061-9,20
doi_10.1186_S13059-020-02072-6,17
doi_10.1186_S13059-020-02116-X,219
doi_10.1186_S13059-020-02125-W,0
doi_10.1186_S13059-020-02126-9,120
doi_10.1186_S13059-020-02194-X,71
doi_10.1186_S13059-020-02220-Y,12
doi_10.1186_S13059-020-1932-8,208
doi_10.1186_S13059-020-1934-6,0
doi_10.1186_S13059-021-02279-1,25
doi_10.1186_S13059-021-02378-Z,33
doi_10.1186_S13059-021-02437-5,42
doi_10.1186_S13059-021-02453-5,68
doi_10.1186_S13059-021-02514-9,55
doi_10.1186_S13059-021-02560-3,56
doi_10.1186_S13059-022-02690-2,38
doi_10.1186_S13059-024-03179-W,7
doi_10.1186_S13059-024-03306-7,13
doi_10.1186_S13059-024-03424-2,2
doi_10.1186_S13059-025-03474-0,8
doi_10.1186_S13059-025-03584-9,4
doi_10.1186_S13059-025-03612-8,7
doi_10.1186_S13059-025-03710-7,0
doi_10.1186_S13059-025-03823-Z,4
doi_10.1186_S13072-020-00330-2,19
doi_10.1186_S13072-020-00343-X,72
doi_10.1186_S13073-020-00769-8,17
doi_10.1186_S13073-021-00908-9,51
doi_10.1186_S13100-024-00315-Y,2
doi_10.1186_S13293-024-00638-8,5
doi_10.1186_S40246-019-0219-1,1
doi_10.1186_bcr3664,49
doi_10.1186_gb-2004-5-12-r98,153
doi_10.1186_gb-2006-7-5-r37,95
doi_10.1186_gb-2006-7-s1-s9,73
doi_10.1186_gb-2007-8-2-r22,556
doi_10.1186_gb-2007-8-2-r23,88
doi_10.1186_gb-2008-9-9-r137,20251
doi_10.1186_gb-2009-10-10-r105,26
doi_10.1186_gb-2009-10-12-r142,70
doi_10.1186_gb-2009-10-2-r14,56
doi_10.1186_gb-2009-10-5-r46,5
doi_10.1186_gb-2010-11-2-r13,54
doi_10.1186_gb-2010-11-2-r19,90
doi_10.1186_gb-2011-12-3-r22,1859
doi_10.1186_gb-2011-12-8-r83,799
doi_10.1186_gb-2012-13-10-r82,62
doi_10.1186_gb-2012-13-3-r16,467
doi_10.1186_gb-2014-15-2-r35,35
doi_10.1186_gb-2014-15-2-r38,328
doi_10.1186_s12859-014-0392-0,8
doi_10.1186_s12859-014-0446-3,7
doi_10.1186_s12859-015-0491-6,37
doi_10.1186_s12859-015-0649-2,31
doi_10.1186_s12859-015-0728-4,54
doi_10.1186_s12859-015-0742-6,73
doi_10.1186_s12859-015-0834-3,1
doi_10.1186_s12859-016-0914-z,18
doi_10.1186_s12859-016-0938-4,14
doi_10.1186_s12859-016-1241-0,229
doi_10.1186_s12859-016-1260-x,16
doi_10.1186_s12859-016-1306-0,7
doi_10.1186_s12859-017-1461-y,7
doi_10.1186_s12859-017-1489-z,6
doi_10.1186_s12859-017-1621-0,55
doi_10.1186_s12859-017-1636-6,2
doi_10.1186_s12859-017-1769-7,28
doi_10.1186_s12859-017-1770-1,36
doi_10.1186_s12859-017-1827-1,3
doi_10.1186_s12859-017-1931-2,63
doi_10.1186_s12859-017-1984-2,41
doi_10.1186_s12859-017-2005-1,18
doi_10.1186_s12859-018-2072-y,0
doi_10.1186_s12859-018-2088-3,21
doi_10.1186_s12859-018-2120-7,59
doi_10.1186_s12859-018-2138-x,11
doi_10.1186_s12859-018-2187-1,0
doi_10.1186_s12859-018-2215-1,7
doi_10.1186_s12859-018-2242-y,18
doi_10.1186_s12859-018-2255-6,61
doi_10.1186_s12859-018-2276-1,12
doi_10.1186_s12859-018-2288-x,179
doi_10.1186_s12859-018-2397-6,8
doi_10.1186_s12859-018-2494-6,0
doi_10.1186_s12859-018-2560-0,44
doi_10.1186_s12859-018-2577-4,5
doi_10.1186_s12859-019-2600-4,19
doi_10.1186_s12859-019-2655-2,18
doi_10.1186_s12859-019-2735-3,26
doi_10.1186_s12859-019-2798-1,67
doi_10.1186_s12859-019-2804-7,78
doi_10.1186_s12859-019-3029-5,67
doi_10.1186_s12859-020-03621-3,9
doi_10.1186_s12859-020-03652-w,68
doi_10.1186_s12859-020-03781-2,6
doi_10.1186_s12859-020-03828-4,36
doi_10.1186_s12859-020-03832-8,5
doi_10.1186_s12859-020-03927-2,9
doi_10.1186_s12859-020-3534-6,17
doi_10.1186_s12859-021-03987-y,20
doi_10.1186_s12859-021-04046-2,2
doi_10.1186_s12859-021-04097-5,8
doi_10.1186_s12859-021-04112-9,6
doi_10.1186_s12859-021-04204-6,1
doi_10.1186_s12859-021-04307-0,40
doi_10.1186_s12859-021-04529-2,5
doi_10.1186_s12859-022-04614-0,7
doi_10.1186_s12859-022-04696-w,17
doi_10.1186_s12859-022-04734-7,9
doi_10.1186_s12859-022-04802-y,10
doi_10.1186_s12859-022-04821-9,9
doi_10.1186_s12859-022-04836-2,1
doi_10.1186_s12859-022-04853-1,1
doi_10.1186_s12859-022-04858-w,6
doi_10.1186_s12859-022-04864-y,12
doi_10.1186_s12859-022-04891-9,9
doi_10.1186_s12859-022-04899-1,10
doi_10.1186_s12859-022-04945-y,6
doi_10.1186_s12859-022-04955-w,11
doi_10.1186_s12859-022-05033-x,29
doi_10.1186_s12859-023-05366-1,0
doi_10.1186_s12859-023-05528-1,1
doi_10.1186_s12859-024-05752-3,1
doi_10.1186_s12859-024-05784-9,23
doi_10.1186_s12859-024-05821-7,1
doi_10.1186_s12859-024-05833-3,0
doi_10.1186_s12859-025-06065-9,7
doi_10.1186_s12859-025-06071-x,4
doi_10.1186_s12859-025-06092-6,6
doi_10.1186_s12859-025-06103-6,2
doi_10.1186_s12859-025-06171-8,0
doi_10.1186_s12859-026-06504-1,0
doi_10.1186_s12859-026-06542-9,1
doi_10.1186_s12862-015-0499-6,8
doi_10.1186_s12864-015-2012-4,83
doi_10.1186_s12864-015-2140-x,98
doi_10.1186_s12864-016-2729-8,21
doi_10.1186_s12864-016-3288-8,34
doi_10.1186_s12864-018-4559-3,254
doi_10.1186_s12864-018-4630-0,15
doi_10.1186_s12864-018-4835-2,20
doi_10.1186_s12864-018-4943-z,30
doi_10.1186_s12864-018-5148-1,2
doi_10.1186_s12864-018-5376-4,14
doi_10.1186_s12864-019-5551-2,49
doi_10.1186_s12864-019-6088-0,15
doi_10.1186_s12864-020-07186-6,154
doi_10.1186_s12864-020-07205-6,29
doi_10.1186_s12864-022-08498-5,22
doi_10.1186_s12864-022-08506-8,7
doi_10.1186_s12864-022-08537-1,9
doi_10.1186_s12864-022-08829-6,17
doi_10.1186_s12864-022-09020-7,3
doi_10.1186_s12864-023-09109-7,0
doi_10.1186_s12864-023-09796-2,4
doi_10.1186_s12864-024-10154-z,10
doi_10.1186_s12864-024-10218-0,4
doi_10.1186_s12864-025-11531-y,4
doi_10.1186_s12864-025-11987-y,0
doi_10.1186_s12864-026-12625-x,0
doi_10.1186_s12864-026-12738-3,0
doi_10.1186_s12864-026-12768-x,0
doi_10.1186_s12864-026-13022-0,0
doi_10.1186_s12864-026-13185-w,0
doi_10.1186_s12918-016-0365-1,4
doi_10.1186_s12918-018-0547-0,45
doi_10.1186_s12918-018-0594-6,71
doi_10.1186_s12967-023-04593-7,9
doi_10.1186_s13040-022-00297-8,13
doi_10.1186_s13040-026-00555-z,0
doi_10.1186_s13059-014-0480-5,395
doi_10.1186_s13059-014-0485-0,28
doi_10.1186_s13059-015-0597-1,238
doi_10.1186_s13059-015-0668-3,222
doi_10.1186_s13059-015-0851-6,25
doi_10.1186_s13059-016-0880-9,189
doi_10.1186_s13059-016-0925-0,39
doi_10.1186_s13059-016-0992-2,466
doi_10.1186_s13059-016-1131-9,483
doi_10.1186_s13059-017-1165-7,40
doi_10.1186_s13059-017-1168-4,10
doi_10.1186_s13059-017-1366-0,46
doi_10.1186_s13059-018-1415-3,80
doi_10.1186_s13059-018-1430-4,87
doi_10.1186_s13059-018-1513-2,64
doi_10.1186_s13059-019-1642-2,517
doi_10.1186_s13059-019-1698-z,47
doi_10.1186_s13059-019-1706-3,31
doi_10.1186_s13059-019-1860-7,38
doi_10.1186_s13059-020-02008-0,69
doi_10.1186_s13059-020-02025-z,10
doi_10.1186_s13059-020-02034-y,19
doi_10.1186_s13059-020-02041-z,60
doi_10.1186_s13059-020-02071-7,119
doi_10.1186_s13059-020-02167-0,268
doi_10.1186_s13059-021-02264-8,60
doi_10.1186_s13059-021-02450-8,7
doi_10.1186_s13059-022-02627-9,7
doi_10.1186_s13059-022-02671-5,8
doi_10.1186_s13059-022-02679-x,75
doi_10.1186_s13059-022-02689-9,15
doi_10.1186_s13059-022-02707-w,52
doi_10.1186_s13059-022-02723-w,19
doi_10.1186_s13059-022-02726-7,18
doi_10.1186_s13059-022-02780-1,165
doi_10.1186_s13059-022-02790-z,15
doi_10.1186_s13059-022-02815-7,17
doi_10.1186_s13059-023-02934-9,55
doi_10.1186_s13059-023-02936-7,17
doi_10.1186_s13059-023-02941-w,40
doi_10.1186_s13059-023-02954-5,7
doi_10.1186_s13059-023-03010-y,46
doi_10.1186_s13059-023-03063-z,4
doi_10.1186_s13059-023-03072-y,5
doi_10.1186_s13059-023-03103-8,10
doi_10.1186_s13059-024-03226-6,17
doi_10.1186_s13059-024-03411-7,3
doi_10.1186_s13059-024-03458-6,7
doi_10.1186_s13059-025-03568-9,1
doi_10.1186_s13059-025-03603-9,1
doi_10.1186_s13059-025-03780-7,6
doi_10.1186_s13059-025-03864-4,0
doi_10.1186_s13059-026-03948-9,2
doi_10.1186_s13059-026-04086-y,1
doi_10.1186_s13059-026-04169-w,0
doi_10.1186_s13072-019-0287-4,0
doi_10.1186_s13072-019-0296-3,83
doi_10.1186_s13072-020-00343-x,72
doi_10.1186_s13072-020-00346-8,0
doi_10.1186_s13072-021-00415-6,4
doi_10.1186_s13072-024-00545-7,6
doi_10.1186_s13072-026-00682-1,0
doi_10.1186_s13100-022-00285-z,18
doi_10.1186_s13100-026-00395-y,0
doi_10.1186_s13104-020-05371-0,12
doi_10.1186_s13742-015-0070-9,16
doi_10.1186_s40246-023-00481-9,7
doi_10.1196_annals.1407.020,15
doi_10.1198_016214503388619094,62
doi_10.1198_jasa.2011.ap09706,114
doi_10.1200_CCI.19.00125,14
doi_10.1214_09-AOAS323,4
doi_10.1261_rna.044891.114,62
doi_10.1261_rna.2197306,180
doi_10.12688_F1000RESEARCH.13522.2,10
doi_10.12688_F1000RESEARCH.13535.2,5
doi_10.12688_F1000RESEARCH.16200.2,13
doi_10.12688_F1000RESEARCH.20027.1,2
doi_10.12688_F1000RESEARCH.20415.1,0
doi_10.12688_F1000RESEARCH.26128.1,1
doi_10.12688_F1000RESEARCH.26128.2,1
doi_10.12688_F1000RESEARCH.28142.2,1
doi_10.12688_F1000RESEARCH.51143.1,8
doi_10.12688_F1000RESEARCH.53926.2,8
doi_10.12688_F1000RESEARCH.6157.2,33
doi_10.12688_F1000RESEARCH.9794.1,5
doi_10.12688_WELLCOMEOPENRES.19453.1,15
doi_10.12688_f1000research.10041.1,13
doi_10.12688_f1000research.10742.2,37
doi_10.12688_f1000research.11861.1,8
doi_10.12688_f1000research.12302.1,24
doi_10.12688_f1000research.14880.1,6
doi_10.12688_f1000research.52878.1,12
doi_10.12688_f1000research.7334.1,840
doi_10.12688_f1000research.73600.2,664
doi_10.12688_f1000research.7556.1,4
doi_10.12688_f1000research.8900.2,237
doi_10.12688_f1000research.8987.2,1351
doi_10.12688_wellcomeopenres.10004.1,177
doi_10.1371_JOURNAL.PCBI.1006942,5
doi_10.1371_JOURNAL.PCBI.1007227,10
doi_10.1371_JOURNAL.PCBI.1007273,769
doi_10.1371_JOURNAL.PCBI.1007324,61
doi_10.1371_JOURNAL.PCBI.1007504,3
doi_10.1371_JOURNAL.PCBI.1007644,15
doi_10.1371_JOURNAL.PCBI.1007779,8
doi_10.1371_JOURNAL.PCBI.1007800,64
doi_10.1371_JOURNAL.PCBI.1007940,7
doi_10.1371_JOURNAL.PCBI.1008194,0
doi_10.1371_JOURNAL.PCBI.1008297,12
doi_10.1371_JOURNAL.PCBI.1009048,22
doi_10.1371_JOURNAL.PCBI.1009203,7
doi_10.1371_JOURNAL.PCBI.1009670,14
doi_10.1371_JOURNAL.PCBI.1012389,4
doi_10.1371_JOURNAL.PCBI.1013368,2
doi_10.1371_JOURNAL.PGEN.1007860,5
doi_10.1371_JOURNAL.PONE.0099844,12
doi_10.1371_JOURNAL.PONE.0108065,12
doi_10.1371_JOURNAL.PONE.0148321,4
doi_10.1371_JOURNAL.PONE.0168607,4
doi_10.1371_JOURNAL.PONE.0215495,239
doi_10.1371_JOURNAL.PONE.0220207,5
doi_10.1371_JOURNAL.PONE.0221760,5
doi_10.1371_JOURNAL.PONE.0235748,12
doi_10.1371_JOURNAL.PONE.0295971,3
doi_10.1371_journal.pcbi.0030061,129
doi_10.1371_journal.pcbi.0030216,40
doi_10.1371_journal.pcbi.1000201,155
doi_10.1371_journal.pcbi.1000562,27
doi_10.1371_journal.pcbi.1001138,581
doi_10.1371_journal.pcbi.1002725,5
doi_10.1371_journal.pcbi.1003246,16
doi_10.1371_journal.pcbi.1003501,86
doi_10.1371_journal.pcbi.1003731,999
doi_10.1371_journal.pcbi.1004751,16
doi_10.1371_journal.pcbi.1004809,12
doi_10.1371_journal.pcbi.1005187,29
doi_10.1371_journal.pcbi.1005647,62
doi_10.1371_journal.pcbi.1006731,43
doi_10.1371_journal.pcbi.1006772,15
doi_10.1371_journal.pcbi.1006921,17
doi_10.1371_journal.pcbi.1006982,141
doi_10.1371_journal.pcbi.1007436,27
doi_10.1371_journal.pcbi.1007471,10
doi_10.1371_journal.pcbi.1008909,4
doi_10.1371_journal.pcbi.1009880,14
doi_10.1371_journal.pcbi.1010265,1
doi_10.1371_journal.pcbi.1010572,16
doi_10.1371_journal.pcbi.1010779,11
doi_10.1371_journal.pcbi.1010863,41
doi_10.1371_journal.pcbi.1011307,11
doi_10.1371_journal.pcbi.1011854,7
doi_10.1371_journal.pcbi.1011881,11
doi_10.1371_journal.pcbi.1012067,259
doi_10.1371_journal.pcbi.1012136,2
doi_10.1371_journal.pcbi.1012999,0
doi_10.1371_journal.pcbi.1014639,0
doi_10.1371_journal.pgen.1003495,283
doi_10.1371_journal.pgen.1006231,11
doi_10.1371_journal.pgen.1010191,33
doi_10.1371_journal.pgen.1011563,3
doi_10.1371_journal.pntd.0005673,3
doi_10.1371_journal.pone.0001623,49
doi_10.1371_journal.pone.0001821,10
doi_10.1371_journal.pone.0010709,89
doi_10.1371_journal.pone.0012776,2315
doi_10.1371_journal.pone.0014444,42
doi_10.1371_journal.pone.0016432,48
doi_10.1371_journal.pone.0025988,40
doi_10.1371_journal.pone.0026105,2
doi_10.1371_journal.pone.0028272,11
doi_10.1371_journal.pone.0032095,21
doi_10.1371_journal.pone.0032394,32
doi_10.1371_journal.pone.0036865,13
doi_10.1371_journal.pone.0039573,45
doi_10.1371_journal.pone.0040373,13
doi_10.1371_journal.pone.0040916,13
doi_10.1371_journal.pone.0045486,12
doi_10.1371_journal.pone.0047836,29
doi_10.1371_journal.pone.0052055,21
doi_10.1371_journal.pone.0060055,4
doi_10.1371_journal.pone.0060593,56
doi_10.1371_journal.pone.0061183,36
doi_10.1371_journal.pone.0064832,321
doi_10.1371_journal.pone.0065598,439
doi_10.1371_journal.pone.0067434,63
doi_10.1371_journal.pone.0081148,480
doi_10.1371_journal.pone.0086707,24
doi_10.1371_journal.pone.0087301,13
doi_10.1371_journal.pone.0089694,13
doi_10.1371_journal.pone.0092709,70
doi_10.1371_journal.pone.0093873,3
doi_10.1371_journal.pone.0097277,7
doi_10.1371_journal.pone.0100360,61
doi_10.1371_journal.pone.0127285,12
doi_10.1371_journal.pone.0138030,40
doi_10.1371_journal.pone.0151826,3
doi_10.1371_journal.pone.0160227,22
doi_10.1371_journal.pone.0162968,3
doi_10.1371_journal.pone.0174744,102
doi_10.1371_journal.pone.0179543,115
doi_10.1371_journal.pone.0180583,34
doi_10.1371_journal.pone.0184795,6
doi_10.1371_journal.pone.0199771,16
doi_10.1371_journal.pone.0199843,9
doi_10.1371_journal.pone.0221476,65
doi_10.1371_journal.pone.0244480,4
doi_10.1371_journal.pone.0274338,2
doi_10.1371_journal.pone.0276979,12
doi_10.1371_journal.pone.0289966,2
doi_10.1371_journal.pone.0311752,2
doi_10.14348_molcells.2021.0014,4
doi_10.14806_ej.21.0.837,10
doi_10.1504_ijbra.2008.017166,1
doi_10.1504_ijdmb.2012.048198,2
doi_10.1504_ijdmb.2015.070833,3
doi_10.1504_ijdmb.2018.094891,18
doi_10.1515_sagmb-2014-0098,12
doi_10.15252_MSB.202311627,66
doi_10.15252_msb.20145654,29
doi_10.1534_G3.119.400105,20
doi_10.1534_G3.119.400788,33
doi_10.1534_GENETICS.120.303597,6
doi_10.1534_g3.113.008680,158
doi_10.1534_genetics.113.160721,20
doi_10.18129_B9.bioc.HiCDOC,0
doi_10.18129_B9.bioc.atacInferCnv,0
doi_10.18129_B9.bioc.decemedip,0
doi_10.18129_B9.bioc.fourSynergy,0
doi_10.18632_aging.102049,172
doi_10.18699_vjgb-24-90,0
doi_10.20944_PREPRINTS201910.0146.V1,5
doi_10.20944_PREPRINTS202005.0227.V1,2
doi_10.20944_PREPRINTS202011.0199.V1,1
doi_10.21037_TCR-24-1436,4
doi_10.21105_JOSS.01742,55
doi_10.21105_joss.02161,6
doi_10.21203_RS.2.20856_V2,0
doi_10.21203_RS.2.21700_V1,0
doi_10.21203_RS.3.RS-126986_V1,6
doi_10.21203_RS.3.RS-1284479_V1,0
doi_10.21203_RS.3.RS-133258_V1,3
doi_10.21203_RS.3.RS-54194_V1,0
doi_10.21203_RS.3.RS-640669_V1,0
doi_10.21203_RS.3.RS-646006_V1,0
doi_10.2144_000112035,12
doi_10.2144_000113999,133
doi_10.2144_BTN-2019-0165,16
doi_10.2202_1544-6115.1727,11
doi_10.22541_AU.162695728.85748171_V1,1
doi_10.24272_j.issn.2095-8137.2020.099,36
doi_10.26508_lsa.202201446,3
doi_10.3233_isb-00243,9
doi_10.32942_X2J32C,1
doi_10.3389_FBIOE.2020.00886,12
doi_10.3389_FBIOE.2022.957131,12
doi_10.3389_FCELL.2020.00614,44
doi_10.3389_FCELL.2020.596341,3
doi_10.3389_FGENE.2019.01079,20
doi_10.3389_FGENE.2019.01309,18
doi_10.3389_FGENE.2020.00008,17
doi_10.3389_FGENE.2020.00053,23
doi_10.3389_FGENE.2020.00392,41
doi_10.3389_FGENE.2020.618478,17
doi_10.3389_FGENE.2021.617282,0
doi_10.3389_FGENE.2021.638960,1
doi_10.3389_FGENE.2021.658352,2
doi_10.3389_FGENE.2021.722198,11
doi_10.3389_FMICB.2020.567471,9
doi_10.3389_FMICB.2021.593979,7
doi_10.3389_FONC.2021.761700,8
doi_10.3389_FPLS.2019.01333,82
doi_10.3389_FPLS.2025.1645004,2
doi_10.3389_fbinf.2022.831025,2
doi_10.3389_fbinf.2023.1275593,2
doi_10.3389_fbinf.2026.1805772,0
doi_10.3389_fbinf.2026.1883130,1
doi_10.3389_fcell.2022.981859,10
doi_10.3389_fcell.2023.1167111,3
doi_10.3389_fgene.2012.00230,39
doi_10.3389_fgene.2014.00075,284
doi_10.3389_fgene.2019.00282,7
doi_10.3389_fgene.2019.00374,8
doi_10.3389_fgene.2020.00158,93
doi_10.3389_fgene.2020.591461,18
doi_10.3389_fgene.2021.690926,0
doi_10.3389_fgene.2021.704538,9
doi_10.3389_fgene.2022.1067562,18
doi_10.3389_fgene.2022.828292,14
doi_10.3389_fgene.2022.855770,3
doi_10.3389_fgene.2022.876721,3
doi_10.3389_fgene.2023.1089936,2
doi_10.3389_fgene.2023.1181391,8
doi_10.3389_fgene.2024.1367731,3
doi_10.3389_fgene.2024.1393406,8
doi_10.3389_fgene.2024.1481787,2
doi_10.3389_fgene.2025.1668773,1
doi_10.3389_fgene.2026.1743148,1
doi_10.3389_fgene.2026.1850219,0
doi_10.3389_fgene.2026.1896629,0
doi_10.3389_fmicb.2022.1061122,9
doi_10.3389_fmolb.2022.978310,4
doi_10.3389_fnins.2011.00008,31
doi_10.3389_fonc.2022.899825,19
doi_10.3389_fphar.2023.1099093,47
doi_10.3389_fphys.2018.00646,116
doi_10.3389_fpls.2020.00289,5
doi_10.3389_fpls.2022.942710,10
doi_10.3389_fpls.2022.975888,25
doi_10.3390_BIOLOGY10080790,25
doi_10.3390_BIOM12070995,25
doi_10.3390_CELLS10082013,4
doi_10.3390_IJMS22115521,32
doi_10.3390_NCRNA7040061,7
doi_10.3390_a6040805,5
doi_10.3390_ani13182935,1
doi_10.3390_biology11050684,4
doi_10.3390_biology14070743,0
doi_10.3390_biom12070874,3
doi_10.3390_cells12060829,5
doi_10.3390_genes10070554,49
doi_10.3390_genes10100765,2
doi_10.3390_genes11030289,20
doi_10.3390_genes11060634,12
doi_10.3390_genes13040568,9
doi_10.3390_genes13061090,11
doi_10.3390_genes13071126,17
doi_10.3390_genes13111983,12
doi_10.3390_genes14020269,15
doi_10.3390_genes14071441,19
doi_10.3390_genes15020144,4
doi_10.3390_genes15060673,0
doi_10.3390_genes15070882,1
doi_10.3390_genes15101293,2
doi_10.3390_genes15121530,0
doi_10.3390_ijms12129265,12
doi_10.3390_ijms18020274,56
doi_10.3390_ijms19103178,11
doi_10.3390_ijms19124075,15
doi_10.3390_ijms21113828,37
doi_10.3390_ijms22158123,0
doi_10.3390_ijms23063348,2
doi_10.3390_ijms23158684,11
doi_10.3390_ijms23168981,8
doi_10.3390_ijms24032595,23
doi_10.3390_ijms241512023,6
doi_10.3390_ijms241713339,9
doi_10.3390_ijms25031903,1
doi_10.3390_ijms252111744,6
doi_10.3390_ijms252312741,0
doi_10.3390_ijms252312942,3
doi_10.3390_jpm14040361,0
doi_10.3390_life13010071,0
doi_10.3390_molecules23051136,42
doi_10.3390_ncrna8050070,4
doi_10.3390_sym13020295,1
doi_10.34133_BMEF.0110,1
doi_10.34133_csbj.0033,0
doi_10.34133_csbj.0080,0
doi_10.3791_2703,3
doi_10.3791_65633,10
doi_10.3934_mbe.2023704,4
doi_10.4161_epi.25242,40
doi_10.4161_trns.22457,2
doi_10.4238_GMR.15027973,5
doi_10.48550_arXiv.1401.1129,172
doi_10.48550_arXiv.1811.00416,190
doi_10.48550_arXiv.2107.13247,1
doi_10.5281_zenodo.21444547,0
doi_10.5511_plantbiotechnology.19.0822a,4
doi_10.55730_1300-0152.2672,0
doi_10.5808_gi.2017.15.1.11,19
doi_10.6026_97320630001156,6
doi_10.6026_97320630002431,30
doi_10.6026_97320630005049,9
doi_10.7150_ijbs.5786,11
doi_10.7287_PEERJ.PREPRINTS.122V2,32
doi_10.7287_PEERJ.PREPRINTS.26759V2,0
doi_10.7287_PEERJ.PREPRINTS.27699,0
doi_10.7287_PEERJ.PREPRINTS.290V2,1
doi_10.7490_f1000research.1114334.1,44
doi_10.7490_f1000research.1118074.1,9
doi_10.7554_elife.82535,7
doi_10.7717_PEERJ-CS.198,0
doi_10.7717_PEERJ.10558,3
doi_10.7717_PEERJ.7990,21
doi_10.7717_PEERJ.8965,3
doi_10.7717_peerj-cs.85,2
doi_10.7717_peerj.14927,12
doi_10.7717_peerj.16125,9
doi_10.7717_peerj.1981,8
doi_10.7717_peerj.20836,0
doi_10.7717_peerj.6509,1
doi_10.7717_peerj.7657,11
pmid_10024243,479
pmid_10090291,181
pmid_10366655,389
pmid_10487870,395
pmid_10523524,90
pmid_10592232,229
pmid_10592259,1269
pmid_10602881,2342
pmid_10631500,253
pmid_10641039,180
pmid_10648794,145
pmid_10734201,316
pmid_10779500,1197
pmid_10786305,13
pmid_10820484,102
pmid_10878239,146
pmid_10902194,239
pmid_11017083,487
pmid_11056059,84
pmid_11125109,110
pmid_11125113,663
pmid_11160901,255
pmid_11262934,838
pmid_11283593,519
pmid_11326270,761
pmid_11473010,122
pmid_11473024,114
pmid_11604873,4
pmid_11700055,285
pmid_11726928,404
pmid_11751219,394
pmid_11751222,58
pmid_11751237,839
pmid_11752327,8504
pmid_11808873,330
pmid_11829497,461
pmid_11847076,218
pmid_11847087,1415
pmid_11875034,302
pmid_11997340,332
pmid_12015878,177
pmid_12060689,35
pmid_12101404,678
pmid_12107285,147
pmid_12142439,1626
pmid_12176838,187
pmid_12202776,31
pmid_12213778,93
pmid_12367517,66
pmid_12409480,30
pmid_12519962,30
pmid_12520026,2025
pmid_12584121,335
pmid_12584124,62
pmid_12620386,585
pmid_12626717,196
pmid_12626739,351
pmid_12664686,17
pmid_12743998,9
pmid_12760745,275
pmid_12824319,10
pmid_12824320,11
pmid_12824342,40
pmid_12824346,52
pmid_12824350,60
pmid_12824357,237
pmid_12824362,139
pmid_12824364,85
pmid_12824368,19
pmid_12824369,1122
pmid_12824370,317
pmid_12824371,259
pmid_12824372,85
pmid_12824373,550
pmid_12824379,34
pmid_12824381,610
pmid_12824383,1602
pmid_12824385,4
pmid_12824386,1058
pmid_12824389,341
pmid_12824415,40
pmid_12824416,355
pmid_12824417,13
pmid_12824427,43
pmid_12824429,19
pmid_12824433,170
pmid_12957783,27
pmid_12963067,1
pmid_14583114,123
pmid_14630649,37
pmid_14668235,15
pmid_14672977,98
pmid_14681366,1841
pmid_14681436,128
pmid_1470435,1
pmid_14962923,97
pmid_14990455,1112
pmid_14993210,154
pmid_15001475,10
pmid_15003447,128
pmid_15033869,103
pmid_15050833,447
pmid_15103394,334
pmid_15113408,36
pmid_15130850,428
pmid_15130931,13
pmid_15173120,13113
pmid_15215340,12
pmid_15215370,73
pmid_15215378,23
pmid_15215379,65
pmid_15215380,501
pmid_15215381,38
pmid_15215382,54
pmid_15215383,33
pmid_15215384,415
pmid_15215385,56
pmid_15215389,456
pmid_15215390,59
pmid_15215391,13
pmid_15215402,49
pmid_15215408,53
pmid_15215422,50
pmid_15215428,219
pmid_15215431,124
pmid_15215433,63
pmid_15215459,9
pmid_15215468,3
pmid_15217816,90
pmid_15223345,116
pmid_15297295,79
pmid_15297614,227
pmid_15306656,160
pmid_15466295,107
pmid_15509602,19
pmid_15572468,187
pmid_15575972,153
pmid_15608205,57
pmid_15608283,113
pmid_15608285,21
pmid_15608292,111
pmid_15640440,13
pmid_15681873,3
pmid_15731212,337
pmid_15797905,173
pmid_15799782,198
pmid_15855248,27
pmid_15921531,9
pmid_15933209,379
pmid_15980468,14
pmid_15980495,222
pmid_15980497,161
pmid_15980498,49
pmid_15980499,23
pmid_15980500,20
pmid_15980501,51
pmid_15980502,21
pmid_15980503,6
pmid_15980504,21
pmid_15980505,204
pmid_15980506,54
pmid_15980508,28
pmid_15980509,104
pmid_15980512,261
pmid_15980522,309
pmid_15980543,207
pmid_15980550,95
pmid_15980552,62
pmid_15980557,25
pmid_15980563,2425
pmid_15980564,148
pmid_15980566,265
pmid_15980576,16
pmid_15980579,116
pmid_15980584,52
pmid_15987504,58
pmid_15991337,92
pmid_16005138,42
pmid_16135709,7
pmid_16141249,622
pmid_16166098,83
pmid_16185827,17
pmid_16278946,26
pmid_16279839,358
pmid_16287619,5
pmid_16303794,83
pmid_16332710,76
pmid_16352711,120
pmid_16362906,10
pmid_16381825,2241
pmid_16381935,522
pmid_16381947,74
pmid_16381958,109
pmid_16381983,231
pmid_16397004,123
pmid_16403789,57
pmid_16414954,79
pmid_16434137,190
pmid_16438721,299
pmid_16449500,74
pmid_16464251,65
pmid_16615898,496
pmid_16632495,96
pmid_16677396,95
pmid_16700920,23
pmid_16706719,23
pmid_16733547,60
pmid_16738569,63
pmid_16790841,180
pmid_16803631,8
pmid_16844974,42
pmid_16845004,143
pmid_16845009,263
pmid_16845023,5
pmid_16845024,124
pmid_16845026,1624
pmid_16845027,31
pmid_16845028,2799
pmid_16845040,18
pmid_16845041,236
pmid_16845051,90
pmid_16845052,273
pmid_16845055,6
pmid_16845063,9
pmid_16845064,16
pmid_16845065,11
pmid_16845067,45
pmid_16845068,210
pmid_16845069,56
pmid_16845070,10
pmid_16845071,77
pmid_16845073,36
pmid_16845075,5
pmid_16845084,26
pmid_16845086,22
pmid_16845096,923
pmid_16855291,106
pmid_16873465,170
pmid_16873497,57
pmid_16922693,8
pmid_16925843,73
pmid_16980320,35
pmid_17041233,24
pmid_17068086,28
pmid_17083740,35
pmid_17090579,102
pmid_17108354,303
pmid_17130149,6
pmid_17130158,13
pmid_17148480,89
pmid_17148485,52
pmid_17169980,55
pmid_17178752,26
pmid_17202159,348
pmid_17204163,61
pmid_17210078,41
pmid_17244358,38
pmid_17286865,44
pmid_17313685,556
pmid_17316440,88
pmid_17378935,6
pmid_17397256,129
pmid_17408509,550
pmid_17451648,119
pmid_17456238,12
pmid_17470480,23
pmid_17478497,491
pmid_17478504,264
pmid_17483510,189
pmid_17483517,65
pmid_17485471,105
pmid_17488838,23
pmid_17517777,24
pmid_17537813,84
pmid_17537814,27
pmid_17537821,42
pmid_17537822,1924
pmid_17540681,4
pmid_17550915,3
pmid_17576675,163
pmid_17576682,62
pmid_17584794,51
pmid_17584796,95
pmid_17589518,77
pmid_17594472,166
pmid_17597879,6
pmid_17626633,54
pmid_17888037,39
pmid_17901083,8
pmid_17916232,104
pmid_17934055,15
pmid_17941982,33
pmid_17963524,14
pmid_17964271,334
pmid_17993678,19
pmid_17997594,40
pmid_18006570,241
pmid_18006571,692
pmid_18039705,101
pmid_18073188,300
pmid_18096745,243
pmid_18225943,195
pmid_18229714,12
pmid_18283031,1
pmid_18286180,49
pmid_18287696,8
pmid_18304932,4
pmid_18350157,10
pmid_18400774,19
pmid_18436575,454
pmid_18440972,16
pmid_18445607,52
pmid_18448469,15
pmid_18449469,146
pmid_18453628,68
pmid_18460543,74
pmid_18466586,1
pmid_18467424,100
pmid_18474505,1
pmid_18477632,125
pmid_18487274,631
pmid_18487623,130
pmid_18487625,14
pmid_18495751,278
pmid_18515345,152
pmid_18516045,14401
pmid_18524800,9
pmid_18546601,24229
pmid_18586720,91
pmid_18599518,271
pmid_18606616,43
pmid_18684996,539
pmid_18689843,114
pmid_18706106,28
pmid_18718942,48
pmid_18776194,2
pmid_18784119,387
pmid_18786255,253
pmid_18798982,20251
pmid_18841238,30
pmid_18842598,97
pmid_18842622,55
pmid_18927605,155
pmid_18950538,7
pmid_18978777,725
pmid_18996892,270
pmid_19002165,69
pmid_19014516,142
pmid_19014577,317
pmid_19029915,992
pmid_19036135,35
pmid_19040368,8
pmid_19061503,228
pmid_19063744,11
pmid_19087282,8
pmid_19122651,572
pmid_19151090,41
pmid_19160518,702
pmid_19193149,101
pmid_19208131,14
pmid_19208250,56
pmid_19210776,48
pmid_19264796,22
pmid_19349284,14
pmid_19357200,232
pmid_19398430,232
pmid_19399429,6
pmid_19409082,5
pmid_19417071,46
pmid_19417073,55
pmid_19420064,50
pmid_19426782,209
pmid_19433511,47
pmid_19447789,30
pmid_19451166,73
pmid_19458158,11588
pmid_19465381,7
pmid_19465400,18
pmid_19477961,3
pmid_19478005,92
pmid_19478006,15
pmid_19483101,54
pmid_19487240,424
pmid_19505939,1112
pmid_19561018,2026
pmid_19561019,76
pmid_19580524,6
pmid_19588093,82
pmid_19593472,66
pmid_19615102,15
pmid_19635165,1329
pmid_19684599,456
pmid_19689955,33
pmid_19689956,494
pmid_19699594,31
pmid_19720677,13
pmid_19740912,23
pmid_19767616,73
pmid_19773334,217
pmid_19773424,12
pmid_19786497,411
pmid_19797408,45
pmid_19804638,26
pmid_19812788,0
pmid_19819296,15
pmid_19850714,136
pmid_19854933,67
pmid_19857274,19
pmid_19858103,783
pmid_19884132,82
pmid_19884135,180
pmid_19900969,142
pmid_19900972,58
pmid_19906700,41
pmid_19906703,119
pmid_19906716,587
pmid_19906729,136
pmid_19910308,44915
pmid_19910371,65
pmid_19911049,27
pmid_19920119,239
pmid_19920125,353
pmid_19934259,99
pmid_19959498,18
pmid_19995462,32
pmid_20007740,22
pmid_20008513,668
pmid_20028542,70
pmid_20031974,69
pmid_20060041,4
pmid_20067172,7
pmid_20089513,29
pmid_20106815,12
pmid_20106816,34
pmid_20110277,18
pmid_20128774,13
pmid_20128910,54
pmid_20156354,90
pmid_20161787,87
pmid_20335277,72
pmid_20338053,265
pmid_20371496,133
pmid_20371516,351
pmid_20375099,72
pmid_20378558,455
pmid_20409324,138
pmid_20416082,255
pmid_20435580,23
pmid_20435683,9
pmid_20436461,5065
pmid_20436464,16639
pmid_20460462,113
pmid_20484371,396
pmid_20484379,159
pmid_20501600,106
pmid_20504855,86
pmid_20505756,89
pmid_20507906,21
pmid_20511592,36
pmid_20519200,70
pmid_20522509,31
pmid_20525272,19
pmid_20525784,17
pmid_20528864,71
pmid_20542915,30
pmid_20562419,41
pmid_20598134,103
pmid_20628076,9
pmid_20642854,45
pmid_20696653,51
pmid_20707885,11
pmid_20713281,46
pmid_20736340,166
pmid_20739311,25
pmid_20807838,24
pmid_20823314,10
pmid_20823333,36
pmid_20858772,73
pmid_20870645,43
pmid_20880996,45
pmid_20927193,2315
pmid_20929872,40
pmid_20937630,78
pmid_20959287,31
pmid_20965965,190
pmid_20965969,70
pmid_20965971,55
pmid_20966006,59
pmid_20972212,192
pmid_21036866,248
pmid_21036867,575
pmid_21037257,178
pmid_21037262,138
pmid_21037263,804
pmid_21045055,40
pmid_21047376,37
pmid_21047389,6
pmid_21051347,361
pmid_21059685,341
pmid_21071392,1161
pmid_21071798,37
pmid_21073701,21
pmid_21075742,8
pmid_21075792,66
pmid_21075797,54
pmid_21076153,176
pmid_21081511,196
pmid_21081562,93
pmid_21087992,132
pmid_21092284,54
pmid_21097470,341
pmid_21097781,243
pmid_21097880,35
pmid_21097882,512
pmid_21097885,101
pmid_21112873,587
pmid_21115458,2162
pmid_21123190,35
pmid_21138948,48
pmid_21159174,19
pmid_21172058,21
pmid_21177332,32
pmid_21177645,422
pmid_21183585,48
pmid_21206902,42
pmid_21281468,24
pmid_21293737,31
pmid_21315797,69
pmid_21325299,173
pmid_21330290,4996
pmid_21346861,9
pmid_21358819,48
pmid_21385051,449
pmid_21410973,1859
pmid_21450710,46
pmid_21471015,28
pmid_21493656,5972
pmid_21513505,6
pmid_21531770,100
pmid_21554688,66
pmid_21554709,168
pmid_21558324,114
pmid_21563976,0
pmid_21565797,134
pmid_21576231,61
pmid_21576237,71
pmid_21576238,82
pmid_21586587,58
pmid_21593125,11
pmid_21593126,5378
pmid_21602264,26
pmid_21602269,56
pmid_21609962,16
pmid_21622654,73
pmid_21625565,581
pmid_21646344,175
pmid_21673638,3
pmid_21679436,11
pmid_21685070,30
pmid_21685094,71
pmid_21693013,2
pmid_21715389,231
pmid_21724594,80
pmid_21775309,8
pmid_21787385,193
pmid_21813478,86
pmid_21838806,144
pmid_21846603,25
pmid_21859476,799
pmid_21893518,19
pmid_21914728,19
pmid_21938624,17
pmid_21938637,67
pmid_21989406,1022
pmid_21994224,94
pmid_21998740,40
pmid_22009673,238
pmid_22009677,16
pmid_22029426,25
pmid_22035330,29
pmid_22039215,56
pmid_22057161,93
pmid_22058132,116
pmid_22064851,2353
pmid_22067456,51
pmid_22069446,2
pmid_22075992,200
pmid_22080467,193
pmid_22080549,149
pmid_22080556,67
pmid_22080564,314
pmid_22084198,265
pmid_22086958,182
pmid_22096235,33
pmid_22102583,142
pmid_22110038,121
pmid_22110040,449
pmid_22113082,55
pmid_22121218,127
pmid_22135290,55
pmid_22135302,102
pmid_22140101,66
pmid_22140105,87
pmid_22144159,485
pmid_22144166,38
pmid_22144167,168
pmid_22156059,8
pmid_22199381,65
pmid_22205509,93
pmid_22216865,33
pmid_22230796,25
pmid_22238575,11
pmid_22272132,12
pmid_22287627,5871
pmid_22300316,6
pmid_22318347,9
pmid_22369687,80
pmid_22373907,19
pmid_22384239,32
pmid_22388286,62401
pmid_22393380,21
pmid_22416066,25
pmid_22419785,8
pmid_22419842,46
pmid_22422841,40
pmid_22424423,467
pmid_22426343,10
pmid_22426492,290
pmid_22492648,1978
pmid_22495308,210
pmid_22495751,40
pmid_22513994,2
pmid_22543367,20987
pmid_22544707,195
pmid_22570412,23
pmid_22576365,40
pmid_22577015,9
pmid_22592380,25
pmid_22600737,86
pmid_22618878,16
pmid_22618880,129
pmid_22623967,241
pmid_22638579,74
pmid_22638583,470
pmid_22662128,13
pmid_22668788,19
pmid_22669907,36
pmid_22676326,9
pmid_22684628,100
pmid_22689387,69
pmid_22689639,28
pmid_22689645,4
pmid_22689767,30
pmid_22693210,10
pmid_22693214,6
pmid_22693215,19
pmid_22693217,595
pmid_22693218,54
pmid_22693224,623
pmid_22700702,28
pmid_22724298,2
pmid_22784381,309
pmid_22784574,7
pmid_22792292,13
pmid_22827163,9
pmid_22829625,36
pmid_22868683,17
pmid_22870189,45
pmid_22924024,12
pmid_22955991,2245
pmid_22973536,302
pmid_22990209,69
pmid_23023982,281
pmid_23029045,12
pmid_23033340,85
pmid_23034086,2477
pmid_23034175,918
pmid_23068444,70
pmid_23080116,156
pmid_23089817,11
pmid_23110343,42
pmid_23110901,76
pmid_23118738,39
pmid_23132505,2
pmid_23137144,27
pmid_23143270,868
pmid_23144830,29
pmid_23180783,172
pmid_23194258,24
pmid_23203876,74
pmid_23203885,305
pmid_23221638,628
pmid_23241390,9
pmid_23272209,21
pmid_23282203,12
pmid_23300134,37
pmid_23314754,133
pmid_23317703,1
pmid_23323883,31
pmid_23417801,16
pmid_23419377,47
pmid_23424137,30
pmid_23427988,1
pmid_23455476,50
pmid_23461573,12
pmid_23496976,9
pmid_23497159,22
pmid_23505298,27
pmid_23522376,37
pmid_23555882,4
pmid_23585840,56
pmid_23595663,9
pmid_23598999,118
pmid_23599922,133
pmid_23601859,59
pmid_23609546,25
pmid_23620286,32
pmid_23620730,36
pmid_23631413,1293
pmid_23658420,4
pmid_23660286,84
pmid_23665773,16
pmid_23671422,321
pmid_23672187,80
pmid_23678291,11
pmid_23685432,62
pmid_23688306,43
pmid_23696746,283
pmid_23702556,28
pmid_23703214,20
pmid_23706083,4
pmid_23723249,112
pmid_23735126,155
pmid_23737445,103
pmid_23741402,321
pmid_23748563,93
pmid_23749987,22
pmid_23754853,25
pmid_23758764,236
pmid_23758851,16
pmid_23761447,24
pmid_23761449,17
pmid_23762400,439
pmid_23766287,7
pmid_23771147,140
pmid_23804400,205
pmid_23806098,3
pmid_23828043,271
pmid_23844010,63
pmid_23844871,64
pmid_23846744,31
pmid_23873955,7
pmid_23924514,5
pmid_23933972,105
pmid_23935120,16
pmid_23936070,32
pmid_23959399,27
pmid_23975789,113
pmid_23980024,69
pmid_23995255,98
pmid_24021381,58
pmid_24057214,56
pmid_24137002,30
pmid_24146601,16
pmid_24162561,44
pmid_24185696,53
pmid_24194598,1037
pmid_24206606,470
pmid_24219505,148
pmid_24227674,348
pmid_24233783,3
pmid_24267901,35
pmid_24271395,7
pmid_24297256,568
pmid_24302579,3
pmid_24321545,177
pmid_24322294,30
pmid_24324667,480
pmid_24347632,158
pmid_24349230,31
pmid_24371151,38
pmid_24371156,23
pmid_24376861,488
pmid_24389658,34
pmid_24398039,69
pmid_24403540,32
pmid_24407222,32
pmid_24413524,53
pmid_24423865,88
pmid_24428924,5
pmid_24451626,7928
pmid_24469313,236
pmid_24470570,14
pmid_24504871,385
pmid_24515121,365
pmid_24517713,35
pmid_24532725,49
pmid_24533055,13
pmid_24533858,6
pmid_24558259,20
pmid_24564479,54
pmid_24564945,17
pmid_24565134,13
pmid_24608116,13
pmid_24626854,134
pmid_24627790,26
pmid_24634442,84
pmid_24667482,70
pmid_24674136,71
pmid_24675730,5
pmid_24681324,14
pmid_24682824,12
pmid_24708189,99
pmid_24729968,47
pmid_24736605,3
pmid_24753419,47
pmid_24766872,25
pmid_24771340,41
pmid_24782889,284
pmid_24794928,159
pmid_24799436,4248
pmid_24803672,138
pmid_24829458,515
pmid_24836530,233
pmid_24852250,132
pmid_24860160,34
pmid_24860165,10
pmid_24861616,71
pmid_24861628,0
pmid_24875471,47
pmid_24875479,23
pmid_24878920,172
pmid_24884391,20
pmid_24886537,49
pmid_24894502,137
pmid_24894504,84
pmid_24919203,4
pmid_24927962,5
pmid_24931977,37
pmid_24931999,8
pmid_24936875,12
pmid_24947751,2
pmid_24979058,391
pmid_25028722,16
pmid_25041923,16
pmid_25086003,108
pmid_25123901,9
pmid_25128017,84
pmid_25132849,2
pmid_25140736,134
pmid_25147358,208
pmid_25150822,40
pmid_25192742,33
pmid_25199791,29
pmid_25212756,60
pmid_25220945,17
pmid_25223640,81
pmid_25237114,248
pmid_25246430,97
pmid_25252700,19
pmid_25260876,2
pmid_25262207,649
pmid_25268582,12
pmid_25271303,15
pmid_25285208,128
pmid_25292436,80
pmid_25294922,24
pmid_25296770,32
pmid_25298093,28
pmid_25309700,5
pmid_25324176,16
pmid_25326660,21
pmid_25341390,25
pmid_25342065,166
pmid_25361964,512
pmid_25361970,109
pmid_25389269,27
pmid_25398611,38
pmid_25416797,133
pmid_25431330,339
pmid_25461817,138
pmid_25477382,138
pmid_25480377,60
pmid_25521507,14
pmid_25527639,29
pmid_25537884,23
pmid_25553811,1
pmid_25583120,21
pmid_25589474,38
pmid_25595715,62
pmid_25596338,260
pmid_25609794,167
pmid_25633503,4023
pmid_25637281,7
pmid_25653163,282
pmid_25681254,4
pmid_25682068,57
pmid_25685322,33
pmid_25693563,7201
pmid_25717191,11
pmid_25725063,5
pmid_25725496,60
pmid_25752748,512
pmid_25765347,4813
pmid_25777524,34
pmid_25788621,116
pmid_25803548,32
pmid_25853185,238
pmid_25884684,37
pmid_25886979,15
pmid_25886982,192
pmid_25904632,255
pmid_25928765,150
pmid_25934638,57
pmid_25943746,6
pmid_25953800,35
pmid_25957350,59
pmid_25957351,113
pmid_25972926,1061
pmid_25979476,57
pmid_25994056,222
pmid_25995231,25
pmid_26026168,4
pmid_26034063,148
pmid_26089389,13
pmid_26092860,121
pmid_26112290,17
pmid_26112292,177
pmid_26112293,51
pmid_26130577,21
pmid_26157508,45
pmid_26163319,31
pmid_26169177,6
pmid_26176536,83
pmid_26231426,39
pmid_26236465,33
pmid_26246889,12
pmid_26254488,17
pmid_26254489,6
pmid_26272984,358
pmid_26301496,400
pmid_26314830,438
pmid_26356333,18
pmid_26388941,21
pmid_26406244,40
pmid_26415849,54
pmid_26415965,73
pmid_26424855,999
pmid_26433612,3
pmid_26438538,452
pmid_26451824,2
pmid_26476450,389
pmid_26476779,50
pmid_26478641,114
pmid_26481321,83
pmid_26482678,8
pmid_26515532,50
pmid_26519506,56
pmid_26529905,2
pmid_26530723,8
pmid_26531826,1069
pmid_26543174,109
pmid_26543175,60
pmid_26568329,21
pmid_26578594,107
pmid_26586797,61
pmid_26608661,51
pmid_26618344,207
pmid_26656614,12
pmid_26656931,16
pmid_26666757,64
pmid_26673711,17
pmid_26680022,34
pmid_26680746,13
pmid_26685306,30
pmid_26694485,25
pmid_26703974,1
pmid_26704599,14
pmid_26704972,22
pmid_26704973,4630
pmid_26716983,34
pmid_26721389,8
pmid_26740525,16
pmid_26773058,39
pmid_26794315,430
pmid_26802430,11
pmid_26838501,189
pmid_26846964,18
pmid_26859295,4
pmid_26868127,14
pmid_26886731,3
pmid_26886732,70
pmid_26911705,26
pmid_26922377,4
pmid_26925206,13
pmid_26926434,327
pmid_26969411,12
pmid_26971251,9
pmid_26981382,13
pmid_26986515,10
pmid_26998229,4
pmid_27000043,4
pmid_27008019,19
pmid_27013647,16
pmid_27019499,6
pmid_27058285,11
pmid_27071037,77
pmid_27084938,80
pmid_27084939,14
pmid_27085080,2
pmid_27106869,2
pmid_27130947,270
pmid_27137889,2343
pmid_27139377,39
pmid_27153574,3
pmid_27153610,73
pmid_27153645,24
pmid_27168989,8
pmid_27173187,5
pmid_27187204,44
pmid_27188396,15
pmid_27207881,55
pmid_27209209,21
pmid_27246923,7
pmid_27264539,65
pmid_27271822,104
pmid_27288497,25
pmid_27322546,1079
pmid_27334471,12
pmid_27378289,16
pmid_27378294,48
pmid_27378302,8
pmid_27402905,25
pmid_27466232,95
pmid_27467249,4373
pmid_27473283,12
pmid_27480116,51
pmid_27504829,11
pmid_27508061,1351
pmid_27515514,52
pmid_27519564,3
pmid_27538250,16
pmid_27546793,152
pmid_27559732,36
pmid_27569544,307
pmid_27572077,393
pmid_27587656,50
pmid_27587683,10
pmid_27605100,9
pmid_27605101,41
pmid_27625391,154
pmid_27637070,3
pmid_27650223,229
pmid_27659774,16
pmid_27688817,14
pmid_27694198,92
pmid_27710048,5
pmid_27716031,45
pmid_27716038,145
pmid_27814676,27
pmid_27832067,29
pmid_27843946,8
pmid_27863463,34
pmid_27884103,30
pmid_27899657,312
pmid_27913729,73
pmid_27929098,59
pmid_27941783,310
pmid_27992540,4
pmid_27993776,3
pmid_27993786,41
pmid_27995664,25
pmid_28000771,37
pmid_28011773,3
pmid_28011774,47
pmid_28035030,4
pmid_28049437,158
pmid_28105305,237
pmid_28105912,7
pmid_28129774,483
pmid_28134831,56
pmid_28155685,4
pmid_28158331,104
pmid_28158465,34
pmid_28169395,6
pmid_28172520,15
pmid_28204599,22
pmid_28218897,545
pmid_28232860,5
pmid_28235418,40
pmid_28286147,82
pmid_28294630,5
pmid_28334222,25
pmid_28334916,50
pmid_28357402,0
pmid_28369277,10
pmid_28369316,553
pmid_28387819,126
pmid_28388874,55
pmid_28398543,5
pmid_28402545,12
pmid_28419194,54
pmid_28431137,56
pmid_28431175,10
pmid_28449110,3
pmid_28449120,6
pmid_28453651,6
pmid_28456671,139
pmid_28460012,165
pmid_28472390,144
pmid_28499817,97
pmid_28505247,74
pmid_28516912,430
pmid_28532394,14
pmid_28541490,18
pmid_28572580,79
pmid_28575251,4
pmid_28587674,6
pmid_28605501,24
pmid_28607381,25
pmid_28622346,3
pmid_28632401,2
pmid_28651018,115
pmid_28671995,34
pmid_28686301,10
pmid_28750606,28
pmid_28763057,269
pmid_28789639,36
pmid_28825706,1908
pmid_28855260,627
pmid_28860069,12
pmid_28881982,13
pmid_28881999,16
pmid_28904015,37
pmid_28938012,6
pmid_28961686,55
pmid_28961742,7
pmid_28968643,226
pmid_28968736,16
pmid_28968739,11
pmid_28977473,43
pmid_28981893,17
pmid_28991892,7101
pmid_29025895,49
pmid_29036507,1102
pmid_29040384,21
pmid_29060464,0
pmid_29069297,34
pmid_29087450,93
pmid_29087464,0
pmid_29126246,113
pmid_29126285,284
pmid_29140464,1095
pmid_29140473,1615
pmid_29169342,7
pmid_29176663,238
pmid_29187143,91
pmid_29253085,43
pmid_29258445,41
pmid_29262847,46
pmid_29272447,148
pmid_29280994,34
pmid_29280996,24
pmid_29281953,5
pmid_29295995,1174
pmid_29329372,16
pmid_29329398,46
pmid_29335514,133
pmid_29340599,24
pmid_29360936,22
pmid_29420797,60
pmid_29438498,13
pmid_29444232,28
pmid_29444234,13
pmid_29474526,12
pmid_29486711,202
pmid_29490630,254
pmid_29509844,230
pmid_29514181,171
pmid_29522153,21
pmid_29522192,61
pmid_29538379,58
pmid_29554289,153
pmid_29560827,45
pmid_29566144,31
pmid_29579198,41
pmid_29592812,80
pmid_29608647,153
pmid_29621972,15
pmid_29653518,11
pmid_29666373,55
pmid_29678692,37
pmid_29684098,8
pmid_29690904,87
pmid_29722870,5
pmid_29722874,207
pmid_29745848,0
pmid_29748466,42
pmid_29771388,91
pmid_29776330,6
pmid_29790915,16
pmid_29790943,95
pmid_29800326,227
pmid_29801439,16
pmid_29846656,40
pmid_29850891,11
pmid_29855387,129
pmid_29871649,33
pmid_29873773,67
pmid_29878235,38
pmid_29890948,7
pmid_29907088,20
pmid_29912365,8
pmid_29914360,18
pmid_29914482,71
pmid_29931280,367
pmid_29944754,190
pmid_29971008,116
pmid_29982337,34
pmid_30016513,20
pmid_30044824,9
pmid_30052913,11
pmid_30064353,30
pmid_30187132,55
pmid_30190516,14
pmid_30239796,138
pmid_30291426,68
pmid_30326663,11
pmid_30340511,2
pmid_30346483,233
pmid_30359302,23
pmid_30395277,469
pmid_30445495,656
pmid_30497372,0
pmid_30526492,7
pmid_30537984,47
pmid_30539556,3
pmid_30541929,11
pmid_30562930,15
pmid_30567711,86
pmid_30587107,5
pmid_30591030,17
pmid_30591514,545
pmid_30616521,44
pmid_30624654,22
pmid_30634901,19
pmid_30642251,14
pmid_30649297,11
pmid_30653470,14
pmid_30657937,52
pmid_30660194,148
pmid_30668570,416
pmid_30669962,140
pmid_30689845,46
pmid_30691386,14
pmid_30717649,8
pmid_30722040,89
pmid_30753302,65
pmid_30765865,31
pmid_30779737,43
pmid_30779739,15
pmid_30799505,28
pmid_30816925,15
pmid_30821321,36
pmid_30850831,121
pmid_30864321,0
pmid_30867986,1
pmid_30869146,14
pmid_30897079,17
pmid_30922998,217
pmid_30951442,47
pmid_30957858,4
pmid_30962623,544
pmid_30986246,141
pmid_30999866,24
pmid_31001324,7
pmid_31035919,78
pmid_31040111,20
pmid_31045203,5
pmid_31045217,13
pmid_31046682,65
pmid_31049575,20
pmid_31049595,6
pmid_31053864,113
pmid_31056636,86
pmid_31061989,6
pmid_31062311,7
pmid_31067213,5
pmid_31070745,35
pmid_31074373,26
pmid_31075273,143
pmid_31081037,5
pmid_31084602,1
pmid_31092608,16
pmid_31096906,73
pmid_31099391,4
pmid_31099399,1
pmid_31106358,23
pmid_31107532,4
pmid_31107941,17
pmid_31114627,18
pmid_31114870,42
pmid_31114921,1229
pmid_31114922,77
pmid_31114924,8
pmid_31114925,13
pmid_31117818,11
pmid_31118054,31
pmid_31131080,6
pmid_31134276,6
pmid_31138268,179
pmid_31141211,37
pmid_31141611,3
pmid_31156694,8
pmid_31173058,19
pmid_31183256,4
pmid_31195980,7
pmid_31233103,2446
pmid_31288638,9
pmid_31300027,615
pmid_31359029,65
pmid_31362508,67
pmid_31366376,1
pmid_31368477,14
pmid_31368479,4
pmid_31372637,76
pmid_31372654,54
pmid_31373606,71
pmid_31373608,7
pmid_31373611,31
pmid_31373613,8
pmid_31378650,4
pmid_31387525,8
pmid_31388943,20
pmid_31392308,59
pmid_31397839,5
pmid_31400192,43
pmid_31406384,43
pmid_31410461,43
pmid_31410488,64
pmid_31413151,94
pmid_31425505,10
pmid_31426747,0
pmid_31428111,47
pmid_31428785,45
pmid_31433799,769
pmid_31434679,27
pmid_31443042,26
pmid_31443728,543
pmid_31446897,154
pmid_31465497,5
pmid_31466478,189
pmid_31469829,5
pmid_31469855,5
pmid_31477007,18
pmid_31477158,119
pmid_31483836,239
pmid_31490686,16
pmid_31490960,65
pmid_31494994,104
pmid_31500560,6
pmid_31500663,141
pmid_31501548,103
pmid_31501853,1
pmid_31501864,106
pmid_31504161,79
pmid_31504766,33
pmid_31510640,175
pmid_31510643,19
pmid_31510653,59
pmid_31510655,97
pmid_31510661,71
pmid_31510693,91
pmid_31510697,13
pmid_31510698,88
pmid_31510704,18
pmid_31511901,63
pmid_31527870,61
pmid_31529106,5
pmid_31533978,37
pmid_31552096,75
pmid_31555312,16
pmid_31566663,60
pmid_31569414,2
pmid_31571287,25
pmid_31584095,113
pmid_31584626,13
pmid_31588505,192
pmid_31588507,437
pmid_31589315,12
pmid_31590652,2
pmid_31594952,251
pmid_31598610,6
pmid_31598675,153
pmid_31598699,153
pmid_31598702,57
pmid_31598709,204
pmid_31599029,16
pmid_31603498,10
pmid_31605131,5
pmid_31609384,15
pmid_31619460,33
pmid_31619715,23
pmid_31619811,68
pmid_31622013,35
pmid_31624092,208
pmid_31634636,16
pmid_31642121,23
pmid_31642484,131
pmid_31647100,38
pmid_31649059,192
pmid_31651257,37
pmid_31651351,22
pmid_31664892,7
pmid_31665135,27
pmid_31665425,43
pmid_31665430,68
pmid_31665434,74
pmid_31665499,143
pmid_31672983,134
pmid_31679514,281
pmid_31680159,106
pmid_31680168,30
pmid_31693090,8
pmid_31694550,49
pmid_31695717,82
pmid_31695967,21
pmid_31699133,38
pmid_31701125,10
pmid_31701126,1070
pmid_31701148,1934
pmid_31712779,27
pmid_31713622,1120
pmid_31714956,152
pmid_31724725,104
pmid_31728204,172
pmid_31733057,64
pmid_31739806,409
pmid_31740966,334
pmid_31742318,8
pmid_31742324,3
pmid_31745565,43
pmid_31746988,6
pmid_31749839,20
pmid_31750523,42
pmid_31752933,45
pmid_31754708,33
pmid_31769783,6
pmid_31770586,10
pmid_31783894,39
pmid_31787081,3
pmid_31790679,4
pmid_31793988,5
pmid_31794005,11
pmid_31796964,2
pmid_31805986,313
pmid_31808791,36
pmid_31809797,3
pmid_31809863,18
pmid_31820805,13
pmid_31830251,42
pmid_31834368,1
pmid_31836865,26
pmid_31844073,5
pmid_31847870,96
pmid_31848596,9
pmid_31849005,2
pmid_31855064,21
pmid_31857203,12
pmid_31861999,58
pmid_31862000,30
pmid_31870409,102
pmid_31874597,27
pmid_31874601,3
pmid_31874633,38
pmid_31874637,92
pmid_31881819,6
pmid_31881832,21
pmid_31881937,12
pmid_31887789,4
pmid_31888467,5
pmid_31899481,4
pmid_31903447,55
pmid_31904817,27
pmid_31909789,22
pmid_31937349,33
pmid_31960374,19
pmid_31960894,5
pmid_31980751,250
pmid_31985744,76
pmid_31995498,10
pmid_31998368,18
pmid_31999322,5
pmid_31999328,19
pmid_32003784,19
pmid_32003791,243
pmid_32005130,14
pmid_32005131,28
pmid_32009147,17
pmid_32009153,5
pmid_32012148,88
pmid_32014031,208
pmid_32019417,0
pmid_32024818,66
pmid_32033573,323
pmid_32034421,29
pmid_32047897,26
pmid_32051612,38
pmid_32055031,4158
pmid_32055858,7
pmid_32062701,7
pmid_32069291,15
pmid_32083658,40
pmid_32093759,19
pmid_32094195,53
pmid_32117445,57
pmid_32117461,23
pmid_32127418,127
pmid_32127796,17
pmid_32144346,34
pmid_32144887,8
pmid_32145009,84
pmid_32154834,5
pmid_32163126,123
pmid_32164155,20
pmid_32164554,20
pmid_32164557,8
pmid_32164574,8
pmid_32170928,2
pmid_32181813,19
pmid_32183716,37
pmid_32183722,135
pmid_32191896,20
pmid_32207529,22
pmid_32211023,94
pmid_32213349,97
pmid_32219413,838
pmid_32228266,142
pmid_32238917,6
pmid_32241255,2
pmid_32245403,0
pmid_32251445,64
pmid_32252545,16
pmid_32301980,499
pmid_32312224,29
pmid_32321568,72
pmid_32324215,48
pmid_32329779,55
pmid_32339164,8
pmid_32341900,3
pmid_32357829,25
pmid_32360910,24
pmid_32363380,22
pmid_32383980,14
pmid_32393170,20
pmid_32398001,1
pmid_32399550,28
pmid_32404971,46
pmid_32409786,6
pmid_32414326,13
pmid_32421805,50
pmid_32421816,14
pmid_32423472,10
pmid_32424069,12
pmid_32425492,2
pmid_32429868,2
pmid_32431014,100
pmid_32442297,27
pmid_32456667,44
pmid_32459338,35
pmid_32471342,48
pmid_32484876,7
pmid_32487212,23
pmid_32497070,22
pmid_32500918,19
pmid_32516383,6
pmid_32528107,25
pmid_32532224,79
pmid_32543792,37
pmid_32544226,99
pmid_32547592,41
pmid_32550271,28
pmid_32558887,102
pmid_32573679,18
pmid_32573701,34
pmid_32580750,161
pmid_32608478,19
pmid_32615972,21
pmid_32623772,36
pmid_32631226,13
pmid_32647330,176
pmid_32657410,58
pmid_32660416,29
pmid_32660516,17
pmid_32660981,26
pmid_32661261,68
pmid_32664870,11
pmid_32665353,3
pmid_32678900,3
pmid_32689928,68
pmid_32690031,12
pmid_32692749,3
pmid_32697830,26
pmid_32701977,12
pmid_32706854,9
pmid_32709929,5
pmid_32716923,9
pmid_32732264,134
pmid_32750853,41
pmid_32750855,1
pmid_32758136,29
pmid_32767996,219
pmid_32778890,51
pmid_32787954,17
pmid_32805005,63
pmid_32816922,6
pmid_32821903,5
pmid_32831138,44
pmid_32832596,51
pmid_32838730,7
pmid_32845335,33
pmid_32850739,12
pmid_32850787,44
pmid_32859150,45
pmid_32859248,20
pmid_32862462,28
pmid_32866221,23
pmid_32871105,133
pmid_32883324,120
pmid_32912334,50
pmid_32934277,33
pmid_32936799,13
pmid_32938377,12
pmid_32938397,10
pmid_32962628,80
pmid_32966276,34
pmid_32976105,5
pmid_32978601,36
pmid_32978618,41
pmid_32991679,11
pmid_33005306,14
pmid_33010163,66
pmid_33020484,84
pmid_33023650,52
pmid_33026066,127
pmid_33035155,7
pmid_33036550,8
pmid_33045728,135
pmid_33045741,153
pmid_33045745,72
pmid_33045747,713
pmid_33045983,14
pmid_33046896,235
pmid_33074315,9
pmid_33076821,6
pmid_33081832,21
pmid_33087120,17
pmid_33090951,16
pmid_33095769,7
pmid_33095866,45
pmid_33096244,14
pmid_33100132,5
pmid_33101398,18
pmid_33109075,11
pmid_33119044,101
pmid_33119059,5
pmid_33119753,351
pmid_33119754,73
pmid_33125071,90
pmid_33125076,76
pmid_33125830,20
pmid_33126851,28
pmid_33135764,36
pmid_33142319,58
pmid_33151298,134
pmid_33151940,12
pmid_33163148,15
pmid_33170214,54
pmid_33172489,12
pmid_33177523,37
pmid_33178256,34
pmid_33180303,3
pmid_33183242,46
pmid_33186463,3
pmid_33199682,141
pmid_33203349,6
pmid_33211865,13
pmid_33213365,4
pmid_33219686,71
pmid_33219693,37
pmid_33225898,16
pmid_33227813,62
pmid_33230441,174
pmid_33230471,48
pmid_33231677,307
pmid_33232443,14
pmid_33235230,32
pmid_33245777,47
pmid_33250866,9
pmid_33258965,20
pmid_33258967,18
pmid_33270826,23
pmid_33270838,5
pmid_33270889,48
pmid_33275158,16
pmid_33275159,66
pmid_33279983,91
pmid_33292397,71
pmid_33294291,32
pmid_33294868,12
pmid_33301409,4
pmid_33304457,6
pmid_33304468,13
pmid_33306801,18
pmid_33309969,8
pmid_33320934,10
pmid_33330918,38
pmid_33341869,132
pmid_33346800,16
pmid_33367491,9
pmid_33367504,9
pmid_33370386,4
pmid_33372147,160
pmid_33372591,29
pmid_33381812,8
pmid_33381816,19
pmid_33381817,34
pmid_33381828,5
pmid_33381833,7
pmid_33410688,24
pmid_33416853,28
pmid_33416862,22
pmid_33425904,3
pmid_33432081,11
pmid_33434514,38
pmid_33454736,5
pmid_33459762,15
pmid_33461601,12
pmid_33468056,4
pmid_33471102,17
pmid_33481715,21
pmid_33489005,48
pmid_33508087,6
pmid_33509077,6
pmid_33509084,27
pmid_33522829,6
pmid_33522898,86
pmid_33523102,0
pmid_33526072,60
pmid_33526779,172
pmid_33532840,11
pmid_33535061,21
pmid_33538820,1287
pmid_33539888,62
pmid_33540081,26
pmid_33549725,26
pmid_33552037,7
pmid_33557755,1
pmid_33568045,9
pmid_33571101,8
pmid_33575580,53
pmid_33575630,3
pmid_33575635,3
pmid_33575640,10
pmid_33576787,36
pmid_33583425,25
pmid_33584814,17
pmid_33588754,9
pmid_33624746,67
pmid_33634313,57
pmid_33637727,490
pmid_33657986,14
pmid_33691015,3
pmid_33693841,9
pmid_33693880,19
pmid_33704425,24
pmid_33707582,12
pmid_33709154,14
pmid_33713851,7
pmid_33726666,16
pmid_33731963,4
pmid_33747049,1
pmid_33751027,35
pmid_33760053,648
pmid_33761871,0
pmid_33816851,0
pmid_33821874,7
pmid_33824393,22
pmid_33828580,45
pmid_33845765,13
pmid_33852600,31
pmid_33858322,1
pmid_33858925,1
pmid_33878366,72
pmid_33888512,14
pmid_33889181,2
pmid_33904573,37
pmid_33939795,24
pmid_33942874,51
pmid_33962556,1
pmid_33977077,20
pmid_33980133,22
pmid_33980847,203
pmid_33981483,3
pmid_33993215,17
pmid_33999180,30
pmid_33999190,5
pmid_34003823,25
pmid_34009302,15
pmid_34019647,19
pmid_34025950,8
pmid_34034791,33
pmid_34037796,62
pmid_34038531,21
pmid_34038548,30
pmid_34039269,2
pmid_34039282,74
pmid_34042953,19
pmid_34042972,16
pmid_34044854,51
pmid_34046055,2
pmid_34048560,29
pmid_34050351,20
pmid_34050762,31
pmid_34058751,11
pmid_34058973,1
pmid_34073774,32
pmid_34076236,50
pmid_34081706,22
pmid_34086847,12
pmid_34117863,7
pmid_34120586,3
pmid_34126932,9
pmid_34141136,11
pmid_34157105,15
pmid_34176069,15
pmid_34179956,13
pmid_34184038,0
pmid_34185062,7
pmid_34226915,52
pmid_34226917,70
pmid_34238207,5
pmid_34250478,19
pmid_34252930,4
pmid_34252956,2
pmid_34252959,25
pmid_34252966,20
pmid_34255822,4
pmid_34255854,6
pmid_34260700,5
pmid_34261498,0
pmid_34273560,44
pmid_34279571,8
pmid_34289010,12
pmid_34292930,7
pmid_34313778,11
pmid_34316703,0
pmid_34327037,7
pmid_34327329,10
pmid_34343273,26
pmid_34358315,42
pmid_34360892,0
pmid_34364858,29
pmid_34376223,42
pmid_34383893,3
pmid_34389037,72
pmid_34399797,68
pmid_34403470,10
pmid_34404353,23
pmid_34404761,0
pmid_34424948,83
pmid_34425860,18
pmid_34427650,10
pmid_34432052,37
pmid_34440019,25
pmid_34440781,4
pmid_34446921,97
pmid_34464378,17
pmid_34465366,119
pmid_34500467,16
pmid_34504687,8
pmid_34521442,56
pmid_34524415,3
pmid_34529038,37
pmid_34530727,8
pmid_34534335,31
pmid_34537012,5
pmid_34551433,44
pmid_34553746,37
pmid_34558825,9
pmid_34570169,16
pmid_34570217,75
pmid_34570235,33
pmid_34585247,35
pmid_34586379,5
pmid_34591960,18
pmid_34599234,14
pmid_34601556,6
pmid_34601568,62
pmid_34606615,10
pmid_34607562,24
pmid_34613923,16
pmid_34618085,13
pmid_34623394,3
pmid_34630517,11
pmid_34634810,46
pmid_34643213,8
pmid_34644115,3
pmid_34664074,15
pmid_34664632,28
pmid_34664666,34
pmid_34664670,67
pmid_34666191,21
pmid_34670278,50
pmid_34672337,0
pmid_34672553,46
pmid_34694378,5
pmid_34698276,7
pmid_34711957,651
pmid_34712617,8
pmid_34718715,337
pmid_34718738,286
pmid_34718747,25
pmid_34718752,146
pmid_34723317,64
pmid_34725479,1889
pmid_34730175,11
pmid_34734974,3
pmid_34747466,8
pmid_34751401,505
pmid_34755873,29
pmid_34755879,47
pmid_34761274,28
pmid_34785648,105
pmid_34789306,55
pmid_34791045,1
pmid_34791440,14
pmid_34792145,26
pmid_34792163,92
pmid_34792166,49
pmid_34805991,21
pmid_34815308,37
pmid_34850110,134
pmid_34850130,18
pmid_34850133,96
pmid_34850907,2171
pmid_34863095,23
pmid_34864898,2
pmid_34875002,14
pmid_34888624,24
pmid_34898596,14
pmid_34906207,28
pmid_34928392,41
pmid_34962260,21
pmid_34986601,22
pmid_34986805,3
pmid_34992138,177
pmid_34996498,56
pmid_35001978,34
pmid_35017649,18
pmid_35022687,10
pmid_35030989,1
pmid_35035784,18
pmid_35038653,17
pmid_35039821,134
pmid_35040932,11
pmid_35061087,38
pmid_35077535,10
pmid_35083040,1
pmid_35085493,90
pmid_35090393,17
pmid_35139202,10
pmid_35177836,97
pmid_35208680,26
pmid_35227282,7
pmid_35236295,7
pmid_35236300,12
pmid_35240993,7
pmid_35266510,9
pmid_35274679,27
pmid_35288750,47
pmid_35289834,0
pmid_35293310,18
pmid_35325188,403
pmid_35328768,2
pmid_35350773,56
pmid_35361110,12
pmid_35366792,16
pmid_35368672,14
pmid_35392802,7
pmid_35396274,69
pmid_35396487,152
pmid_35397520,22
pmid_35412455,11
pmid_35412617,2529
pmid_35412637,169
pmid_35446421,31
pmid_35452518,11
pmid_35456374,9
pmid_35475224,109
pmid_35479398,18
pmid_35486646,33
pmid_35489073,5
pmid_35501385,137
pmid_35505215,0
pmid_35508967,29
pmid_35511108,23
pmid_35524190,17
pmid_35524567,15
pmid_35533969,19
pmid_35534820,9
pmid_35536244,53
pmid_35554485,23
pmid_35561164,78
pmid_35561169,6
pmid_35561176,19
pmid_35592546,158
pmid_35595541,354
pmid_35609981,16
pmid_35625412,4
pmid_35637459,15
pmid_35639508,9
pmid_35639768,55
pmid_35640613,42
pmid_35640981,14
pmid_35643189,38
pmid_35648859,77
pmid_35657102,27
pmid_35659235,9
pmid_35671653,0
pmid_35681170,38
pmid_35685437,3
pmid_35690842,13
pmid_35692809,19
pmid_35694152,11
pmid_35695777,2
pmid_35696429,13
pmid_35701419,83
pmid_35703938,21
pmid_35713985,26
pmid_35741852,11
pmid_35758606,27
pmid_35758792,1
pmid_35758820,5
pmid_35771633,0
pmid_35777959,3
pmid_35778686,4
pmid_35782725,0
pmid_35786716,2
pmid_35788238,52
pmid_35788263,36
pmid_35788653,15
pmid_35789323,99
pmid_35799358,21
pmid_35804456,1
pmid_35809058,13
pmid_35809062,22
pmid_35820811,9
pmid_35832616,5
pmid_35834552,1
pmid_35854350,18
pmid_35863177,100
pmid_35867364,7
pmid_35870905,1
pmid_35883430,3
pmid_35883552,25
pmid_35885909,17
pmid_35906531,6
pmid_35927614,1
pmid_35939233,11
pmid_35941239,154
pmid_35950764,17
pmid_35955817,11
pmid_35959979,8
pmid_35961023,107
pmid_35971180,19
pmid_35974311,10
pmid_35976846,8
pmid_35996085,9
pmid_35997565,68
pmid_35998480,1
pmid_36000853,32
pmid_36002797,7
pmid_36012247,8
pmid_36017348,12
pmid_36018788,15
pmid_36018808,38
pmid_36028931,8
pmid_36043442,16
pmid_36061801,10
pmid_36063453,7
pmid_36064314,10
pmid_36064791,13
pmid_36068320,86
pmid_36070863,21
pmid_36074460,61
pmid_36075505,5
pmid_36084008,2
pmid_36089620,29
pmid_36090812,8
pmid_36094334,3
pmid_36099206,2
pmid_36111865,3
pmid_36114193,6
pmid_36116322,21
pmid_36123620,16
pmid_36124642,155
pmid_36124796,17
pmid_36124954,17
pmid_36124976,27
pmid_36126833,7
pmid_36147675,31
pmid_36148013,4
pmid_36155619,22
pmid_36161334,95
pmid_36162821,8
pmid_36171722,19
pmid_36173306,20
pmid_36178800,29
pmid_36186050,25
pmid_36192696,17
pmid_36200824,10
pmid_36205615,8
pmid_36206320,16
pmid_36209437,17
pmid_36215037,34
pmid_36227570,18
pmid_36238687,10
pmid_36243974,10
pmid_36243975,53
pmid_36245002,11
pmid_36250795,1
pmid_36253864,165
pmid_36265006,14
pmid_36267125,4
pmid_36271848,47
pmid_36286622,453
pmid_36287122,4
pmid_36300629,39
pmid_36300630,140
pmid_36304311,2
pmid_36306325,47
pmid_36307828,35
pmid_36307979,57
pmid_36311809,3
pmid_36315580,7
pmid_36318250,29
pmid_36318260,70
pmid_36318264,123
pmid_36325065,23
pmid_36327240,12
pmid_36328151,24
pmid_36333787,5
pmid_36341591,38
pmid_36342196,10
pmid_36350663,27
pmid_36352464,15
pmid_36355469,7
pmid_36360220,12
pmid_36369226,82
pmid_36376800,29
pmid_36377755,6
pmid_36381577,5
pmid_36383176,7
pmid_36394233,3
pmid_36399495,64
pmid_36400030,4
pmid_36406389,9
pmid_36444296,12
pmid_36448696,13
pmid_36448715,21
pmid_36451086,3
pmid_36451166,17
pmid_36451223,18
pmid_36458445,20
pmid_36477791,5
pmid_36477794,31
pmid_36502693,11
pmid_36503892,18
pmid_36510136,6
pmid_36513377,3
pmid_36520922,11
pmid_36523764,18
pmid_36525361,7
pmid_36529897,2
pmid_36532379,12
pmid_36533448,25
pmid_36544470,8
pmid_36544479,19
pmid_36546757,14
pmid_36575796,75
pmid_36576005,0
pmid_36582444,30
pmid_36601579,13
pmid_36602356,4
pmid_36607439,12
pmid_36610708,21
pmid_36629453,15
pmid_36653120,3
pmid_36676020,9
pmid_36698077,0
pmid_36698768,35
pmid_36699368,6
pmid_36699378,6
pmid_36707993,12
pmid_36719906,41
pmid_36720887,38
pmid_36726731,2
pmid_36742312,9
pmid_36748992,19
pmid_36752023,17
pmid_36768917,20
pmid_36774364,30
pmid_36803795,14
pmid_36804477,4
pmid_36810075,3
pmid_36833196,15
pmid_36840614,2
pmid_36847562,8
pmid_36849830,18
pmid_36864613,22
pmid_36873935,2
pmid_36874981,12
pmid_36879901,8
pmid_36924867,31
pmid_36936371,2
pmid_36940213,13
pmid_36941541,15
pmid_36961339,1
pmid_36980170,5
pmid_37000617,0
pmid_37004080,7
pmid_37004197,6
pmid_37010504,3
pmid_37012226,50
pmid_37018146,22
pmid_37021559,11
pmid_37023129,20
pmid_37038446,0
pmid_37039839,7
pmid_37053505,21
pmid_37073532,66
pmid_37078865,27
pmid_37079737,36
pmid_37081487,17
pmid_37083939,13
pmid_37089814,18
pmid_37101544,47
pmid_37112833,8
pmid_37131406,22
pmid_37132521,5
pmid_37139553,4
pmid_37143118,40
pmid_37143876,4
pmid_37144464,4
pmid_37153629,0
pmid_37158253,7
pmid_37162225,22
pmid_37168281,13
pmid_37194711,102
pmid_37198692,17
pmid_37205123,8
pmid_37207350,8
pmid_37217468,24
pmid_37218013,7
pmid_37221245,17
pmid_37223317,2
pmid_37224529,11
pmid_37250110,6
pmid_37254480,33
pmid_37267145,16
pmid_37302549,8
pmid_37305684,3
pmid_37308829,0
pmid_37310837,2
pmid_37328639,39
pmid_37356907,2
pmid_37356908,28
pmid_37378342,3
pmid_37387180,40
pmid_37388912,43
pmid_37397353,8
pmid_37403780,11
pmid_37409354,1
pmid_37427797,5
pmid_37440599,11
pmid_37443338,712
pmid_37478350,4
pmid_37494428,8
pmid_37497729,11
pmid_37501141,46
pmid_37510345,19
pmid_37530436,19
pmid_37537351,107
pmid_37544661,6
pmid_37569400,6
pmid_37572440,8
pmid_37573342,10
pmid_37589496,6
pmid_37599593,13
pmid_37600846,1
pmid_37602392,40
pmid_37609633,17
pmid_37637211,4
pmid_37672792,76
pmid_37704947,2
pmid_37707523,5
pmid_37725346,4
pmid_37745002,6
pmid_37760334,1
pmid_37769837,18
pmid_37791879,60
pmid_37805704,2
pmid_37811941,10
pmid_37814314,4
pmid_37822562,3
pmid_37829674,15
pmid_37831097,11
pmid_37831137,13
pmid_37845681,9
pmid_37864168,1
pmid_37864293,4
pmid_37870478,6
pmid_37889053,24
pmid_37889077,38
pmid_37897357,4
pmid_37904589,13
pmid_37919990,4
pmid_37924441,51
pmid_37930842,7
pmid_37933857,15
pmid_37941154,20
pmid_37950200,13
pmid_37956335,7
pmid_37956338,34
pmid_37982748,6
pmid_37982752,5
pmid_37993812,4
pmid_37996959,10
pmid_38012291,0
pmid_38016949,8
pmid_38023327,7
pmid_38046273,2
pmid_38061196,13
pmid_38100461,2
pmid_38109668,39
pmid_38113078,3
pmid_38114921,0
pmid_38127613,11
pmid_38189539,6
pmid_38213995,2
pmid_38214231,7
pmid_38217405,14
pmid_38236675,10
pmid_38258978,17
pmid_38261340,29
pmid_38278964,23
pmid_38281191,2
pmid_38291894,1
pmid_38312198,7
pmid_38314912,17
pmid_38316789,31
pmid_38323623,4
pmid_38336860,20
pmid_38339181,1
pmid_38347618,7
pmid_38355413,6
pmid_38366935,4
pmid_38385146,12
pmid_38388573,22
pmid_38407414,7
pmid_38411627,8
pmid_38412294,45
pmid_38429953,19
pmid_38438786,18
pmid_38438881,5
pmid_38442111,11
pmid_38443825,2
pmid_38444538,8
pmid_38444699,12
pmid_38459946,10
pmid_38485699,9
pmid_38485768,21
pmid_38491248,2
pmid_38505804,6
pmid_38510148,20
pmid_38515040,4
pmid_38531069,225
pmid_38544801,3
pmid_38565144,26
pmid_38565260,3
pmid_38570859,2
pmid_38580076,18
pmid_38581416,25
pmid_38581422,3
pmid_38588573,7
pmid_38589899,16
pmid_38596315,3
pmid_38597606,1747
pmid_38597610,1
pmid_38645715,1
pmid_38681778,0
pmid_38689652,22
pmid_38701417,35
pmid_38701419,9
pmid_38707542,10
pmid_38709794,3
pmid_38709825,259
pmid_38733561,4
pmid_38754366,26
pmid_38773508,6
pmid_38774512,7
pmid_38778003,4
pmid_38809952,238
pmid_38814811,13
pmid_38846137,2
pmid_38857451,16
pmid_38872103,0
pmid_38878855,3
pmid_38905499,1
pmid_38940155,7
pmid_38941289,3
pmid_38950180,4
pmid_38976461,5
pmid_38987810,13
pmid_38996550,1
pmid_38996755,6
pmid_39014503,6
pmid_39041910,4
pmid_39050785,4
pmid_39062661,0
pmid_39080561,2
pmid_39085735,5
pmid_39093856,7
pmid_39107889,3
pmid_39166482,12
pmid_39168402,6
pmid_39175079,5
pmid_39178387,6
pmid_39186807,4
pmid_39187941,0
pmid_39193566,0
pmid_39211331,16
pmid_39226186,7
pmid_39256681,0
pmid_39267072,7
pmid_39316943,9
pmid_39350338,16
pmid_39351893,19
pmid_39371416,2
pmid_39375864,6
pmid_39391931,5
pmid_39404887,3
pmid_39420631,8
pmid_39435339,4
pmid_39441067,41
pmid_39448614,2
pmid_39468737,1
pmid_39474623,7
pmid_39475432,0
pmid_39482734,2
pmid_39516198,9
pmid_39526388,5
pmid_39530233,26
pmid_39535258,1
pmid_39535874,7
pmid_39561516,8
pmid_39570606,1
pmid_39570626,1
pmid_39578697,9
pmid_39581871,1
pmid_39591973,10
pmid_39592010,12
pmid_39637210,2
pmid_39684451,0
pmid_39701486,2
pmid_39704340,8
pmid_39705007,9
pmid_39713663,2
pmid_39724337,0
pmid_39736655,7
pmid_39747019,4
pmid_39766781,6
pmid_39766797,0
pmid_39825430,8
pmid_39841593,3
pmid_39842990,12
pmid_39844296,4
pmid_39868538,9
pmid_39878927,0
pmid_39893190,4
pmid_39909261,1
pmid_39931505,0
pmid_39934680,4
pmid_39944799,0
pmid_39960893,9
pmid_39987573,2
pmid_39997216,5
pmid_40041113,5
pmid_40084126,1
pmid_40087310,14
pmid_40095604,0
pmid_40100159,6
pmid_40104737,4
pmid_40106419,1
pmid_40116659,6
pmid_40128719,2
pmid_40248489,0
pmid_40279252,0
pmid_40300607,2
pmid_40322916,6
pmid_40329378,4
pmid_40365110,2
pmid_40382355,8
pmid_40389443,5
pmid_40394581,7
pmid_40396031,12
pmid_40408160,6
pmid_40408406,1
pmid_40411397,6
pmid_40424338,1
pmid_40436897,3
pmid_40454229,1
pmid_40466944,1
pmid_40484997,0
pmid_40490738,1
pmid_40519652,0
pmid_40581357,0
pmid_40597657,1
pmid_40613852,2
pmid_40634835,3
pmid_40646689,0
pmid_40662809,1
pmid_40662813,5
pmid_40665244,1
pmid_40668213,0
pmid_40691759,0
pmid_40699953,1
pmid_40700009,0
pmid_40708222,8
pmid_40723304,0
pmid_40775355,0
pmid_40778316,2
pmid_40802526,3
pmid_40811307,1
pmid_40825076,2
pmid_40848288,2
pmid_40881463,1
pmid_40904866,2
pmid_40956752,2
pmid_40966653,2
pmid_40966654,4
pmid_40973025,1
pmid_40983951,6
pmid_41036619,6
pmid_41053815,4
pmid_41087863,1
pmid_41091706,1
pmid_41094274,7
pmid_41104806,3
pmid_41107706,2
pmid_41120648,0
pmid_41123731,0
pmid_41132794,1
pmid_41143682,0
pmid_41158063,3
pmid_41171141,1
pmid_41206950,4
pmid_41253815,2
pmid_41256401,1
pmid_41269283,2
pmid_41283958,1
pmid_41284927,1
pmid_41285795,4
pmid_41324554,0
pmid_41345274,0
pmid_41372765,0
pmid_41396997,1
pmid_41416520,0
pmid_41424765,0
pmid_41452748,0
pmid_41498638,1
pmid_41527854,1
pmid_41544912,0
pmid_41544987,2
pmid_41555433,2
pmid_41675513,1
pmid_41697918,0
pmid_41712762,2
pmid_41716221,0
pmid_41731605,0
pmid_41774282,0
pmid_41800139,0
pmid_41805929,0
pmid_41833256,1
pmid_41871930,0
pmid_41877008,0
pmid_41883144,2
pmid_41981661,0
pmid_42007520,0
pmid_42036438,0
pmid_42054465,0
pmid_42059479,0
pmid_42087173,1
pmid_42093817,0
pmid_42106399,0
pmid_42165138,0
pmid_42265576,0
pmid_42287723,0
pmid_42289051,0
pmid_42306852,0
pmid_42363058,1
pmid_42401582,0
pmid_42428152,0
pmid_42458246,0
pmid_7511453,121
pmid_7570003,3723
pmid_7584402,5116
pmid_7584439,681
pmid_7650738,176
pmid_7874496,651
pmid_8211139,1826
pmid_8232585,587
pmid_8293335,0
pmid_8441667,118
pmid_8520488,395
pmid_8594589,1084
pmid_8877500,26
pmid_8902357,83
pmid_9088706,31
pmid_9283754,177
pmid_9366496,70
pmid_9520502,556
pmid_9719638,750
pmid_9788350,964
pmid_9847207,748
pmid_9847216,312
