id	name	description	categories	primary_category	tier	homepage	repo_url	repo_stars	repo_pushed	repo_archived	repo_language	repo_license	tool_type	topics	languages	license	maturity	cost	citations	citation_note	year	publication	biotools_id	biotools_url	last_update	source	tags	featured
macs	MACS	Calls peaks from ChIP-seq data using a model-based approach	peak-calling	peak-calling	core	http://liulab.dfci.harvard.edu/MACS/	https://github.com/taoliu/MACS	781	2026-07-07	False	Python	BSD-3-Clause	Command-line tool	ChIP-seq|Molecular interactions, pathways and networks|Transcription factors and regulatory sites	Python	Artistic-2.0	Mature		20217		2008	pmid:18798982	macs	https://bio.tools/macs	2024-11-25	bio.tools		
weblogo	WebLogo	Generate sequence logos from aligned sequences via a web application	motif-comparison	motif-comparison	extended	http://weblogo.berkeley.edu/							Command-line tool|Web application	Nucleic acid sites, features and motifs|Sequence analysis					11991			pmid:15173120	weblogo	https://bio.tools/weblogo	2024-11-25	bio.tools		
meme_suite	MEME Suite	Discovers and analyses sequence motifs such as DNA binding sites and protein interaction domains	motif-discovery|motif-scanning|motif-comparison|tfbs-prediction|footprinting|regulatory-variants	motif-discovery	core	http://meme-suite.org/							Command-line tool|Web application|Suite	Transcription factors and regulatory sites|Gene expression|DNA binding sites|Protein folds and structural domains|Sequence sites, features and motifs					4897		1994	pmid:7584402	meme_suite	https://bio.tools/meme_suite	2019-02-04	bio.tools		
great	GREAT	Predicts functions of cis-regulatory regions from genomic data	regulatory-elements|peak-annotation	regulatory-elements	core	http://bejerano.stanford.edu/great/public/html/							Web application	Functional, regulatory and non-coding RNA					4439			pmid:20436461	great	https://bio.tools/great	2024-11-25	bio.tools		
genie3	GENIE3	Infers gene regulatory networks from expression data	grn-inference	grn-inference	extended	https://github.com/vahuynh/GENIE3	https://github.com/vahuynh/GENIE3	102	2021-09-24	False	C		Library	Systems biology|Molecular interactions, pathways and networks|Gene expression|Machine learning	R|MATLAB|Python				2310		2010	pmid:20927193	genie3	https://bio.tools/genie3	2024-11-25	bio.tools		
transfac	TRANSFAC	Database of eukaryotic cis-acting regulatory DNA elements and trans-acting factors	motif-databases|tfbs-prediction|regulatory-elements	motif-databases	core	http://www.gene-regulation.com/pub/databases.html#transfac							Database portal	Transcription factors and regulatory sites|Gene expression|DNA binding sites|Molecular interactions, pathways and networks|Model organisms					2021			pmid:12520026	transfac	https://bio.tools/transfac	2024-11-25	bio.tools		
jaspar	JASPAR	Provides manually curated transcription factor binding profiles for six taxonomic groups	motif-databases	motif-databases	core	http://jaspar.genereg.net/	https://github.com/asntech/pyjaspar	38	2026-02-10	False	Python	MIT	Database portal|Web application	Biological databases|Transcription factors and regulatory sites|Gene regulation|Genomics|Human biology|Plant biology|Model organisms	Python	CC-BY-4.0	Mature	Free of charge	1576		2022	pmid:34850907	jaspar	https://bio.tools/jaspar	2023-08-10	bio.tools		The default open motif database; six taxonomic groups, versioned releases
chromvar	chromVAR	Infers transcription-factor-associated accessibility from single-cell epigenomic data	tfbs-prediction|regulatory-elements|single-cell	tfbs-prediction	core	https://github.com/GreenleafLab/chromVAR	https://github.com/GreenleafLab/chromVAR	193	2026-05-01	False	R	NOASSERTION	Library	Epigenomics|Transcription factors and regulatory sites|Nucleic acid structure analysis	R				1464		2017	pmid:28825706	chromvar	https://bio.tools/chromvar	2018-12-10	bio.tools		
nucleosome_prediction	nucleosome_prediction	Predicts nucleosome positions on the genome using sequence analysis	nucleosome-chromatin	nucleosome-chromatin	core	https://genie.weizmann.ac.il/software/nucleo_exe.html	https://github.com/bgruening/galaxytools	123	2026-07-25	False	HTML	MIT	Command-line tool	Structural genomics|Nucleic acid sites, features and motifs	Perl		Mature	Free of charge	1249			doi:10.1038/nature07667	nucleosome_prediction	https://bio.tools/nucleosome_prediction	2024-11-07	bio.tools		
pipmaker	PipMaker	Compute alignments of similar regions in two DNA sequences	comparative	comparative	core	http://bio.cse.psu.edu/							Web application	Gene transcripts|Transcription factors and regulatory sites|DNA|Gene expression|DNA binding sites					1204			pmid:10779500	pipmaker	https://bio.tools/pipmaker	2024-11-25	bio.tools		
match	Match	Searches for putative transcription factor binding sites in DNA sequences using weight matrices	motif-scanning|tfbs-prediction	motif-scanning	core	http://www.gene-regulation.com/pub/programs.html#match							Web application	Transcription factors and regulatory sites|DNA binding sites|Gene expression|Nucleic acid sites, features and motifs|DNA					1104			pmid:12824369	match	https://bio.tools/match	2024-11-25	bio.tools		
vulcan	vulcan	Interrogates gene regulatory networks to infer cofactors enriched in differential ChIP-Seq binding signatures	chip-resources|grn-inference	chip-resources	extended	http://bioconductor.org/packages/release/bioc/html/vulcan.html							Library	ChIP-seq|Gene expression|Systems biology	R	LGPL-3.0		Free of charge	1078		2016	pmid:27322546	vulcan	https://bio.tools/vulcan	2019-01-13	bio.tools		
spp	SPP	Analyses ChIP-seq data with R-scripts for peak calling	peak-calling	peak-calling	core	https://sites.google.com/a/brown.edu/bioinformatics-in-biomed/spp-r-from-chip-seq							Library	Genomics|ChIP-seq	R	GPL-2.0			991		2008	pmid:19029915	spp	https://bio.tools/spp	2024-11-25	bio.tools		
alignace	AlignACE	Finds conserved DNA sequence elements using pattern recognition in a set of sequences	motif-discovery	motif-discovery	extended	http://arep.med.harvard.edu/mrnadata/mrnasoft.html							Web application	Gene transcripts|DNA|Data mining|Nucleic acid sites, features and motifs|Structure prediction					960			pmid:9788350	alignace	https://bio.tools/alignace	2024-11-25	bio.tools		
PlantRegMap	PlantRegMap	Retrieves plant transcription factors, regulatory elements, and their interactions for transcriptional regulation analysis	motif-databases|tfbs-prediction|regulatory-elements	motif-databases	core	http://plantregmap.gao-lab.org/								Plant biology|Transcription factors and regulatory sites|Gene regulation|ChIP-seq|Mapping					878		2020	pmid:31701126	PlantRegMap	https://bio.tools/PlantRegMap	2021-01-10	bio.tools		
bioprospector	BioProspector	Scans upstream of co-expressed genes for regulatory sequence motifs using Gibbs sampling	motif-discovery|motif-scanning	motif-discovery	extended	http://robotics.stanford.edu/~xsliu/BioProspector/							Web application	Gene expression|Sequence sites, features and motifs|Gene regulation|Molecular interactions, pathways and networks|Sequence analysis	C				854			pmid:11262934	bioprospector	https://bio.tools/bioprospector	2024-11-25	bio.tools		
cistrome	Cistrome	Analyses ChIP-chip/seq and gene expression microarray data via a web platform	motif-discovery|peak-calling|chip-resources	motif-discovery	core	http://www.cistrome.org/Cistrome/Cistrome_Project.html#							Web application	Immunoprecipitation experiment|Transcriptomics|Workflows|Gene expression	Python		Mature		799			pmid:21859476	cistrome	https://bio.tools/cistrome	2024-11-25	bio.tools		
oligo-analysis	RSAT oligo-analysis	Computes k-mer frequencies and statistics to discover exceptional motifs in sequences	motif-discovery	motif-discovery	core	http://teaching.rsat.eu/oligo-analysis_form.cgi							Command-line tool|Web application|Web service	Transcription factors and regulatory sites|Protein sites, features and motifs|Gene regulation|Nucleic acid sites, features and motifs	Perl	AFL-3.0	Mature	Free of charge	752		1998	pmid:9719638	oligo-analysis	https://bio.tools/oligo-analysis	2024-11-24	bio.tools		
cassys	CASSys	Supports all steps of computational ChIP-seq data analysis, from mapping to pathway analysis	peak-calling|peak-annotation|chip-resources	peak-calling	extended	http://www.zbh.uni-hamburg.de/en/research/application-oriented-bioinformatics/researchprojects/cassys.html							Desktop application	ChIP-seq|Mapping|Molecular interactions, pathways and networks|Data architecture, analysis and design					721		2008	pmid:18978777	cassys	https://bio.tools/cassys	2024-11-25	bio.tools		
cisgenome	CisGenome	Integrates tiling array, ChIP-seq, genome and cis-regulatory element analysis	motif-discovery|motif-scanning|regulatory-elements|peak-calling|peak-annotation	motif-discovery	extended	http://www.biostat.jhsph.edu/~hji/cisgenome/index.htm							Suite	ChIP-seq|ChIP-on-chip|Sequence sites, features and motifs	C++|C		Mature		721			pmid:18978777	cisgenome	https://bio.tools/cisgenome	2024-11-25	bio.tools		
planttfdb	PlantTFDB	Identifies comprehensive sets of plant genes coding for transcription factors	motif-databases|tfbs-prediction|regulatory-elements	motif-databases	core	http://plntfdb.bio.uni-potsdam.de/v1.0/							Database portal	Transcription factors and regulatory sites|Plant biology|Gene expression|Gene and protein families|Gene transcripts					698		2009	pmid:19858103	planttfdb	https://bio.tools/planttfdb	2018-12-10	bio.tools		
plntfdb	PlnTFDB	Provides complete sets of transcription factors and transcriptional regulators for sequenced plant genomes	motif-databases	motif-databases	core	http://plntfdb.bio.uni-potsdam.de/							Database portal	Plant biology|Transcription factors and regulatory sites|Gene expression|Gene and protein families|Molecular interactions, pathways and networks					698		2009	pmid:19858103	plntfdb	https://bio.tools/plntfdb	2024-11-25	bio.tools		
dnabert	DNABERT	Pre-trained bidirectional encoder for genomic DNA sequences to capture contextual nucleotide understanding	tfbs-prediction|regulatory-elements	tfbs-prediction	core	https://github.com/jerryji1993/DNABERT	https://github.com/jerryji1993/DNABERT	768	2026-01-22	False	Python	Apache-2.0	Command-line tool	Transcription factors and regulatory sites|DNA polymorphism|RNA splicing|ChIP-seq|Gene transcripts|Genetic variation	Python				681		2021	pmid:33538820	dnabert	https://bio.tools/dnabert	2024-11-24	bio.tools		
arboreto	Arboreto	Efficiently and scalably infers gene regulatory networks from expression data	grn-inference	grn-inference	core	http://arboreto.readthedocs.io	https://github.com/aertslab/arboreto	69	2024-04-05	False	Jupyter Notebook	BSD-3-Clause		Molecular interactions, pathways and networks|RNA-Seq|Gene expression	Python	BSD-3-Clause			653		2019	pmid:30445495	arboreto	https://bio.tools/arboreto	2020-09-08	bio.tools		
plantcare	PlantCARE	Database of plant cis-acting regulatory elements for in silico promoter analysis	motif-databases|regulatory-elements	motif-databases	core	http://bioinformatics.psb.ugent.be/webtools/plantcare/html/							Database portal	Transcriptomics|Plant biology					633		1999	pmid:9847207	plantcare	https://bio.tools/plantcare	2024-11-24	bio.tools		
SEACR	SEACR	Calls peaks on CUT&RUN sparse enrichment data	peak-calling	peak-calling	core	https://github.com/FredHutch/SEACR	https://github.com/FredHutch/SEACR	122	2023-01-15	False	Shell	GPL-2.0	Script|Web application	ChIP-seq	Shell|R	GPL-2.0	Mature		614			pmid:31300027	SEACR	https://bio.tools/SEACR	2026-06-19	bio.tools		
peakseq	PeakSeq	Identifies and ranks peak regions in ChIP-Seq experiments	peak-calling	peak-calling	core	http://info.gersteinlab.org/PeakSeq							Command-line tool	ChIP-seq	Perl|C				572		2009	pmid:19122651	peakseq	https://bio.tools/peakseq	2024-11-24	bio.tools		
lncrnadb	lncRNAdb	Provides a comprehensive list of functionally annotated long noncoding RNAs and regulatory mRNAs in eukaryotes	regulatory-elements	regulatory-elements	core	http://www.lncrnadb.org/							Database portal	Functional, regulatory and non-coding RNA|Gene expression|Gene transcripts|Pathology|RNA	SQL				565		2011	pmid:21112873	lncrnadb	https://bio.tools/lncrnadb	2024-11-24	bio.tools		
tale-nt	TALE-NT	Designs TAL effector repeat arrays and predicts TAL effector binding sites	tfbs-prediction	tfbs-prediction	core	https://boglab.plp.iastate.edu/							Web application	Transcription factors and regulatory sites|Small molecules|Gene expression|Genetic variation|DNA binding sites					559			pmid:22693217	tale-nt	https://bio.tools/tale-nt	2024-11-25	bio.tools		
annotatr	annotatr	Annotates genomic sites or regions with intersecting genomic annotations	peak-annotation	peak-annotation	extended	http://bioconductor.org/packages/release/bioc/html/annotatr.html	https://github.com/rcavalcante/annotatr	27	2025-10-14	False	R		Command-line tool|Library	ChIP-seq|Genomics|Sequence sites, features and motifs|DNA binding sites	R	GPL-3.0			553			pmid:28369316	annotatr	https://bio.tools/annotatr	2024-11-25	bio.tools		
cellnetanalyzer	CellNetAnalyzer	Analyzes structure and function of metabolic, signaling, and regulatory networks using MATLAB	grn-inference	grn-inference	core	https://www2.mpi-magdeburg.mpg.de/projects/cna/cna.html							Command-line tool|Desktop application	Computational biology	MATLAB				550		2007	pmid:17408509	cellnetanalyzer	https://bio.tools/cellnetanalyzer	2024-11-25	bio.tools		
cistopic	cisTopic	Models cis-regulatory topics from single-cell ATAC-seq data	regulatory-elements|single-cell	regulatory-elements	extended	http://github.com/aertslab/cistopic	https://github.com/aertslab/cistopic	147	2024-04-05	False	HTML			Epigenomics|Transcription factors and regulatory sites|Cell biology|Workflows		GPL-3.0			542		2019	pmid:30962623	cistopic	https://bio.tools/cistopic	2020-09-08	bio.tools		
sissrs	SISSRs	Produce a list of peak maxima from aligned positions	peak-calling	peak-calling	core	http://sissrs.rajajothi.com/							Command-line tool	ChIP-seq|DNA|Sequencing|ChIP-seq|Transcriptomics|DNA binding sites	Perl				536		2008	pmid:18684996	sissrs	https://bio.tools/sissrs	2024-11-24	bio.tools		
ipro54-pseknc	iPro54-PseKNC	Identifies σ54 promoters using pseudo k-tuple nucleotide composition from DNA sequences	regulatory-elements	regulatory-elements	core	http://lin-group.cn/server/iPro54-PseKNC							Web application	Transcription factors and regulatory sites					512		2014	pmid:25361964	ipro54-pseknc	https://bio.tools/ipro54-pseknc	2018-12-10	bio.tools		
ecocyc	EcoCyc	A scientific database for the bacterium Escherichia coli K-12 MG1655	chip-resources|grn-inference|regulatory-variants	chip-resources	extended	http://EcoCyc.org							Database portal	Molecular interactions, pathways and networks|Gene expression|Transcription factors and regulatory sites|Model organisms|Gene regulation					511		2011	pmid:21097882	ecocyc	https://bio.tools/ecocyc	2024-11-25	bio.tools		
web_weeder	Web Weeder	Identifies conserved motifs in related regulatory DNA sequences likely to be transcription factor binding sites	motif-discovery	motif-discovery	core	http://159.149.160.51/modtools/							Web application	Transcription factors and regulatory sites|Gene expression|DNA binding sites|Nucleic acid sites, features and motifs|DNA					502			pmid:15215380	web_weeder	https://bio.tools/web_weeder	2024-11-25	bio.tools		
transtermhp	TransTermHP	Finds rho-independent transcription terminators in bacterial genomes	tfbs-prediction|regulatory-elements	tfbs-prediction	core	http://transterm.cbcb.umd.edu/								Transcription factors and regulatory sites	C++			Free of charge	499		2007	pmid:17313685	transtermhp	https://bio.tools/transtermhp	2022-03-15	bio.tools		
mcl	MCL	Clusters biological data using the Markov Cluster algorithm for network analysis	grn-inference	grn-inference	core	http://micans.org/mcl/	https://github.com/micans/mcl	114	2025-09-19	False	C	NOASSERTION	Command-line tool	Molecular interactions, pathways and networks	C	GPL-3.0	Mature	Free of charge	485		2012	pmid:22144159	mcl	https://bio.tools/mcl	2024-11-24	bio.tools		
stamp	STAMP	Explores DNA-binding motif similarities through motif alignment, similarity, and database matching	motif-comparison|motif-databases	motif-comparison	extended	http://www.benoslab.pitt.edu/stamp/							Web application	Transcription factors and regulatory sites|Gene expression|Sequence sites, features and motifs|Protein structural motifs and surfaces|Sequence analysis	PHP|C++|Perl				485		2007	pmid:17478497	stamp	https://bio.tools/stamp	2024-11-24	bio.tools		
manorm	MAnorm	Quantitatively compares ChIP-Seq data sets for transcription factor binding sites and epigenetic modifications	peak-annotation	peak-annotation	extended	http://bcb.dfci.harvard.edu/~gcyuan/MAnorm/MAnorm.htm							Command-line tool	ChIP-seq|GWAS study|Molecular interactions, pathways and networks|Epigenetics	R|MATLAB				467			pmid:22424423	manorm	https://bio.tools/manorm	2024-11-25	bio.tools		
consite	Consite	Detects transcription factor binding sites in genomic sequences using phylogenetic footprinting and confirmed binding profiles	tfbs-prediction|footprinting	tfbs-prediction	core	http://consite.genereg.net/							Web application	Transcription factors and regulatory sites|Gene expression|Nucleic acid sites, features and motifs|DNA binding sites|Phylogenetics	Perl				456		2004	pmid:15215389	consite	https://bio.tools/consite	2018-12-10	bio.tools		
boolnet	BoolNet	Reconstructs and generates Boolean networks, analyzing and visualizing attractors	grn-inference	grn-inference	core	https://cran.r-project.org/web/packages/BoolNet/index.html							Library	Molecular interactions, pathways and networks|Mathematics|Gene expression|Microarray experiment	R	Artistic-2.0		Free of charge	455		2010	pmid:20378558	boolnet	https://bio.tools/boolnet	2024-11-24	bio.tools		
gothic	GOTHiC	Detects interactions between distal genomic loci in Hi-C data using a cumulative binomial test	tfbs-prediction|regulatory-elements|nucleosome-chromatin	tfbs-prediction	core	http://bioconductor.org/packages/release/bioc/html/GOTHiC.html							Command-line tool|Library	Mapping|Molecular interactions, pathways and networks|Epigenetics|Transcription factors and regulatory sites	R	GPL-3.0			449			pmid:25752748	gothic	https://bio.tools/gothic	2024-11-25	bio.tools		
hotnet	HotNet	Finds significantly altered subnetworks in a large gene interaction network	grn-inference	grn-inference	core	http://compbio.cs.brown.edu/projects/hotnet/	https://github.com/raphael-group/hotnet	8	2019-01-21	False	Python	NOASSERTION	Command-line tool	Systems biology|Genetics|Gene regulation|Molecular interactions, pathways and networks	Python				449		2011	pmid:21385051	hotnet	https://bio.tools/hotnet	2024-11-25	bio.tools		
promateus	ProMateus	Extends ProMate to predict protein binding sites with user-suggested features	tfbs-prediction|peak-calling	tfbs-prediction	core	http://bioportal.weizmann.ac.il/promate/							Web application	Protein binding sites|Nucleic acid sites, features and motifs|DNA binding sites|Transcription factors and regulatory sites|Proteins					442			pmid:15050833	promateus	https://bio.tools/promateus	2024-11-25	bio.tools		
nucleoatac	NucleoATAC	Maps nucleosome positions and chromatin architecture from ATAC-seq data using structured nucleosome fingerprints	regulatory-elements|peak-calling|nucleosome-chromatin	regulatory-elements	core	https://anaconda.org/bioconda/nucleoatac	https://github.com/GreenleafLab/NucleoATAC	113	2020-12-20	False	Python	MIT		DNA packaging|Transcription factors and regulatory sites|ChIP-seq|Chromosome conformation capture|Protein expression	Python	MIT			438		2015	pmid:26314830	nucleoatac	https://bio.tools/nucleoatac	2025-10-27	bio.tools		
streme	STREME	Discovers sequence motifs in DNA, RNA, or protein sequences	motif-discovery	motif-discovery	core	http://meme-suite.org							Suite	Sequence sites, features and motifs|ChIP-seq|RNA immunoprecipitation|Epigenetics|Small molecules					435		2021	pmid:33760053	streme	https://bio.tools/streme	2024-11-24	bio.tools		
rvista	rVista	Identifies evolutionarily conserved noncoding DNA regions with specific configurations in genomic sequences	tfbs-prediction|regulatory-elements|comparative	tfbs-prediction	core	http://rvista.dcode.org/							Web application	Sequencing|Transcription factors and regulatory sites|DNA|Genomics					419			pmid:15215384	rvista	https://bio.tools/rvista	2024-11-25	bio.tools		
scATAC-seq	scATAC-seq	Assesses computational methods for analysing single-cell ATAC-seq data	peak-calling|single-cell	peak-calling	core	https://www.encodeproject.org/atac-seq/								Epigenetics|Transcriptomics|Gene regulation|Workflows|Mapping					409		2019	pmid:31739806	scATAC-seq	https://bio.tools/scATAC-seq	2020-12-17	bio.tools		
firstef	FirstEF	Predicts 5' terminal exons and promoters in DNA sequences	regulatory-elements	regulatory-elements	core	http://rulai.cshl.org/tools/FirstEF/							Web application	Transcription factors and regulatory sites|Gene transcripts|Human biology|DNA|Structure prediction					404			pmid:11726928	firstef	https://bio.tools/firstef	2024-11-25	bio.tools		
beaconlab_pscan	Pscan	Scans promoter sequences for over- or under-represented transcription factor binding motifs	motif-scanning	motif-scanning	core	http://www.beaconlab.it/pscan							Command-line tool|Web application	Sequence analysis|Sequence sites, features and motifs	PHP|C++	GPL-3.0	Mature		404			pmid:19487240	beaconlab_pscan	https://bio.tools/beaconlab_pscan	2024-11-25	bio.tools		
transmir	TransmiR	Retrieves transcription factor–miRNA regulatory pairs for gene regulation analysis	regulatory-elements|grn-inference	regulatory-elements	core	http://www.cuilab.cn/transmir							Database portal	Functional, regulatory and non-coding RNA|Transcription factors and regulatory sites|Gene expression|Pathology|Gene regulation					401		2009	pmid:19786497	transmir	https://bio.tools/transmir	2024-11-24	bio.tools		
toppcluster	ToppCluster	Compares enrichment and network analysis across multiple mammalian gene lists	grn-inference	grn-inference	core	http://toppcluster.cchmc.org							Web application	Molecular interactions, pathways and networks|Functional, regulatory and non-coding RNA|Transcription factors and regulatory sites|Genotype and phenotype|Gene structure	R				396			pmid:20484371	toppcluster	https://bio.tools/toppcluster	2024-11-25	bio.tools		
plantpan	PlantPAN	Recognises combinatorial cis-regulatory elements with distance constraint in plant co-expressed genes	motif-databases|regulatory-elements	motif-databases	extended	http://plantpan2.itps.ncku.edu.tw/							Desktop application	Plant biology|Genetics|Transcription factors and regulatory sites					389			pmid:26476450	plantpan	https://bio.tools/plantpan	2024-11-25	bio.tools		
f-seq	F-seq	Generates continuous tag sequence density estimations to identify transcription factor binding sites or open chromatin regions	peak-calling	peak-calling	core	https://github.com/aboyle/F-seq	https://github.com/aboyle/F-seq	22	2021-05-25	False	Java	GPL-3.0	Command-line tool	Sequencing|Sequence analysis	Java	GPL-3.0			387		2008	pmid:18784119	f-seq	https://bio.tools/f-seq	2024-11-25	bio.tools		
promoter	Promoter	Predicts transcription start sites of vertebrate Pol II promoters in DNA sequences	regulatory-elements	regulatory-elements	core	http://cbs.dtu.dk/services/Promoter/							Command-line tool|Web application	Nucleic acid sites, features and motifs		Other	Emerging	Free of charge (with restrictions)	368		1999	pmid:10366655	promoter	https://bio.tools/promoter	2018-12-14	bio.tools		
opossum	oPOSSUM	Detects over-represented transcription factor binding sites in gene promoter sets via a web-based system	motif-scanning	motif-scanning	core	http://www.cisreg.ca/oPOSSUM/							Web application	Transcription factors and regulatory sites|Gene expression|Gene transcripts|Nucleic acid sites, features and motifs|DNA binding sites	Perl				366			pmid:15933209	opossum	https://bio.tools/opossum	2024-11-25	bio.tools		
ismara	ISMARA	Models genome-wide expression data using genome-wide annotations of regulatory sites	regulatory-elements|grn-inference	regulatory-elements	extended	https://ismara.unibas.ch/mara/							Web application	Functional genomics|Systems biology|Transcriptomics|Sequence analysis|Protein expression|Molecular interactions, pathways and networks|Transcription factors and regulatory sites|Gene transcripts					365		2014	pmid:24515121	ismara	https://bio.tools/ismara	2024-11-25	bio.tools		
regulondb	RegulonDB	Reference database of Escherichia coli K-12 gene regulation and transcription factors	motif-databases|regulatory-elements|grn-inference	motif-databases	core	http://regulondb.ccg.unam.mx/							Database portal	Transcription factors and regulatory sites|Molecular interactions, pathways and networks|Gene expression|Gene transcripts	JavaScript|Java				363		2011	pmid:21051347	regulondb	https://bio.tools/regulondb	2024-11-24	bio.tools		
tfbind	TFBIND	Search for transcription factor binding sites, including TATA boxes, GC boxes, CCAAT boxes, and TSS	motif-scanning|tfbs-prediction	motif-scanning	core	http://tfbind.hgc.jp/							Web application	Gene expression|Transcription factors and regulatory sites|DNA					353			pmid:10487870	tfbind	https://bio.tools/tfbind	2024-11-25	bio.tools		
motifregressor	MotifRegressor	Discovers sequence motifs upstream of genes that undergo expression changes in a given condition	motif-discovery	motif-discovery	extended	http://www.math.umass.edu/~conlon/mr.html							Command-line tool	Sequence sites, features and motifs|DNA	R|Perl				351			pmid:12626739	motifregressor	https://bio.tools/motifregressor	2024-11-25	bio.tools		
tfbstools	TFBSTools	Analyse and manipulate transcription factor binding sites from sequence data	motif-scanning|tfbs-prediction|regulatory-elements	motif-scanning	core	http://bioconductor.org/packages/release/bioc/html/TFBSTools.html	https://github.com/ge11232002/TFBSTools	37	2025-03-12	False	R		Command-line tool|Library	Transcription factors and regulatory sites	R	GPL-2.0			349		2016	pmid:26794315	tfbstools	https://bio.tools/tfbstools	2019-01-13	bio.tools		R interface to motif matrices, scanning and JASPAR
fire	FIRE	Discovers and characterises motifs in DNA sequences using mutual information	motif-discovery	motif-discovery	core	https://tavazoielab.c2b2.columbia.edu/FIRE/							Command-line tool	DNA|Genomics|Gene expression	Perl				332			pmid:17964271	fire	https://bio.tools/fire	2024-11-25	bio.tools		
easeq	EaSeq	Explore, visualize, and analyze genome-wide single-read sequencing data with an interactive desktop application	peak-calling|peak-annotation|chip-resources	peak-calling	core	http://easeq.net							Desktop application	ChIP-seq			Mature		327		2016	pmid:26926434	easeq	https://bio.tools/easeq	2018-12-10	bio.tools		
agris	AGRIS	Provides a comprehensive resource for gene regulatory studies in Arabidopsis thaliana	regulatory-elements|chip-resources|grn-inference	regulatory-elements	core	http://arabidopsis.med.ohio-state.edu/							Database portal	Molecular interactions, pathways and networks|Transcription factors and regulatory sites|Plant biology|Gene expression|Gene regulation					326			pmid:21059685	agris	https://bio.tools/agris	2024-11-25	bio.tools		
datf	DATF	Database of Arabidopsis transcription factors with over 1800 known and predicted entries	motif-databases	motif-databases	core	http://datf.cbi.pku.edu.cn							Database portal	Transcription factors and regulatory sites|Gene transcripts|Gene expression|Gene and protein families					323			pmid:15731212	datf	https://bio.tools/datf	2024-11-25	bio.tools		
gibbs_motif_sampler	Gibbs Motif Sampler	Identifies conserved motifs in DNA or protein sequences using statistical sampling	motif-discovery|tfbs-prediction|regulatory-elements	motif-discovery	core	http://ccmbweb.ccv.brown.edu/gibbs/gibbs.html							Web application	Transcription factors and regulatory sites|Sequence sites, features and motifs|Gene expression|Protein structural motifs and surfaces|Nucleic acid sites, features and motifs					321		2003	pmid:12824370	gibbs_motif_sampler	https://bio.tools/gibbs_motif_sampler	2024-11-24	bio.tools		
panda	PANDA	Predicts regulatory relationships by integrating protein-protein interaction, gene expression, and sequence motif data to reconstruct genome-wide regulatory networks in yeast	grn-inference	grn-inference	extended	https://sites.google.com/a/channing.harvard.edu/kimberlyglass/tools/panda							Command-line tool	Systems biology|Gene expression|Molecular interactions, pathways and networks	R				321			pmid:23741402	panda	https://bio.tools/panda	2024-11-25	bio.tools		
RSAT_dyad-analysis	RSAT dyad-analysis	Detects over- or under-represented spaced pairs of k-mers in sequences	motif-discovery	motif-discovery	core	http://teaching.rsat.eu/dyad-analysis_form.cgi	https://github.com/rsa-tools/rsat-code	7	2026-06-05	False	Perl	AGPL-3.0	Command-line tool|Web application|Web service	Gene regulation|Nucleic acid sites, features and motifs|Transcription factors and regulatory sites	Perl	AFL-3.0	Mature	Free of charge	316			pmid:10734201	RSAT_dyad-analysis	https://bio.tools/RSAT_dyad-analysis	2020-06-16	bio.tools		
animal_tfdb	Animal Transcription Factor Database	Classifies genome-wide transcription factors across 50 sequenced animal genomes	motif-databases	motif-databases	core	http://bioinfo.life.hust.edu.cn/AnimalTFDB/							Database portal	Transcription factors and regulatory sites|Gene expression|Gene transcripts|Animal study					314			pmid:22080564	animal_tfdb	https://bio.tools/animal_tfdb	2024-11-25	bio.tools		
gtrd	GTRD	Integrates ChIP-seq, RNA-seq, and transcription factor data for regulatory analysis	chip-resources|motif-databases	chip-resources	core	http://gtrd.biouml.org/							Web application	ChIP-seq|Transcription factors and regulatory sites|RNA-Seq|Ontology and terminology|Gene transcripts					306		2021	pmid:33231677	gtrd	https://bio.tools/gtrd	2021-01-25	bio.tools		Uniformly reprocessed ChIP-seq with meta-clusters of TF binding sites
eponine	Eponine	Detects transcription start sites in mammalian genomic sequence using a probabilistic method	regulatory-elements	regulatory-elements	core	http://www.sanger.ac.uk/resources/software/eponine/							Web application	Transcription factors and regulatory sites|Gene expression|Gene transcripts|DNA|Human biology					302			pmid:11875034	eponine	https://bio.tools/eponine	2024-11-25	bio.tools		
pupasview	PupasView	Interactive web-based tool for selecting relevant SNPs within a gene based on validation, frequency, and functional properties	regulatory-variants	regulatory-variants	core	http://pupasuite.bioinfo.cipf.es/							Web application	Gene transcripts|DNA polymorphism|Pathology|Transcription factors and regulatory sites|Genotype and phenotype					302		2005	pmid:15980522	pupasview	https://bio.tools/pupasview	2018-12-10	bio.tools		
enhanceratlas	EnhancerAtlas	An updated resource providing enhancer annotation across 586 tissue/cell types and nine species	regulatory-elements|chip-resources	regulatory-elements	core	http://www.enhanceratlas.org/indexv2.php							Database portal	Sequencing|Transcription factors and regulatory sites|Cell biology|Epigenomics|Gene transcripts					292		2020	pmid:31740966	enhanceratlas	https://bio.tools/enhanceratlas	2024-11-24	bio.tools		
findpeaks	FindPeaks 4.0 (Vancouver Short Read Package)	Calls peaks for ChIP-Seq and RNA-Seq data and provides utilities for SNP finding and alignment analysis	peak-calling	peak-calling	core	http://vancouvershortr.sourceforge.net/	https://sourceforge.net/projects/vancouvershortr/						Suite	Genomics	Java	GPL-3.0	Mature		271		2008	doi:10.1093/bioinformatics/btn305	findpeaks	https://bio.tools/findpeaks	2019-01-29	bio.tools		
tsspredator	TSSpredator	Automated detection and classification of transcription start sites from RNA-seq data	regulatory-elements	regulatory-elements	core	https://uni-tuebingen.de/fakultaeten/mathematisch-naturwissenschaftliche-fakultaet/fachbereiche/informatik/lehrstuehle/integrative-transkriptomik/software/tsspredator							Desktop application	RNA-Seq|Transcription factors and regulatory sites	Java			Free of charge	271		2013	pmid:23696746	tsspredator	https://bio.tools/tsspredator	2022-03-15	bio.tools		
interferome	INTERFEROME	Open access database of types I, II and III Interferon regulated genes from expression data sets	grn-inference	grn-inference	core	http://www.interferome.org/							Database portal	Gene regulation|Gene expression|Molecular interactions, pathways and networks|Transcription factors and regulatory sites	PHP|Perl|SQL				270			pmid:18996892	interferome	https://bio.tools/interferome	2024-11-25	bio.tools		
gibbscluster	GibbsCluster	Simultaneously aligns and clusters peptide data for motif discovery	motif-discovery	motif-discovery	core	http://www.cbs.dtu.dk/services/GibbsCluster-2.0							Web application|Desktop application	Molecular interactions, pathways and networks|Small molecules|Sequence sites, features and motifs					261		2017	pmid:28407089	gibbscluster	https://bio.tools/gibbscluster	2019-01-15	bio.tools		
cooltools	cooltools	Enables high-resolution Hi-C analysis and peak calling in Python	peak-calling	peak-calling	core	https://cooltools.readthedocs.io/	https://github.com/open2c/cooltools	167	2026-03-19	False	Jupyter Notebook	MIT	Suite	Chromosome conformation capture|Model organisms|Mapping	Python	MIT		Free of charge	257		2024	pmid:38709825	cooltools	https://bio.tools/cooltools	2024-11-24	bio.tools		
ymf_3.0	YMF 3.0	Identifies statistically overrepresented motifs to find transcription factor binding sites in yeast	motif-discovery	motif-discovery	core	http://wingless.cs.washington.edu/YMF/YMFWeb/YMFInput.pl							Web application	Transcription factors and regulatory sites|Model organisms|Gene expression|Plant biology|Nucleic acid sites, features and motifs					255			pmid:12824371	ymf_3.0	https://bio.tools/ymf_3.0	2024-11-25	bio.tools		
atacseqqc	ATACseqQC	Assesses chromatin accessibility from ATAC-seq data	nucleosome-chromatin	nucleosome-chromatin	core	http://bioconductor.org/packages/release/bioc/html/ATACseqQC.html	https://git.bioconductor.org/packages/ATACseqQC						Library	Sequencing|Sequence analysis|DNA packaging	R	GPL-2.0			254		2018	pmid:29490630	atacseqqc	https://bio.tools/atacseqqc	2024-11-25	bio.tools		
lisa	Lisa	Infers transcriptional regulators by integrating public chromatin accessibility and ChIP-seq data	regulatory-elements|peak-calling|grn-inference	regulatory-elements	core	http://lisa.cistrome.org/	https://github.com/liulab-dfci/lisa	15	2019-12-19	False		MIT	Web service	ChIP-seq|Transcription factors and regulatory sites|Epigenetics|Chromosome conformation capture|Gene regulation	JavaScript|C	MIT			248		2020	pmid:32033573	lisa	https://bio.tools/lisa	2021-02-17	bio.tools		
cager	CAGEr	Preprocesses CAGE sequencing data to identify and normalise transcription start sites and analyse promoter clusters	regulatory-elements	regulatory-elements	core	http://bioconductor.org/packages/release/bioc/html/CAGEr.html							Command-line tool|Library	Gene expression|Transcription factors and regulatory sites|Sequencing	R	GPL-3.0			246		2015	pmid:25653163	cager	https://bio.tools/cager	2019-01-11	bio.tools		
narrowpeaks	NarrowPeaks	Applies functional principal component analysis to ChIP-seq peak data in wiggle track format	peak-calling|peak-annotation	peak-calling	extended	http://bioconductor.org/packages/release/bioc/html/NarrowPeaks.html							Command-line tool|Library	ChIP-seq|Gene expression|Transcription factors and regulatory sites	R	Artistic-2.0			238		2015	pmid:25853185	narrowpeaks	https://bio.tools/narrowpeaks	2019-01-11	bio.tools		
atcoecis	ATCOECIS	Identifies coexpressed genes associated with cis-regulatory motifs or GO categories	motif-discovery|regulatory-elements	motif-discovery	core	http://bioinformatics.psb.ugent.be/ATCOECIS/							Web application	Sequence sites, features and motifs					233			pmid:19357200	atcoecis	https://bio.tools/atcoecis	2024-11-25	bio.tools		
rsat_peak-motifs	RSAT peak-motifs	Extracts motifs from full-size collections of ChIP-seq, ChIP-chip or other ChIP-X peaks	motif-discovery|motif-scanning|peak-annotation	motif-discovery	core	http://floresta.eead.csic.es/rsat/peak-motifs_form.cgi							Web service	ChIP-seq|Gene regulation|Epigenomics	Perl|Python|C		Mature		232		2011	pmid:21715389	rsat_peak-motifs	https://bio.tools/rsat_peak-motifs	2024-11-25	bio.tools		
flyfactorsurvey	FlyFactorSurvey	Retrieve DNA binding specificities for Drosophila transcription factors from the bacterial one-hybrid system	motif-databases	motif-databases	core	http://pgfe.umassmed.edu/TFDBS/							Database portal	Transcription factors and regulatory sites|DNA binding sites|Gene expression|Nucleic acid sites, features and motifs					224		2011	pmid:21097781	flyfactorsurvey	https://bio.tools/flyfactorsurvey	2024-11-25	bio.tools		
iceberg	ICEberg	Web-based resource for integrative and conjugative elements found in bacteria	motif-databases|tfbs-prediction|regulatory-elements	motif-databases	core	http://db-mml.sjtu.edu.cn/ICEberg/							Database portal	Transcription factors and regulatory sites|Model organisms|Mapping|Mobile genetic elements|DNA					224			pmid:22009673	iceberg	https://bio.tools/iceberg	2024-11-25	bio.tools		
elmer	ELMER	Infers regulatory element landscapes and transcription factor networks from DNA methylation and gene expression data	regulatory-elements|grn-inference	regulatory-elements	extended	http://bioconductor.org/packages/release/bioc/html/ELMER.html							Command-line tool|Library	Epigenetics|Gene expression	R	GPL-3.0			222			pmid:25994056	elmer	https://bio.tools/elmer	2024-11-25	bio.tools		
mouse_genome_informatics	Mouse Genome Informatics	Integrates genetic, genomic, and biological data for the laboratory mouse to facilitate human health research	regulatory-elements	regulatory-elements	core	https://informatics.jax.org								Mouse clinic|Genotype and phenotype|Ontology and terminology|Laboratory information management|Medical informatics					222			pmid:38531069	mouse_genome_informatics	https://bio.tools/mouse_genome_informatics	2026-01-14	bio.tools		
sc-maestro	sc-MAESTRO	Integrates single-cell transcriptome and regulome data for clustering, peak calling, and expression analysis	peak-calling|grn-inference|single-cell	peak-calling	core	http://github.com/liulab-dfci/MAESTRO	https://github.com/liulab-dfci/MAESTRO	312	2023-03-06	False	C	GPL-3.0	Command-line tool	RNA-Seq|Transcriptomics|Workflows|Transcription factors and regulatory sites|Chromosome conformation capture	C|Python|R	GPL-3.0			219		2020	pmid:32767996	sc-maestro	https://bio.tools/sc-maestro	2021-02-19	bio.tools		
asian	ASIAN	Infers regulatory networks from gene expression profiles using cluster analysis, regression, and graphical Gaussian modeling	grn-inference	grn-inference	core	http://eureka.cbrc.jp/asian/							Web application	Molecular interactions, pathways and networks|Gene expression|Gene regulation|Gene and protein families|Functional, regulatory and non-coding RNA					218			pmid:11847076	asian	https://bio.tools/asian	2024-11-25	bio.tools		
scai	scAI	Integrates gene expression with chromatin accessibility or DNA methylation profiles from the same single cells	single-cell	single-cell	extended	https://github.com/amsszlh/scAI	https://github.com/amsszlh/scAI	5	2020-02-10	False	MATLAB	GPL-3.0		Epigenomics|Transcriptomics|RNA-Seq|Cell biology|Transcription factors and regulatory sites	MATLAB|R	GPL-3.0			207		2020	pmid:32014031	scai	https://bio.tools/scai	2021-02-11	bio.tools		
ceas	CEAS	Retrieves repeat-masked genomic sequences and identifies enriched transcription factor binding motifs for ChIP-chip analyses	motif-scanning|peak-annotation	motif-scanning	core	http://ceas.cbi.pku.edu.cn							Web application	Transcription factors and regulatory sites|ChIP-on-chip|Mapping|Gene expression|Gene transcripts					206			pmid:16845068	ceas	https://bio.tools/ceas	2024-11-25	bio.tools		
p-match	P-Match	Combines weight matrix and pattern matching to identify transcription factor binding sites	tfbs-prediction	tfbs-prediction	core	http://www.gene-regulation.com/cgi-bin/pub/programs/pmatch/bin/p-match.cgi							Web application	Transcription factors and regulatory sites|Gene expression|DNA binding sites|Nucleic acid sites, features and motifs|Protein binding sites					205			pmid:15980505	p-match	https://bio.tools/p-match	2024-11-25	bio.tools		
adastra	ADASTRA	Provides a genomic map of allele-specific transcription factor binding sites from ChIP-Seq meta-analysis	chip-resources|regulatory-variants	chip-resources	extended	https://adastra.autosome.org							Database portal	Gene expression|DNA polymorphism|DNA binding sites			Mature	Free of charge	203		2021	pmid:33980847	adastra	https://bio.tools/adastra	2024-11-24	bio.tools		
CiiiDER	CiiiDER	Predicts and analyses transcription factor binding sites from genomic data	motif-scanning|tfbs-prediction	motif-scanning	core	http://www.ciiider.org								Transcription factors and regulatory sites|Gene regulation|Transcriptomics	Java				202		2019	pmid:31483836	CiiiDER	https://bio.tools/CiiiDER	2020-12-11	bio.tools		
toucan_2	TOUCAN 2	Regulatory sequence analysis workbench for Metazoan sequences, linked with Ensembl and implementing SOAP clients for alignment and motif detection	motif-discovery|motif-scanning|regulatory-elements	motif-discovery	extended	http://www.esat.kuleuven.ac.be/~saerts/software/toucan.php							Web application	Sequence analysis|Transcription factors and regulatory sites|Sequence sites, features and motifs	Java				200			pmid:12626717	toucan_2	https://bio.tools/toucan_2	2024-11-25	bio.tools		
gimmemotifs	GimmeMotifs	Predicts de novo motifs from ChIP-seq datasets	motif-discovery|motif-comparison	motif-discovery	core	https://github.com/simonvh/gimmemotifs	https://github.com/simonvh/gimmemotifs	129	2026-06-19	False	Python	MIT	Workflow	Gene regulation|ChIP-seq|Epigenomics	Python	MIT	Mature		196			pmid:21081511	gimmemotifs	https://bio.tools/gimmemotifs	2024-11-25	bio.tools		
yeastract	YEASTRACT	Curated repository of regulatory associations between transcription factors and target genes in Saccharomyces cerevisiae	motif-databases|regulatory-variants	motif-databases	core	http://www.yeastract.com							Database portal	Transcription factors and regulatory sites|Gene expression|Model organisms|Molecular interactions, pathways and networks|Gene regulation	Java				195		2011	pmid:20972212	yeastract	https://bio.tools/yeastract	2024-11-24	bio.tools		
EPIVAN	EPIVAN	Identifies enhancer-promoter interactions using a neural network with pre-trained DNA vectors and attention mechanisms	regulatory-elements	regulatory-elements	core	https://github.com/hzy95/EPIVAN	https://github.com/hzy95/EPIVAN	17	2019-09-02	False	R			Machine learning|Sequencing|Transcription factors and regulatory sites	R|Python				192		2020	pmid:31588505	EPIVAN	https://bio.tools/EPIVAN	2020-12-25	bio.tools		
snp2tfbs	SNP2TFBS	Identifies regulatory variants by predicting transcription factor binding sites from genomic data	tfbs-prediction|regulatory-variants	tfbs-prediction	core	https://epd.expasy.org/snp2tfbs/							Web application	Genomics					191		2017	doi:10.1093/nar/gkw1064	snp2tfbs	https://bio.tools/snp2tfbs	2023-09-05	bio.tools		
redfly	REDfly	Provides experimentally validated Drosophila cis-regulatory modules and transcription factor binding sites	tfbs-prediction|regulatory-elements|chip-resources	tfbs-prediction	core	http://redfly.ccr.buffalo.edu							Database portal	Transcription factors and regulatory sites|Gene expression|Experimental design and studies|Zoology|Mapping					188		2011	pmid:20965965	redfly	https://bio.tools/redfly	2024-11-24	bio.tools		
tfbs	TFBS	Detects and analyses transcription factor binding sites using object-oriented Perl modules	motif-scanning|tfbs-prediction	motif-scanning	core	http://tfbs.genereg.net/	https://github.com/ComputationalRegulatoryGenomicsICL/TFBS	6	2024-07-10	False	Perl	NOASSERTION	Command-line tool	Transcriptomics|DNA|Transcription factors and regulatory sites|Gene expression	Perl				188			pmid:12176838	tfbs	https://bio.tools/tfbs	2024-11-25	bio.tools		
drosophila_dnase_i_footprint_database	Drosophila DNase I footprint database	Database of transcription factor binding sites from curated DNase I footprints for Drosophila	tfbs-prediction|footprinting|chip-resources	tfbs-prediction	core	http://www.flyreg.org/							Database portal	Transcription factors and regulatory sites|Gene expression|DNA binding sites|Nucleic acid sites, features and motifs	SQL				185			pmid:15572468	drosophila_dnase_i_footprint_database	https://bio.tools/drosophila_dnase_i_footprint_database	2024-11-25	bio.tools		
snpnexus	SNPnexus	Assesses significance of known and novel SNPs on transcriptome, proteome, regulatory and structural variation models	regulatory-variants	regulatory-variants	core	http://www.snp-nexus.org							Web application	DNA structural variation|Genetic variation|Genotype and phenotype|DNA polymorphism|Transcriptomics					185			pmid:22544707	snpnexus	https://bio.tools/snpnexus	2024-11-25	bio.tools		
rsat	RSAT suite	Detects regulatory signals in non-coding sequences using specialised tools	motif-discovery|motif-scanning|motif-comparison|tfbs-prediction|regulatory-elements	motif-discovery	core	http://rsat.eu							Web application|Suite	Model organisms|Transcription factors and regulatory sites|Gene expression|Gene transcripts|DNA binding sites	Java|Perl|Python	Other			184		2003	pmid:10641039	rsat	https://bio.tools/rsat	2024-11-25	bio.tools		Long-running suite covering matrix scanning, comparison and enrichment
meta-meme	Meta-MEME	Creates hidden Markov models from MEME motif output and searches sequence databases for matches	motif-discovery|motif-scanning	motif-discovery	extended	http://metameme.sdsc.edu/							Web application	Sequence sites, features and motifs|Sequence analysis|Gene and protein families					180			pmid:9283754	meta-meme	https://bio.tools/meta-meme	2024-11-25	bio.tools		
encode_dcc	ENCODE DCC	Catalogues functional elements in the human genome from ChIP-seq, RNA-Seq and epigenetics data	chip-resources	chip-resources	core	http://encodeproject.org/ENCODE/							Database portal	Gene expression|ChIP-seq|RNA-Seq|Epigenetics					178		2011	pmid:21037257	encode_dcc	https://bio.tools/encode_dcc	2020-12-25	bio.tools		
biolqm	BioLQM	Provides a model representation format and infrastructure for qualitative modelling formalisms and tools	grn-inference	grn-inference	core	http://www.colomoto.org/biolqm/index.html	https://github.com/colomoto/bioLQM	20	2026-04-22	False	Java	LGPL-3.0	Command-line tool|Script	Cell biology|Workflows|Systems biology|Transcription factors and regulatory sites|Molecular interactions, pathways and networks	Java	LGPL-3.0		Free of charge	177		2013	pmid:24321545	biolqm	https://bio.tools/biolqm	2024-11-24	bio.tools		
damidseq_pipeline	damidseq_pipeline	Automates sequence alignment, read extension, binned counts, normalisation, and ratio file generation for DamID-seq data	peak-calling	peak-calling	core	http://owenjm.github.io/damidseq_pipeline/	https://github.com/owenjm/damidseq_pipeline	16	2025-08-28	False	Perl	GPL-2.0	Workflow|Script	Workflows|ChIP-seq|Microarray experiment	Perl	GPL-2.0			177		2015	pmid:26112292	damidseq_pipeline	https://bio.tools/damidseq_pipeline	2018-12-10	bio.tools		
regprecise	RegPrecise	Captures, visualises and analyses predicted transcription factor regulons in prokaryotes using comparative genomics	motif-databases|grn-inference	motif-databases	core	http://regprecise.lbl.gov							Web application	Transcription factors and regulatory sites|Gene expression|DNA binding sites|Molecular interactions, pathways and networks|Nucleic acid sites, features and motifs					177		2009	pmid:19884135	regprecise	https://bio.tools/regprecise	2024-11-25	bio.tools		
idirect	iDIRECT	Infers direct dependencies in association networks using copula-based transitivity	grn-inference	grn-inference	core	https://github.com/nxiao6gt/iDIRECT	https://github.com/nxiao6gt/iDIRECT	8	2023-02-08	False	MATLAB	NOASSERTION	Workbench	Molecular interactions, pathways and networks|Mathematics|Microbial ecology|Systems biology|Transcription factors and regulatory sites	MATLAB|Python|R	Other		Free of charge (with restrictions)	176		2022	pmid:34992138	idirect	https://bio.tools/idirect	2022-06-15	bio.tools		
deepc	deepC	Predicts Hi-C chromatin interactions from megabase scale DNA sequence using a neural network framework	regulatory-elements|nucleosome-chromatin	regulatory-elements	core	https://github.com/rschwess/deepC	https://github.com/rschwess/deepC	9	2024-05-15	False	HTML	GPL-3.0	Script	Epigenomics|Machine learning|ChIP-seq|Genetic variation|DNA		GPL-3.0			175		2020	pmid:33046896	deepc	https://bio.tools/deepc	2024-11-24	bio.tools		
vombat	VOMBAT	Predict transcription factor binding sites and other motifs in sequence data using variable order Markov models	motif-scanning|tfbs-prediction	motif-scanning	core	https://www2.informatik.uni-halle.de:8443/VOMBAT/faces/pages/choose.jsp							Web application	Transcription factors and regulatory sites|Nucleic acid sites, features and motifs|Gene expression|Sequence sites, features and motifs|DNA binding sites					175			pmid:15797905	vombat	https://bio.tools/vombat	2024-11-25	bio.tools		
teiser	TEISER	Discover post-transcriptional regulatory elements using a robust framework	motif-discovery|regulatory-elements	motif-discovery	core	https://tavazoielab.c2b2.columbia.edu/TEISER/							Command-line tool	Protein expression|Gene transcripts|Gene expression	Perl				173			pmid:22495308	teiser	https://bio.tools/teiser	2024-11-25	bio.tools		
microfootprinter	MicroFootPrinter	Identifies conserved motifs in regulatory regions of prokaryotic genomes using phylogenetic footprinting	motif-discovery|regulatory-elements|footprinting	motif-discovery	core	http://bio.cs.washington.edu/MicroFootPrinter.html							Web application	Phylogenetics|Gene regulation|Transcription factors and regulatory sites|Sequence sites, features and motifs					172		2003	pmid:12824433	microfootprinter	https://bio.tools/microfootprinter	2022-03-15	bio.tools		
motifcut	MotifCut 0.1 beta	Finds DNA motifs using a Maximum Density Subgraph algorithm	motif-discovery	motif-discovery	core	http://motifcut.stanford.edu/							Web application	DNA|Nucleic acid sites, features and motifs|Sequence analysis	C++		Emerging		170		2006	pmid:16873465	motifcut	https://bio.tools/motifcut	2024-11-25	bio.tools		
peakranger	PeakRanger	Ultrafast multi-purpose peak caller for ChIP-seq data	peak-calling	peak-calling	core	http://ranger.sourceforge.net							Suite	ChIP-seq	C++	Artistic-2.0	Mature		168			pmid:21554709	peakranger	https://bio.tools/peakranger	2024-11-25	bio.tools		
ringo	Ringo	Performs primary analysis of ChIP-chip data, including peak calling	peak-calling	peak-calling	core	http://bioconductor.org/packages/release/bioc/html/Ringo.html							Command-line tool|Library	ChIP-seq	R	Artistic-2.0			166		2007	pmid:17594472	ringo	https://bio.tools/ringo	2018-12-24	bio.tools		
signac	Signac	Analyse multimodal single-cell chromatin data with dimensionality reduction and peak calling	regulatory-elements|peak-calling|single-cell	regulatory-elements	core	https://satijalab.org/signac/	https://github.com/bioturing/signac	22	2022-05-18	False	C++	NOASSERTION		Gene expression|RNA-Seq|Genotype and phenotype|Cell biology|Gene transcripts	C++|R|Python				164			doi:10.1101/2020.11.09.373613	signac	https://bio.tools/signac	2021-02-18	bio.tools		
magia2	MAGIA2	Integrative analysis of miRNA and gene expression data to reconstruct post-transcriptional regulatory networks	grn-inference	grn-inference	core	http://gencomp.bio.unipd.it/magia2/start/							Web application	Functional, regulatory and non-coding RNA|Molecular interactions, pathways and networks|Gene expression|Transcription factors and regulatory sites|Gene transcripts					161			pmid:20484379	magia2	https://bio.tools/magia2	2024-11-25	bio.tools		
deeptfactor	DeepTFactor	Predicts whether a protein is a transcription factor using deep learning	tfbs-prediction	tfbs-prediction	core	https://bitbucket.org/kaistsystemsbiology/deeptfactor	https://bitbucket.org/kaistsystemsbiology/deeptfactor						Script	ChIP-seq|Transcription factors and regulatory sites|Machine learning|Model organisms					160		2021	pmid:33372147	deeptfactor	https://bio.tools/deeptfactor	2024-11-24	bio.tools		
phantompeakqualtools	phantompeakqualtools	Computes enrichment and quality measures for ChIP-seq, DNase-seq, FAIRE-seq, and MNase-seq data	peak-calling|chip-resources	peak-calling	extended	https://code.google.com/archive/p/phantompeakqualtools/							Suite	ChIP-seq|ChIP-on-chip|Transcription factors and regulatory sites	R|C++	MIT	Mature	Free of charge	158		2014	pmid:24347632	phantompeakqualtools	https://bio.tools/phantompeakqualtools	2024-11-24	bio.tools		
chia-pet2	ChIA-PET2	Analyse ChIA-PET data with a flexible pipeline for peak calling and quality management	peak-calling	peak-calling	core	https://github.com/GuipengLi/ChIA-PET2	https://github.com/GuipengLi/ChIA-PET2	36	2024-11-25	False	C++	GPL-3.0	Command-line tool	Immunoprecipitation experiment|ChIP-seq|DNA packaging|Sequencing|Data quality management	R				154		2017	pmid:27625391	chia-pet2	https://bio.tools/chia-pet2	2018-12-10	bio.tools		
chipmunk_chiphorde	chipmunk_chiphorde	Finds de novo sequence motifs in ChIP-seq data	motif-discovery	motif-discovery	extended	http://autosome.ru/smbsm/librettos/libretto_chipmunk/chipmunk_home.rhtml							Web application	Sequencing|Whole genome sequencing|Nucleic acid sites, features and motifs|ChIP-seq	Java		Mature		154		2010	pmid:20736340	chipmunk_chiphorde	https://bio.tools/chipmunk_chiphorde	2024-11-25	bio.tools		
CircRiC	CircRiC	Characterizes circular RNAs and predicts their regulatory elements in human cancer cell lines	regulatory-elements	regulatory-elements	core	https://hanlab.uth.edu/cRic								Oncology|Functional, regulatory and non-coding RNA|Gene transcripts					154		2019	pmid:31446897	CircRiC	https://bio.tools/CircRiC	2020-12-11	bio.tools		
monkey	MONKEY	Searches non-coding DNA alignments for transcription factor binding site matrix matches	motif-scanning|tfbs-prediction	motif-scanning	core	http://labs.csb.utoronto.ca/moses/monkey.html							Web application	Transcription factors and regulatory sites|Gene expression|DNA binding sites|DNA|Nucleic acid sites, features and motifs					154			pmid:15575972	monkey	https://bio.tools/monkey	2024-11-25	bio.tools		
lncsea	LncSEA	Search long non-coding RNA related sets and perform enrichment analysis	regulatory-elements	regulatory-elements	core	http://bio.liclab.net/LncSEA/index.php	https://github.com/lxy-boy/LncSEA-Code	0	2020-09-03	False	JavaScript		Web service|Database portal	Functional, regulatory and non-coding RNA|ChIP-seq|Transcription factors and regulatory sites|RNA-Seq|Oncology	JavaScript|PHP				153		2021	pmid:33045741	lncsea	https://bio.tools/lncsea	2024-11-24	bio.tools		
chromasig	ChromaSig	Finds commonly occurring chromatin signatures in tiling microarray and sequencing data using unsupervised learning	nucleosome-chromatin	nucleosome-chromatin	extended	http://bioinformatics-renlab.ucsd.edu/rentrac/wiki/ChromaSig							Command-line tool	ChIP-on-chip|Immunoprecipitation experiment	Perl|C				152			pmid:18927605	chromasig	https://bio.tools/chromasig	2024-11-25	bio.tools		
dimelo-seq	DiMeLo-seq	Maps protein-DNA interactions genome-wide using long-read, single-molecule sequencing	peak-calling	peak-calling	core	https://github.com/amaslan/dimelo-seq/	https://github.com/amaslan/dimelo-seq	5	2022-03-30	False	Jupyter Notebook	MIT	Workflow	Epigenomics|Protein interactions|DNA polymorphism|DNA binding sites|ChIP-seq		MIT		Free of charge	152		2022	pmid:35396487	dimelo-seq	https://bio.tools/dimelo-seq	2024-11-24	bio.tools		
dnashapedtfbs	DNAshapedTFBS	Trains gradient boosting classifiers to predict TFBSs in ChIP-seq data using sequence and DNA shape information	tfbs-prediction	tfbs-prediction	core	https://github.com/amathelier/DNAshapedTFBS	https://github.com/amathelier/DNAshapedTFBS	13	2018-06-11	False	Python	LGPL-3.0	Command-line tool	DNA binding sites	Python			Free of charge	152			pmid:27546793	dnashapedtfbs	https://bio.tools/dnashapedtfbs	2024-11-25	bio.tools		
pwmscan	PWMScan	Scans entire genomes with a position-specific weight matrix for regulatory element prediction	motif-scanning	motif-scanning	core	https://ccg.vital-it.ch/pwmscan/							Web application	Genomics|Transcriptomics|Transcription factors and regulatory sites					151		2018	pmid:29514181	pwmscan	https://bio.tools/pwmscan	2024-11-25	bio.tools		
chilin	ChiLin	Performs quality control and analysis for ChIP-seq and DNase-seq data	peak-calling|peak-annotation|chip-resources	peak-calling	core	https://github.com/cfce/chilin	https://github.com/cfce/chilin	36	2021-03-19	False	C++	NOASSERTION	Command-line tool	ChIP-seq|Sequence analysis|Data quality management	R|Python	BSD-3-Clause			145		2016	pmid:27716038	chilin	https://bio.tools/chilin	2018-12-10	bio.tools		
RSAT-position-analysis	RSAT position-analysis	Detect oligomers with non-homogeneous positional distributions in sequences	motif-discovery	motif-discovery	core	http://teaching.rsat.eu/position-analysis_form.cgi	https://github.com/rsa-tools/rsat-code	7	2026-06-05	False	Perl	AGPL-3.0	Command-line tool|Web application|Web service	Gene regulation|Nucleic acid sites, features and motifs|Transcription factors and regulatory sites	Perl	AFL-3.0	Mature	Free of charge	145			pmid:10648794	RSAT-position-analysis	https://bio.tools/RSAT-position-analysis	2020-06-16	bio.tools		
csRNA-seq	csRNA-seq	Identifies and dynamically quantifies regulatory elements from total RNA sequencing data	motif-discovery|regulatory-elements	motif-discovery	core	http://homer.ucsd.edu/homer/ngs/csRNAseq/							Command-line tool	Transcription factors and regulatory sites|Functional, regulatory and non-coding RNA|RNA-Seq|Gene transcripts|Epigenomics	Perl				144		2019	pmid:31649059	csRNA-seq	https://bio.tools/csRNA-seq	2020-12-17	bio.tools		
ReMap2020	ReMap	Analyses ChIP-seq data for transcription factor binding sites and regulatory regions	chip-resources	chip-resources	core	http://remap.univ-amu.fr								Plant biology|ChIP-seq|Transcription factors and regulatory sites|Epigenetics|Gene transcripts	R				143		2020	pmid:31665499	ReMap2020	https://bio.tools/ReMap2020	2024-11-24	bio.tools		
cutruntools	CUT and RUNTools	Flexible pipeline for processing CUT&RUN data and performing footprint analysis	footprinting|peak-calling	footprinting	core	https://bitbucket.org/qzhudfci/cutruntools/	https://bitbucket.org/qzhudfci/cutruntools/						Workflow	Protein binding sites|ChIP-seq|Mapping	Python	GPL-2.0			141		2019	pmid:31500663	cutruntools	https://bio.tools/cutruntools	2020-12-17	bio.tools		
MAPS	MAPS	Analyzes PLAC-Seq and HiChIP data through mapping, peak calling, and read binning	peak-calling	peak-calling	core	https://github.com/ijuric/MAPS	https://github.com/ijuric/MAPS	20	2023-06-08	False	Python		Script	ChIP-on-chip|ChIP-seq|Mapping	R|Python		Mature	Free of charge	141		2019	pmid:30986246	MAPS	https://bio.tools/MAPS	2020-06-16	bio.tools		
planttfcat	PlantTFcat	Categorizes and analyses plant transcription factors and transcriptional regulators online	motif-databases	motif-databases	core	http://plantgrn.noble.org/PlantTFcat/							Web application	Transcriptomics|Genomics|Plant biology	Java|Groovy				141		2013	pmid:24219505	planttfcat	https://bio.tools/planttfcat	2018-12-10	bio.tools		
fugu-sg	IMCB - Fugu Genome Project	Provides fugu genome data, annotations, comparative genomics, phylogenies, and tools like BLAST and Ensembl mirror	comparative	comparative	core	http://www.fugu-sg.org/							Web application	Model organisms|Mapping|Gene transcripts|Sequence assembly|Phylogeny					140		2000	pmid:10878239	fugu-sg	https://bio.tools/fugu-sg	2024-11-24	bio.tools		
rm2target	RM2Target	Deposits and calls peaks for targets of RNA modification writers, erasers and readers	peak-calling|chip-resources	peak-calling	core	http://rm2target.canceromics.org/							Database portal	Functional, regulatory and non-coding RNA|Oncology|RNA splicing|Gene transcripts|Pathology				Free of charge	140			pmid:36300630	rm2target	https://bio.tools/rm2target	2022-12-12	bio.tools		
champ	ChAMP	Performs methylation analysis with quality control, normalization, and identification of differentially methylated regions and copy number alterations	peak-calling	peak-calling	core	http://bioconductor.org/packages/release/bioc/html/ChAMP.html							Command-line tool|Library	ChIP-seq|Methylated DNA immunoprecipitation	R	GPL-3.0			138		2015	pmid:25461817	champ	https://bio.tools/champ	2019-01-10	bio.tools		
mochiview	MochiView	Hybrid genome browser for motif visualization, analysis, and management of ChIP-seq and RNA-Seq data	motif-discovery|motif-scanning|motif-comparison|peak-annotation	motif-discovery	core	http://johnsonlab.ucsf.edu/sj/mochiview-start/							Desktop application	Genomics|ChIP-seq|ChIP-on-chip|RNA-Seq|Sequence sites, features and motifs	Java				138			pmid:20409324	mochiview	https://bio.tools/mochiview	2024-11-25	bio.tools		
promh	PromH	Predicts TSS, TATA boxes, and TFBS in promoter regions using orthologous sequence pairs	tfbs-prediction|regulatory-elements	tfbs-prediction	core	http://www.softberry.com/berry.phtml?topic=promhg&group=programs&subgroup=promoter							Web application	Transcription factors and regulatory sites|Gene expression|Gene transcripts|Nucleic acid sites, features and motifs|DNA binding sites					138			pmid:12824362	promh	https://bio.tools/promh	2024-11-25	bio.tools		
inserm-remap	ReMap	Integrative analysis of DNA-binding experiments for transcriptional regulators across four species	chip-resources	chip-resources	core	https://remap.univ-amu.fr/							Database portal	Functional genomics|Mapping|Epigenomics|Sequence sites, features and motifs|Epigenomics|Gene regulation|Transcription factors and regulatory sites		CC-BY-NC-4.0	Mature		138		2015	pmid:25477382	inserm-remap	https://bio.tools/inserm-remap	2024-11-24	bio.tools		Large-scale atlas of regulatory regions from public DNA-binding experiments
neat-seq	NEAT-seq	Simultaneously profiles intra-nuclear proteins, chromatin accessibility and gene expression in single cells	single-cell	single-cell	extended	https://github.com/GreenleafLab/NEAT-seq_reproducibility	https://github.com/GreenleafLab/NEAT-seq_reproducibility	3	2022-03-04	False	R		Library	Epigenomics|Gene expression|DNA polymorphism|Chromosome conformation capture|Protein expression	R|C++	Not licensed		Free of charge	137		2022	pmid:35501385	neat-seq	https://bio.tools/neat-seq	2024-11-24	bio.tools		
pepr	PePr	Calls peaks in ChIP-Seq data with biological replicates using Python scripts	peak-calling	peak-calling	core	http://sartorlab.ccmb.med.umich.edu/node/6							Command-line tool	ChIP-seq|DNA binding sites|Nucleic acid sites, features and motifs	Python				137			pmid:24894502	pepr	https://bio.tools/pepr	2024-11-25	bio.tools		
imodulondb	iModulonDB	Explore microbial transcriptional regulation knowledgebase derived from machine learning	grn-inference	grn-inference	core	http://imodulondb.org							Database portal	Gene expression|Machine learning|Microarray experiment|RNA-Seq|Gene transcripts					135		2021	pmid:33045728	imodulondb	https://bio.tools/imodulondb	2024-11-24	bio.tools		
graphsite	GraphSite	Predicts protein-DNA binding sites from sequences using graph transformer and predicted structures	tfbs-prediction	tfbs-prediction	core	https://biomed.nscc-gz.cn/apps/GraphSite	https://github.com/biomed-AI/GraphSite	62	2024-08-03	False	Python	MIT	Workbench|Web application	Protein binding sites|Protein interactions|Structure prediction|DNA binding sites|Protein folds and structural domains	Python	Not licensed		Free of charge	134		2022	pmid:35039821	graphsite	https://bio.tools/graphsite	2022-06-14	bio.tools		
grndb	GRNdb	Decodes gene regulatory networks in diverse human and mouse conditions	grn-inference	grn-inference	core	http://www.grndb.com/							Database portal	Molecular interactions, pathways and networks|RNA-Seq|Gene expression|Oncology|Pathology					134		2021	pmid:33151298	grndb	https://bio.tools/grndb	2024-11-24	bio.tools		
Signaling_Pathways_Project	Signaling Pathways Project	An integrated 'omics knowledgebase for mammalian cellular signaling pathways	regulatory-elements|grn-inference	regulatory-elements	core	https://www.signalingpathways.org								Molecular interactions, pathways and networks|Sample collections|Transcription factors and regulatory sites|Transcriptomics|ChIP-seq					134		2019	pmid:31672983	Signaling_Pathways_Project	https://bio.tools/Signaling_Pathways_Project	2020-12-19	bio.tools		
lasagna-search	LASAGNA-Search	Aligns transcription factor binding sites using a length-aware nucleotide association algorithm	motif-scanning|tfbs-prediction	motif-scanning	core	http://biogrid-lasagna.engr.uconn.edu/lasagna_search/							Script|Web application	Transcription factors and regulatory sites|Molecular interactions, pathways and networks|ChIP-seq					133		2013	pmid:23599922	lasagna-search	https://bio.tools/lasagna-search	2024-11-25	bio.tools		
sergio	SERGIO	Simulates single-cell gene expression data for gene regulatory network analysis	grn-inference|single-cell	grn-inference	core	https://github.com/PayamDiba/SERGIO	https://github.com/PayamDiba/SERGIO	83	2024-05-08	False	Python	GPL-3.0		Molecular interactions, pathways and networks|Gene expression|Gene transcripts|RNA-Seq|Protein expression	Python	GPL-3.0			133		2020	pmid:32871105	sergio	https://bio.tools/sergio	2021-02-16	bio.tools		
scmlnet	scMLnet	Infers microenvironmental regulation of gene expression from single-cell RNA sequencing data	grn-inference|single-cell	grn-inference	core	https://github.com/SunXQlab/scMLnet	https://github.com/SunXQlab/scMLnet	31	2021-08-16	False	R			RNA-Seq|Molecular interactions, pathways and networks|Gene expression|Cell biology|Gene transcripts	R|Python				132		2021	pmid:33341869	scmlnet	https://bio.tools/scmlnet	2024-11-24	bio.tools		
kplogo	kpLogo	Detects and visualises position-specific ultra-short motifs from aligned sequences using probability-based logos	motif-discovery|motif-comparison	motif-discovery	extended	http://kplogo.wi.mit.edu/	https://github.com/xuebingwu/kpLogo	12	2023-01-20	False	C++	MIT	Command-line tool|Web application	Nucleic acid sites, features and motifs|Protein sites, features and motifs|Functional, regulatory and non-coding RNA	C++	MIT			131		2017	pmid:28460012	kplogo	https://bio.tools/kplogo	2019-01-15	bio.tools		
dire	DiRE	Predicts distant regulatory elements in higher eukaryotic genomes using co-expression, comparative genomics, and transcription factor binding site data	tfbs-prediction|regulatory-elements|comparative	tfbs-prediction	core	http://dire.dcode.org							Web application	Transcription factors and regulatory sites|Gene expression|Microarray experiment|Gene regulation					130		2008	pmid:18487623	dire	https://bio.tools/dire	2024-11-25	bio.tools		
tf2network	TF2Network	Predicts transcription factor regulators and gene regulatory networks in Arabidopsis using binding site information	tfbs-prediction|grn-inference	tfbs-prediction	core	http://bioinformatics.psb.ugent.be/webtools/TF2Network/								Transcription factors and regulatory sites|Protein interactions|Gene regulation|Gene transcripts|Plant biology					130		2018	pmid:29272447	tf2network	https://bio.tools/tf2network	2020-09-03	bio.tools		
athamap	AthaMap	Generates a genome-wide map of putative transcription factor binding sites in Arabidopsis thaliana	motif-databases|tfbs-prediction	motif-databases	core	http://www.athamap.de/							Web application	Transcription factors and regulatory sites|Gene expression|Mapping|Gene transcripts|DNA binding sites					129		2005	pmid:14681436	athamap	https://bio.tools/athamap	2024-11-24	bio.tools		
kmer-svm	kmer-SVM	Uses a support vector machine with kmer sequence features to identify predictive transcription factor binding site combinations for tissue-specific genomic assays	tfbs-prediction|regulatory-elements	tfbs-prediction	core	http://kmersvm.beerlab.org							Web application	Transcription factors and regulatory sites|Gene expression|DNA binding sites|Immunoprecipitation experiment|Nucleic acid sites, features and motifs	Python				129			pmid:23771147	kmer-svm	https://bio.tools/kmer-svm	2024-11-25	bio.tools		
mapperdb	MAPPER Database	Contains putative transcription factor binding sites in upstream gene sequences from human, mouse, and D. melanogaster genomes	motif-databases|tfbs-prediction	motif-databases	core	http://genome.ufl.edu/mapperdb							Web application	Transcription factors and regulatory sites|Humans|Gene transcripts					128			pmid:22121218	mapperdb	https://bio.tools/mapperdb	2024-11-25	bio.tools		
grisli	GRISLI	Infers gene regulatory networks from single-cell RNA-seq data using linear differential equations and velocity inference	grn-inference|single-cell	grn-inference	core	https://github.com/PCAubin/GRISLI	https://github.com/PCAubin/GRISLI	10	2020-03-31	False	C++		Command-line tool	RNA-Seq|Cell biology|Gene regulation|Molecular interactions, pathways and networks|Gene transcripts	C++|MATLAB				127		2020	pmid:33026066	grisli	https://bio.tools/grisli	2021-01-25	bio.tools		
sip	SIP	Identifies loops in Hi-C data from organisms using significant interaction peak calling	peak-calling	peak-calling	core	https://github.com/PouletAxel/SIP/releases	https://github.com/PouletAxel/SIP	17	2025-04-24	False	Java	GPL-3.0		Model organisms|Imaging|Transcription factors and regulatory sites|ChIP-seq					127		2020	pmid:32127418	sip	https://bio.tools/sip	2021-02-19	bio.tools		
peakachu	Peakachu	Supervised learning framework for chromatin loop detection in genome-wide contact maps	regulatory-elements|peak-calling	regulatory-elements	core	https://github.com/tariks/peakachu	https://github.com/tariks/peakachu	76	2024-03-23	False	Python	MIT	Command-line tool	Machine learning|ChIP-seq|Molecular interactions, pathways and networks	Python	MIT			126		2020	pmid:32647330	peakachu	https://bio.tools/peakachu	2024-11-24	bio.tools		
phisite	phiSITE	Database of gene regulation in bacteriophages, providing regulatory element predictions	regulatory-elements|chip-resources	regulatory-elements	core	http://www.phisite.org							Database portal	Transcription factors and regulatory sites|Gene regulation|Molecular interactions, pathways and networks|Gene and protein families					125			pmid:19900969	phisite	https://bio.tools/phisite	2024-11-25	bio.tools		
contra_v3	ConTra v3	Visualizes and explores predicted transcription factor binding sites in any genomic region surrounding genes	motif-scanning|tfbs-prediction	motif-scanning	core	http://bioit2.irc.ugent.be/contra/v3							Web application	Transcription factors and regulatory sites|Gene transcripts|Gene regulation	R|JavaScript|Perl				124		2017	pmid:28472390	contra_v3	https://bio.tools/contra_v3	2020-08-13	bio.tools		
oreganno	ORegAnno	Curates regulatory regions, transcription factor binding sites and regulatory mutations from literature	tfbs-prediction|regulatory-elements|chip-resources|regulatory-variants	tfbs-prediction	core	http://www.oreganno.org/							Database portal	Transcription factors and regulatory sites|Genetic variation|Gene expression|Gene regulation	SQL				124			pmid:16397004	oreganno	https://bio.tools/oreganno	2024-11-25	bio.tools		
bart	BART	Predicts transcription factors from query gene sets or epigenomic profiles	tfbs-prediction|regulatory-elements	tfbs-prediction	core	http://faculty.virginia.edu/zanglab/bart/							Command-line tool	Transcription factors and regulatory sites|Sequence analysis|Epigenomics	Python				122		2018	pmid:29608647	bart	https://bio.tools/bart	2024-11-25	bio.tools		
mcpromoter	McPromoter	Predicts eukaryotic DNA transcription start sites using Markov chain statistics	regulatory-elements	regulatory-elements	core	http://genes.mit.edu/McPromoter.html							Web application	Transcription factors and regulatory sites|DNA|Physics|Gene expression|Chemistry					122			pmid:11473010	mcpromoter	https://bio.tools/mcpromoter	2024-11-25	bio.tools		
PyFeat	PyFeat	Generates effective features from DNA, RNA and protein sequences	tfbs-prediction|regulatory-elements	tfbs-prediction	core	https://github.com/mrzResearchArena/PyFeat/	https://github.com/mrzResearchArena/PyFeat	97	2022-08-14	False	Python	GPL-3.0	Command-line tool	Gene transcripts|Transcription factors and regulatory sites|Structure prediction	Python	Unlicense	Mature	Free of charge	121		2019	pmid:30850831	PyFeat	https://bio.tools/PyFeat	2024-11-24	bio.tools		
sedb_2.0	SEdb 2.0	Retrieves and searches super-enhancer data for human and mouse genomes	regulatory-elements|chip-resources	regulatory-elements	core	http://www.licpathway.net/sedb							Database portal	Transcription factors and regulatory sites|Epigenetics|ChIP-seq|Functional, regulatory and non-coding RNA|Methylated DNA immunoprecipitation				Free of charge	121		2023	pmid:36318264	sedb_2.0	https://bio.tools/sedb_2.0	2024-11-24	bio.tools		
xstreme	XSTREME	Performs comprehensive motif analysis on sequences with motif sites anywhere in the sequences	motif-discovery|motif-scanning	motif-discovery	core	https://meme-suite.org/meme/tools/xstreme							Web application	Sequence sites, features and motifs|Sequence analysis|RNA|Gene expression				Free of charge	120			doi:10.1101/2021.09.02.458722	xstreme	https://bio.tools/xstreme	2022-01-20	bio.tools		
MPRAnalyze	MPRAnalyze	Statistical framework for analysing massively parallel reporter assay data to measure enhancer activity	regulatory-elements	regulatory-elements	extended	https://bioconductor.org/packages/release/bioc/html/MPRAnalyze.html	https://github.com/YosefLab/MPRAnalyze	13	2020-11-12	False	R		Command-line tool	Transcription factors and regulatory sites|Functional, regulatory and non-coding RNA|RNA-Seq	R	GPL-3.0			119		2019	pmid:31477158	MPRAnalyze	https://bio.tools/MPRAnalyze	2020-12-29	bio.tools		
web-thermodyn	WEB-THERMODYN	Analyzes DNA sequences and computes DNA helical stability	regulatory-elements	regulatory-elements	core	http://www.gsa.buffalo.edu/dna/dk/WEBTHERMODYN/							Web application	DNA|Gene expression|Transcription factors and regulatory sites|Nucleic acid structure analysis|DNA replication and recombination					119			pmid:8441667	web-thermodyn	https://bio.tools/web-thermodyn	2024-11-25	bio.tools		
chrombpnet	ChromBPNet	Bias factorized, base-resolution deep learning models of chromatin accessibility	motif-discovery|tfbs-prediction|regulatory-variants	motif-discovery	core	https://github.com/kundajelab/chrombpnet	https://github.com/kundajelab/chrombpnet	240	2026-06-09	False	Jupyter Notebook	MIT		Transcription factors and regulatory sites|Mapping	Python|Shell	MIT	Mature		118			doi:10.1101/2024.12.25.630221	chrombpnet	https://bio.tools/chrombpnet	2026-06-15	bio.tools		
pftools	pftools	Build, calibrate, and search biological sequences with generalized profiles	motif-scanning	motif-scanning	extended	https://github.com/sib-swiss/pftools3	https://github.com/sib-swiss/pftools3	11	2025-10-15	False	C	GPL-2.0	Web application|Command-line tool	Sequence analysis|Proteomics|Sequence sites, features and motifs|Protein structural motifs and surfaces|Protein folds and structural domains	C++	GPL-2.0			118		1994	pmid:7511453	pftools	https://bio.tools/pftools	2024-11-24	bio.tools		
ginsim	GINsim	Models and simulates genetic regulatory networks	grn-inference	grn-inference	core	http://ginsim.org/							Desktop application	Systems biology|Molecular interactions, pathways and networks|Gene regulation	Java	GPL-3.0	Mature	Free of charge	116		2018	pmid:29971008	ginsim	https://bio.tools/ginsim	2024-11-24	bio.tools		
onco.io	ONCO.IO	Explore complex gene regulatory networks in cancer using an integrated knowledge database and network analysis web service	grn-inference	grn-inference	core	http://onco.io							Web service	Oncology|Transcriptomics	JavaScript		Emerging	Free of charge	115		2017	pmid:28651018	onco.io	https://bio.tools/onco.io	2024-11-25	bio.tools		
mirconnx	mirConnX	Web server for inferring, displaying and parsing mRNA and microRNA gene regulatory networks	grn-inference	grn-inference	core	http://www.benoslab.pitt.edu/mirconnx							Web application	Functional, regulatory and non-coding RNA|Molecular interactions, pathways and networks|Gene transcripts|Pathology|Gene expression					114			pmid:21558324	mirconnx	https://bio.tools/mirconnx	2024-11-25	bio.tools		
mosaics	mosaics	Fits MOSAiCS-HMM to analyse one-sample or two-sample ChIP-seq data of transcription factor binding and histone modification	peak-calling|peak-annotation	peak-calling	extended	http://bioconductor.org/packages/release/bioc/html/mosaics.html							Command-line tool|Library	Gene regulation|Transcription factors and regulatory sites|ChIP-seq	R	GPL-2.0			114			pmid:26478641	mosaics	https://bio.tools/mosaics	2024-11-25	bio.tools		
Cistrome-GO	Cistrome-GO	Web server for functional enrichment analysis of transcription factor ChIP-seq peaks	peak-annotation|chip-resources	peak-annotation	core	http://go.cistrome.org/	https://bitbucket.org/liulab/cistrome-go/issues?status=new&status=open						Command-line tool|Web application|Web service	ChIP-seq|Transcription factors and regulatory sites|Gene regulation	Python	Other	Mature	Free of charge	113		2019	pmid:31053864	Cistrome-GO	https://bio.tools/Cistrome-GO	2020-06-16	bio.tools		
mspc	MSPC	Combines p-values of overlapping peaks from biological or technical replicates to identify enriched regions	peak-calling	peak-calling	core	http://www.bioinformatics.deib.polimi.it/genomic_computing/MSPC/							Command-line tool	ChIP-seq|Protein interactions|Biology	C#				113			pmid:25957351	mspc	https://bio.tools/mspc	2024-11-25	bio.tools		
gwas3d	GWAS3D	Integrates chromatin state and functional genomics to compute variant effects on regulatory pathways from GWAS data	regulatory-variants	regulatory-variants	extended	http://jjwanglab.org/gwas3d							Web application	Transcription factors and regulatory sites|Molecular interactions, pathways and networks|Epigenetics|GWAS study|Sequencing					112		2013	pmid:23723249	gwas3d	https://bio.tools/gwas3d	2024-11-25	bio.tools		
cisred	cisRED	Discovers regulatory elements in genome-scale sequence data	motif-discovery|motif-databases|regulatory-elements	motif-discovery	core	http://www.cisred.org/							Database portal	Transcription factors and regulatory sites|Model organisms|Data mining|Sequence sites, features and motifs					111			pmid:16381958	cisred	https://bio.tools/cisred	2024-11-25	bio.tools		
hint	HINT	Identifies transcription factor footprints from sequencing data using HMMs	footprinting	footprinting	core	http://hint.yulab.org/							Database portal	Gene regulation|Epigenomics|Transcription factors and regulatory sites	Python	GPL-3.0	Mature		108		2014	pmid:25086003	hint	https://bio.tools/hint	2024-11-24	bio.tools		
genelink_scRNAseq	GENELink	Predicts gene regulatory network interactions from scRNA-seq data and gene linkage topology	grn-inference	grn-inference	core	https://github.com/zpliulab/GENELink	https://github.com/zpliulab/GENELink	37	2022-09-02	False	Python		Command-line tool	Gene expression|RNA-Seq|Molecular interactions, pathways and networks|ChIP-seq|Machine learning	Python	MIT		Free of charge	106		2022	pmid:35961023	genelink_scRNAseq	https://bio.tools/genelink_scRNAseq	2024-11-24	bio.tools		
refTSS	refTSS	Provides annotated reference data of transcriptional start sites for human and mouse	regulatory-elements	regulatory-elements	core	http://reftss.clst.riken.jp/							Database portal	Transcription factors and regulatory sites|Sequence assembly		Unlicense	Mature	Free of charge	106		2019	pmid:31075273	refTSS	https://bio.tools/refTSS	2020-06-16	bio.tools		
scope	SCOPE	Identifies novel cis-regulatory elements from groups of upstream sequences	motif-discovery|tfbs-prediction|regulatory-elements	motif-discovery	core	http://genie.dartmouth.edu/scope/							Web application	Transcription factors and regulatory sites|Gene expression|Gene regulation|Molecular interactions, pathways and networks					105			pmid:17485471	scope	https://bio.tools/scope	2024-11-25	bio.tools		
sfmap	SFmap	Predicts putative splicing factor binding sites in genomic data via a web server	tfbs-prediction	tfbs-prediction	core	http://sfmap.technion.ac.il							Web application	Transcription factors and regulatory sites|RNA splicing|Nucleic acid sites, features and motifs|DNA binding sites|Protein binding sites					105			pmid:20501600	sfmap	https://bio.tools/sfmap	2024-11-25	bio.tools		
conreal	CONREAL	Identifies conserved transcription factor binding sites between two orthologous promoter sequences	tfbs-prediction|comparative	tfbs-prediction	core	http://conreal.niob.knaw.nl/							Web application	Transcription factors and regulatory sites|Nucleic acid sites, features and motifs|Gene expression|DNA binding sites|Protein binding sites					103			pmid:15980509	conreal	https://bio.tools/conreal	2024-11-25	bio.tools		
hpeak	HPeak	Identifies protein-interacting genomic regions from ChIP-seq data using a hidden Markov model	peak-calling	peak-calling	core	https://github.com/cauyrd/HPeak	https://github.com/cauyrd/HPeak	0	2013-03-09	False	Perl		Command-line tool	ChIP-seq|Protein interactions|Nucleic acid sites, features and motifs|DNA	C++|Perl|Python				103			pmid:20598134	hpeak	https://bio.tools/hpeak	2024-11-25	bio.tools		
pazar	PAZAR	Open access database of transcription factor and regulatory sequence annotation with web interface and programming tools	motif-databases|regulatory-elements	motif-databases	core	http://www.pazar.info/							Database portal	Transcription factors and regulatory sites|Gene expression|Gene regulation|Gene transcripts	SQL				103		2007	pmid:17916232	pazar	https://bio.tools/pazar	2021-04-26	bio.tools		
p-scan	P-SCAN	Quantifies peaks from microarray data using statistical comparative analysis	peak-calling	peak-calling	core	http://abs.cit.nih.gov/pscan/							Command-line tool	Microarray experiment|Statistics and probability|Gene expression					102			pmid:10820484	p-scan	https://bio.tools/p-scan	2024-11-25	bio.tools		
seanalysis	SEanalysis	Analyses super-enhancer regulatory networks in human and mouse genomes	regulatory-elements|grn-inference|regulatory-variants	regulatory-elements	core	http://licpathway.net/SEanalysis							Web application	Molecular interactions, pathways and networks|Transcription factors and regulatory sites|Gene regulation|DNA polymorphism|Sample collections				Free of charge	102		2023	pmid:37194711	seanalysis	https://bio.tools/seanalysis	2024-11-24	bio.tools		
bert-promoter	BERT-Promoter	Predicts DNA promoters using a BERT pre-trained model with SHAP feature selection	regulatory-elements	regulatory-elements	core	https://github.com/khanhlee/bert-promoter	https://github.com/khanhlee/bert-promoter	7	2021-09-10	False	Python		Command-line tool	Transcription factors and regulatory sites|Natural language processing|Machine learning	Python	Not licensed		Free of charge	101		2022	pmid:35863177	bert-promoter	https://bio.tools/bert-promoter	2024-11-24	bio.tools		
deepmel	DeepMEL	Identifies orthologous enhancers across distantly related species where sequence alignment fails	regulatory-elements|comparative	regulatory-elements	core	http://kipoi.org/models/DeepMEL/	https://github.com/aertslab/DeepMEL	6	2020-06-09	False	Jupyter Notebook		Library	Transcription factors and regulatory sites|ChIP-seq|Genetic variation|RNA-Seq|Chromosome conformation capture					101		2020	pmid:32732264	deepmel	https://bio.tools/deepmel	2021-02-27	bio.tools		
gadem	GADEM	Discovers sequence motifs de novo using an expectation-maximization algorithm on DNA sequencing data	motif-discovery	motif-discovery	core	http://www.niehs.nih.gov/research/resources/software/biostatistics/gadem/index.cfm							Command-line tool	DNA|Sequencing|Nucleic acid sites, features and motifs|ChIP-seq	C				101			pmid:19193149	gadem	https://bio.tools/gadem	2024-11-25	bio.tools		
multibind	MultiBind	Predicts protein binding sites through multiple alignment of binding sites	peak-calling	peak-calling	core	http://bioinfo3d.cs.tau.ac.il/MultiBind							Web application	Protein binding sites|Protein interactions|DNA binding sites|Nucleic acid sites, features and motifs|Structure prediction					100		2008	pmid:18467424	multibind	https://bio.tools/multibind	2018-12-10	bio.tools		
phire	PHIRE	Discovers and extracts conserved regulatory elements from bacteriophage genome sequences using string-based search	motif-discovery|regulatory-elements	motif-discovery	core	http://www.biw.kuleuven.be/logt/PHIRE.htm							Web application	Gene regulation|Genomics|Sequencing|Protein interaction experiment|Sequence analysis	Visual Basic				98		2004	pmid:15033869	phire	https://bio.tools/phire	2018-12-10	bio.tools		
trafac	TraFaC	Identifies regulatory regions by comparing transcription factor binding sites across sequences	tfbs-prediction|comparative	tfbs-prediction	core	http://trafac.cchmc.org/trafac/index.jsp							Web application	Transcription factors and regulatory sites|Gene expression|Gene transcripts|DNA binding sites|Nucleic acid sites, features and motifs					98			pmid:12213778	trafac	https://bio.tools/trafac	2024-11-25	bio.tools		
ataqv	ataqv	Measures and compares ATAC-seq results with genome indexing, peak calling, quantification, and visualisation	peak-calling|peak-annotation|nucleosome-chromatin	peak-calling	core	https://github.com/ParkerLab/ataqv/	https://github.com/ParkerLab/ataqv	75	2025-01-08	False	C++	GPL-3.0	Command-line tool|Suite	Epigenomics|Transcription factors and regulatory sites|Chromosome conformation capture|ChIP-seq|Bioinformatics	C++|JavaScript				96		2020	pmid:32213349	ataqv	https://bio.tools/ataqv	2024-11-24	bio.tools		
coxpresdb	COXPRESdb	Represents coexpression relationships for human and mouse genes	grn-inference	grn-inference	core	http://coxpresdb.jp							Database portal	Zoology|Molecular interactions, pathways and networks|Plant biology					96			pmid:21081562	coxpresdb	https://bio.tools/coxpresdb	2024-11-25	bio.tools		
ipro-wael	iPro-WAEL	Identifies promoters in multiple species using machine learning	regulatory-elements	regulatory-elements	core	https://github.com/HaoWuLab-Bioinformatics/iPro-WAEL	https://github.com/HaoWuLab-Bioinformatics/iPro-WAEL	4	2022-08-18	False	Python		Script	Transcription factors and regulatory sites|Machine learning|Epigenomics	Python	Not licensed		Free of charge	95		2022	pmid:36161334	ipro-wael	https://bio.tools/ipro-wael	2024-11-24	bio.tools		
marge	MARGE	Predicts key regulated genes and cis-regulatory regions from H3K27ac ChIP-seq profiles in human or mouse	regulatory-elements|peak-annotation	regulatory-elements	core	http://cistrome.org/MARGE/							Command-line tool	ChIP-seq	Python	Not licensed			95		2016	pmid:27466232	marge	https://bio.tools/marge	2024-11-25	bio.tools		
geneprof	GeneProf	Web-based suite for analysing RNA-seq and ChIP-seq data with quality control, mapping, peak calling and visualisation	peak-calling|chip-resources	peak-calling	core	http://www.geneprof.org/GeneProf/							Web service	RNA-Seq|ChIP-seq	JavaScript|Java		Mature		93		2012	pmid:22205509	geneprof	https://bio.tools/geneprof	2024-11-24	bio.tools		
bTSSfinder	bTSSfinder	Predicts promoters in cyanobacteria and Escherichia coli	regulatory-elements	regulatory-elements	core	http://www.cbrc.kaust.edu.sa/btssfinder							Command-line tool	Transcription factors and regulatory sites		Other	Mature	Free of charge (with restrictions)	92		2017	pmid:27694198	bTSSfinder	https://bio.tools/bTSSfinder	2024-11-24	bio.tools		
ep3	EP3	Identifies the core region of a eukaryotic gene promoter from sequence data	regulatory-elements	regulatory-elements	core	http://bioinformatics.psb.ugent.be/software/details/EP3							Command-line tool|Desktop application	Nucleic acid sites, features and motifs	Java				92			pmid:19478005	ep3	https://bio.tools/ep3	2024-11-25	bio.tools		
pppbenchmark	PPPbenchmark	Evaluates promoter prediction programs on nucleic acid sequences	regulatory-elements	regulatory-elements	core	http://bioinformatics.psb.ugent.be/software/details/pppbenchmark							Command-line tool	Nucleic acid sites, features and motifs	Java				92		2009	pmid:19478005	pppbenchmark	https://bio.tools/pppbenchmark	2018-12-29	bio.tools		
r-loopbase	R-loopBase	A knowledgebase for genome-wide R-loop formation and regulation	peak-calling|chip-resources	peak-calling	core	https://rloopbase.nju.edu.cn							Database portal|Web application	Pathology|Natural language processing|Physiology|Neurology|Oncology	R			Free of charge	92		2022	pmid:34792163	r-loopbase	https://bio.tools/r-loopbase	2022-03-30	bio.tools		
prosom	ProSOM	Predicts promoters by unsupervised clustering of DNA physical properties	regulatory-elements	regulatory-elements	core	http://bioinformatics.psb.ugent.be/software/details/ProSOM							Desktop application	Nucleic acid sites, features and motifs	Java				91			pmid:18586720	prosom	https://bio.tools/prosom	2024-11-25	bio.tools		
biologicalnetworks	BiologicalNetworks	Retrieves, constructs, and visualises biological networks, mapping high-throughput expression data onto network graphs	grn-inference	grn-inference	core	http://brak.sdsc.edu/pub/BiologicalNetworks/							Web application	Molecular interactions, pathways and networks|Protein interactions|Mapping|Proteins					90			pmid:16845051	biologicalnetworks	https://bio.tools/biologicalnetworks	2024-11-25	bio.tools		
cermit	cERMIT	Finds optimal sequence motifs in large sets from chromatin or RNA immunoprecipitation experiments	motif-discovery	motif-discovery	core	https://ohlerlab.mdc-berlin.de/software/cERMIT_82/							Command-line tool	Nucleic acid sites, features and motifs	Ruby				90			pmid:20156354	cermit	https://bio.tools/cermit	2024-11-25	bio.tools		
dbchip	DBChIP	Detects differentially bound sharp binding sites across multiple conditions, with or without matching control samples	peak-calling|peak-annotation	peak-calling	core	http://bioconductor.org/packages/release/bioc/html/DBChIP.html							Command-line tool|Library	ChIP-seq|Transcription factors and regulatory sites	R	GPL-2.0			90			pmid:22057161	dbchip	https://bio.tools/dbchip	2024-11-25	bio.tools		
talenoffer	TALENoffer	Predicts genome-wide TALEN off-target effects	tfbs-prediction	tfbs-prediction	core	http://www.jstacs.de/index.php/TALENoffer							Web application	Genomics|Transcriptomics|Transcription factors and regulatory sites	Java	GPL-3.0			90		2013	pmid:23995255	talenoffer	https://bio.tools/talenoffer	2018-12-10	bio.tools		
escdb	ESCDb	Aggregates human and mouse embryonic stem cell datasets for expression and protein analysis	chip-resources	chip-resources	extended	http://biit.cs.ut.ee/escd							Database portal	Regenerative medicine|Cell biology|Transcription factors and regulatory sites|Immunoprecipitation experiment		Freeware		Free of charge	89		2010	pmid:20505756	escdb	https://bio.tools/escdb	2024-11-25	bio.tools		
ocean-c	OCEAN-C	Maps hubs of open chromatin interactions across the genome to reveal gene regulatory networks	regulatory-elements|grn-inference	regulatory-elements	extended	https://github.com/ChengLiLab/OCEAN-C/	https://github.com/ChengLiLab/OCEAN-C	1	2018-03-30	False	Python		Command-line tool	Gene regulation|Mapping|Genomics	Shell|R|Python	CC-BY-4.0			87		2018	pmid:29690904	ocean-c	https://bio.tools/ocean-c	2024-11-25	bio.tools		
scertf	ScerTF	Catalogs over 1,200 position weight matrices for 196 yeast transcription factors	motif-databases	motif-databases	core	http://stormo.wustl.edu/ScerTF/							Database portal	Transcription factors and regulatory sites|Gene expression|Model organisms|Molecular interactions, pathways and networks|Gene regulation					87			pmid:22140105	scertf	https://bio.tools/scertf	2024-11-25	bio.tools		
globalmit	GlobalMIT	Learns globally optimal dynamic Bayesian networks using the mutual information test criterion	grn-inference	grn-inference	core	https://www.mathworks.com/matlabcentral/fileexchange/32428-globalmit-toolbox							Suite	Molecular interactions, pathways and networks|Statistics and probability	MATLAB			Free of charge (with restrictions)	86		2011	pmid:21813478	globalmit	https://bio.tools/globalmit	2021-05-21	bio.tools		
pscan-chip	Pscan-ChIP	Scans ChIP-Seq genomic regions for motif enrichment and positional bias using JASPAR, TRANSFAC, or user-uploaded matrices	motif-scanning	motif-scanning	extended	http://www.beaconlab.it/pscan_chip_dev/							Command-line tool	ChiP|Transcription|ChIP-seq|DNA					86		2013	pmid:23748563	pscan-chip	https://bio.tools/pscan-chip	2024-11-25	bio.tools		
pscanchip	PscanChIP	Scans ChIP-Seq genomic regions for motif enrichment and positional bias using JASPAR or TRANSFAC matrices	motif-scanning	motif-scanning	core	http://www.beaconlab.it/pscan_chip_dev							Command-line tool|Web application	Sequence sites, features and motifs	PHP|C++	GPL-3.0	Mature		86		2013	pmid:23748563	pscanchip	https://bio.tools/pscanchip	2024-11-24	bio.tools		
target_explorer	Target Explorer	Creates custom matrices for transcription factor binding sites, searches for clusters, and identifies target genes	motif-scanning|tfbs-prediction|regulatory-elements	motif-scanning	core	http://luna.bioc.columbia.edu/Target_Explorer/							Web application	Transcription factors and regulatory sites|Small molecules|Gene expression|DNA binding sites|Gene transcripts		Unlicense	Mature	Free of charge	86		2003	pmid:12824372	target_explorer	https://bio.tools/target_explorer	2024-11-24	bio.tools		
mutalisk	mutalisk	Analyses mutations for enrichment and predicts transcriptional regulatory elements from genetic variation data	regulatory-variants	regulatory-variants	core	http://mutalisk.org							Web application	Genetic variation|Epigenomics					85		2018	pmid:29790943	mutalisk	https://bio.tools/mutalisk	2024-11-25	bio.tools		
grgmf	GRGMF	Predicts links in biomedical bipartite networks using graph regularized generalized matrix factorization	regulatory-elements	regulatory-elements	core	https://github.com/happyalfred2016/GRGMF	https://github.com/happyalfred2016/GRGMF	17	2020-03-13	False	Python	GPL-2.0	Command-line tool	Small molecules|Pathology|Drug discovery	Python	GPL-2.0			84		2020	pmid:32145009	grgmf	https://bio.tools/grgmf	2021-01-25	bio.tools		
mobilomefinder	MobilomeFINDER	Discover genomic islands in high-throughput sequencing data via a web application	motif-discovery|tfbs-prediction	motif-discovery	core	http://db-mml.sjtu.edu.cn/MobilomeFINDER/							Web application	Genomics|Sequencing|Transcription factors and regulatory sites|Drug discovery		Unlicense	Mature	Free of charge	84		2007	pmid:17537813	mobilomefinder	https://bio.tools/mobilomefinder	2024-11-24	bio.tools		
RAMPAGE	RAMPAGE	Identifies expressed Alu elements from RAMPAGE data to predict cell-type-specific enhancer function	tfbs-prediction|regulatory-elements	tfbs-prediction	core	https://github.com/kepbod/rampage_alu	https://github.com/kepbod/rampage_alu	2	2019-09-04	False	Python	MIT		Transcription factors and regulatory sites|Mobile genetic elements|Sample collections	Python	MIT			83		2019	pmid:31413151	RAMPAGE	https://bio.tools/RAMPAGE	2020-12-11	bio.tools		
cuda-meme	CUDA-MEME	Discovers sequence motifs on a single GPU using the MEME algorithm and CUDA	motif-discovery	motif-discovery	core	https://sites.google.com/site/yongchaosoftware/Home/cuda-meme							Command-line tool	Sequence analysis|Sequence sites, features and motifs	C				82		2010	doi:10.1016/j.patrec.2009.10.009	cuda-meme	https://bio.tools/cuda-meme	2018-12-10	bio.tools		
bcbio-nextgen	Bcbio-nextgen	Automates next-generation sequencing analysis with Python scripts for mapping, alignment, and quality control	peak-calling	peak-calling	core	https://github.com/chapmanb/bcbb/blob/master/nextgen/README.md	https://github.com/chapmanb/bcbb	644	2025-02-05	False	Python		Script	Workflows	Python	MIT	Mature		81		2015	doi:10.1093/bioinformatics/btv061	bcbio-nextgen	https://bio.tools/bcbio-nextgen	2018-12-10	bio.tools		
gwas4d	GWAS4D	Evaluates GWAS signals and identifies context-specific regulatory variants	regulatory-variants	regulatory-variants	core	http://mulinlab.tmu.edu.cn/gwas4d							Web application	GWAS study|Epigenomics|Molecular interactions, pathways and networks	JavaScript|Perl				81		2018	pmid:29771388	gwas4d	https://bio.tools/gwas4d	2024-11-25	bio.tools		
jamm	JAMM	Finds peaks in NGS datasets, integrating replicates and assigning accurate peak boundaries	peak-calling	peak-calling	core	https://github.com/mahmoudibrahim/jamm	https://github.com/mahmoudibrahim/jamm	30	2020-03-12	False	R	GPL-3.0	Command-line tool	Sequencing|ChIP-seq|Nucleic acids	R|Shell|Perl				81			pmid:25223640	jamm	https://bio.tools/jamm	2024-11-25	bio.tools		
sapphire	SAPPHIRE	Predicts σ70 promoters in Pseudomonas using a neural network classifier	regulatory-elements	regulatory-elements	core	http://www.biosapphire.com								Transcription factors and regulatory sites|Machine learning|Medical biotechnology|RNA-Seq	Python				80		2020	pmid:32962628	sapphire	https://bio.tools/sapphire	2021-02-11	bio.tools		
tflink	TFLink	Access transcription factor-target gene interactions for multiple species via an integrated gateway	motif-databases|grn-inference	motif-databases	core	https://tflink.net/	https://github.com/korcsmarosgroup/TFlink	0	2022-04-20	False			Web application	Transcription factors and regulatory sites|Molecular interactions, pathways and networks|Gene regulation|Model organisms|Gene transcripts				Free of charge	80		2022	pmid:36124642	tflink	https://bio.tools/tflink	2024-11-24	bio.tools		
cLoops	cLoops	Accurate loop calling for ChIA-PET, Hi-C, HiChIP and Trac-looping data	tfbs-prediction|regulatory-elements|peak-calling	tfbs-prediction	extended	https://github.com/YaqiangCao/cLoops	https://github.com/YaqiangCao/cLoops	114	2022-05-19	False	Python	MIT	Command-line tool	Transcription factors and regulatory sites|ChIP-seq		MIT			79		2020	pmid:31504161	cLoops	https://bio.tools/cLoops	2020-12-16	bio.tools		
motifsearch	MotifSearch	Search DNA sequences for binding sites using p-value or false-positive rate criteria	motif-scanning	motif-scanning	extended	http://compbio.cs.princeton.edu/bindsites/							Command-line tool	DNA binding sites|DNA					79			pmid:15297295	motifsearch	https://bio.tools/motifsearch	2024-11-25	bio.tools		
uropa	UROPA	Annotates universal genomic ranges such as peaks from ChIP-seq data	peak-annotation	peak-annotation	core	http://uropa-manual.readthedocs.io/introduction.html							Command-line tool	Genomics|Sequencing|ChIP-seq	R|Python				79		2017	pmid:28572580	uropa	https://bio.tools/uropa	2024-11-25	bio.tools		
cbnplot	CBNplot	Visualises Bayesian networks from enrichment analysis results	grn-inference	grn-inference	core	https://cbnplot.com	https://github.com/noriakis/CBNplot	68	2024-10-02	False	R		Library|Workflow	Gene expression|Molecular interactions, pathways and networks|Literature and language|RNA-Seq	R				78		2022	pmid:35561164	cbnplot	https://bio.tools/cbnplot	2024-11-24	bio.tools		
flytf	FlyTF	Database of predicted and verified site-specific transcription factors in Drosophila melanogaster	motif-databases	motif-databases	core	http://www.mrc-lmb.cam.ac.uk/genomes/FlyTF/old_index.html							Database portal	Transcription factors and regulatory sites|Gene expression|Ontology and terminology|Gene transcripts					78			pmid:19884132	flytf	https://bio.tools/flytf	2024-11-25	bio.tools		
mod_tools	MoD Tools	Discovers transcription factor binding sites and regulatory motifs in nucleotide sequences using Weeder, WeederH, and RNA profile	motif-discovery|tfbs-prediction	motif-discovery	core	http://159.149.160.51/modtools/							Web application	Transcription factors and regulatory sites|Gene expression|Gene transcripts|Functional, regulatory and non-coding RNA|Nucleic acid sites, features and motifs					77			pmid:16845071	mod_tools	https://bio.tools/mod_tools	2024-11-25	bio.tools		
atacdb	ATACdb	Provides a comprehensive human chromatin accessibility database with tissue/cell type-specific annotations	regulatory-elements|chip-resources	regulatory-elements	extended	http://www.licpathway.net/ATACdb							Database portal	Chromosome conformation capture|DNA polymorphism|Transcription factors and regulatory sites|Epigenetics|ChIP-seq					76		2021	pmid:33125076	atacdb	https://bio.tools/atacdb	2024-11-24	bio.tools		
comeback	CoMeBack	Estimates DNA co-methylation from proximal CpG probes with correlated methylation across individuals	regulatory-elements	regulatory-elements	core	https://bitbucket.org/flopflip/comeback	https://bitbucket.org/flopflip/comeback						Script	Transcription factors and regulatory sites|Epigenetics|Microarray experiment|Probes and primers|Genotype and phenotype	R				76		2020	pmid:31985744	comeback	https://bio.tools/comeback	2021-02-17	bio.tools		
gpminer	GPMiner	Identifies promoter regions and annotates regulatory features in user-input sequences	regulatory-elements	regulatory-elements	core	http://gpminer.mbc.nctu.edu.tw/							Web application	Molecular genetics|Transcription factors and regulatory sites|Gene expression	PHP				76			pmid:22369687	gpminer	https://bio.tools/gpminer	2024-11-25	bio.tools		
webmotifs	WebMOTIFS	Discovers, scores, analyses, and visualises sequence motifs in ChIP-on-chip and gene expression data	motif-discovery|motif-scanning|motif-comparison	motif-discovery	core	http://fraenkel.mit.edu/webmotifs/							Web application	ChIP-on-chip|Transcription factors and regulatory sites|Immunoprecipitation experiment|Gene expression|Sequence sites, features and motifs					76			pmid:16332710	webmotifs	https://bio.tools/webmotifs	2024-11-25	bio.tools		
archr	ArchR	Processes and analyzes single-cell ATAC-seq data in R	regulatory-elements|peak-calling|single-cell	regulatory-elements	core	http://www.ArchRProject.com	https://github.com/GreenleafLab/ArchR	462	2025-02-18	False	R	MIT	Library	Chromosome conformation capture|Mapping|Gene transcripts|Transcription factors and regulatory sites|Transcriptomics	R	MIT			74			doi:10.1101/2020.04.28.066498	archr	https://bio.tools/archr	2021-01-28	bio.tools		
diane	DIANE	Infers and analyzes gene regulatory networks from multi-factorial expression data via a web dashboard	grn-inference	grn-inference	core	https://diane.bpmp.inrae.fr	https://github.com/OceaneCsn/DIANE	16	2024-01-08	False	R	GPL-3.0	Web application|Library	Molecular interactions, pathways and networks|RNA-Seq|Gene expression|Plant biology|Statistics and probability	R	GPL-3.0			74			pmid:34039282	diane	https://bio.tools/diane	2021-09-13	bio.tools		
NRL	NRL	Predicts CTCF-dependent chromatin boundaries from ChIP-seq and RNA-seq data using asymmetric nucleosome arrays	peak-calling|nucleosome-chromatin	peak-calling	core	https://github.com/chrisclarkson/NRLcalc	https://github.com/chrisclarkson/NRLcalc	1	2020-01-23	False	R		Library	DNA packaging|Transcription factors and regulatory sites|ChIP-seq|Epigenetics|RNA-Seq	R|Shell				74		2019	pmid:31665434	NRL	https://bio.tools/NRL	2021-01-04	bio.tools		
steinernet	SteinerNet	Integrates transcriptional, proteomic and interactome data to reveal regulatory and signalling networks	grn-inference	grn-inference	core	http://fraenkel.mit.edu/steinernet							Web application	Molecular interactions, pathways and networks|Gene expression|Proteomics|Transcription factors and regulatory sites|Model organisms					74		2012	pmid:22638579	steinernet	https://bio.tools/steinernet	2024-11-25	bio.tools		
wgrn	wGRN	Integrates complementary functional datasets to build a wheat regulatory network for trait-associated gene discovery	grn-inference	grn-inference	core	http://wheat.cau.edu.cn/wGRN							Web application	Genotype and phenotype|Molecular interactions, pathways and networks|Gene regulation				Free of charge	74		2023	pmid:36575796	wgrn	https://bio.tools/wgrn	2024-11-24	bio.tools		
bcrank	BCRANK	Predicts transcription factor binding consensus by heuristic search	motif-discovery|tfbs-prediction	motif-discovery	core	http://bioconductor.org/packages/release/bioc/html/BCRANK.html							Command-line tool|Library	Transcription factors and regulatory sites	R	GPL-2.0			73			pmid:19451166	bcrank	https://bio.tools/bcrank	2024-11-25	bio.tools		
phasetank	PhaseTank	Systemically characterizes phasiRNAs/tasiRNAs and their regulatory cascades in plants	regulatory-elements	regulatory-elements	core	http://phasetank.sourceforge.net/							Command-line tool	Plant biology|Functional, regulatory and non-coding RNA|Molecular interactions, pathways and networks	Perl				73			pmid:25246430	phasetank	https://bio.tools/phasetank	2024-11-25	bio.tools		
CHiCP	CHiCP	Web-based tool for integrative and interactive visualization of promoter capture Hi-C datasets	regulatory-elements	regulatory-elements	core	https://www.chicp.org/	https://github.com/D-I-L/django-chicp	9	2016-10-10	False	HTML		Web application	Transcription factors and regulatory sites|Epigenomics|Molecular interactions, pathways and networks	Python	Unlicense	Mature	Free of charge	72		2016	pmid:27153610	CHiCP	https://bio.tools/CHiCP	2024-11-24	bio.tools		
danio-code	DANIO-CODE	A web portal for consortium members to submit and view annotated data sets	chip-resources	chip-resources	core	https://danio-code.zfin.org	https://gitlab.com/danio-code						Database portal|Web application	Epigenetics|Transcription factors and regulatory sites|Transcriptomics|Developmental biology|Pathology		Other			72		2022	pmid:35789323	danio-code	https://bio.tools/danio-code	2022-10-03	bio.tools		
micsa	MICSA	Combines positional information with motif occurrences to predict transcription factor binding sites	motif-scanning|tfbs-prediction	motif-scanning	core	http://bioinfo-out.curie.fr/projects/micsa/							Desktop application	ChIP-seq|Sequence sites, features and motifs	Java				72		2010	pmid:20375099	micsa	https://bio.tools/micsa	2024-11-24	bio.tools		
topogsa	TopoGSA	Computes and visualises network topological properties for gene and protein sets in molecular interaction networks	grn-inference	grn-inference	core	http://www.topogsa.net							Web application	Molecular interactions, pathways and networks|Protein interactions|Cell biology|Proteins	PHP				72		2010	pmid:20335277	topogsa	https://bio.tools/topogsa	2024-11-24	bio.tools		
ggea	GGEA	Detects consistently enriched gene sets using directed gene regulatory networks	grn-inference	grn-inference	extended	https://drupal.bio.ifi.lmu.de/en/GGEA/index.html							Library	Systems biology|Gene expression|RNA-Seq|Molecular interactions, pathways and networks	R				71			pmid:21685094	ggea	https://bio.tools/ggea	2024-11-25	bio.tools		
GkmExplain	GkmExplain	Interprets nonlinear gapped k-mer SVMs for regulatory sequence analysis	motif-discovery|tfbs-prediction	motif-discovery	core	https://github.com/kundajelab/gkmexplain	https://github.com/kundajelab/gkmexplain	24	2020-08-20	False	Jupyter Notebook		Command-line tool	Sequencing|Transcription factors and regulatory sites|Machine learning					71		2019	pmid:31510661	GkmExplain	https://bio.tools/GkmExplain	2020-12-03	bio.tools		
lncecell	LnCeCell	Predicts lncRNA-associated ceRNA networks at single-cell resolution	grn-inference|single-cell	grn-inference	core	http://www.bio-bigdata.net/LnCeCell/							Database portal|Web service	Functional, regulatory and non-coding RNA|Pathology|Oncology|Genotype and phenotype|Personalised medicine					71		2021	pmid:33219686	lncecell	https://bio.tools/lncecell	2024-11-24	bio.tools		
starrpeaker	STARRPeaker	Identifies active regions from STARR-seq data with uniform processing and accurate peak calling	peak-calling	peak-calling	core	http://github.com/gersteinlab/starrpeaker	https://github.com/gersteinlab/starrpeaker	17	2022-07-06	False	Python	GPL-3.0		ChIP-seq|Gene transcripts|RNA-Seq|Nucleic acid structure analysis|Epigenetics	Python	GPL-3.0			71		2020	pmid:33292397	starrpeaker	https://bio.tools/starrpeaker	2021-02-24	bio.tools		
Anchor_TFBS_prediction	Anchor	Predicts transcription factor binding sites across cell types from sequencing data	tfbs-prediction	tfbs-prediction	core	https://github.com/GuanLab/Anchor	https://github.com/GuanLab/Anchor	20	2020-06-11	False	Perl		Command-line tool	Sequencing|Transcription factors and regulatory sites|Epigenomics	Perl|Python		Mature	Free of charge	70		2019	pmid:30567711	Anchor_TFBS_prediction	https://bio.tools/Anchor_TFBS_prediction	2024-11-24	bio.tools		
csdeconv	CSDeconv	Maps transcription factor binding sites from ChIP-seq data using blind deconvolution	tfbs-prediction	tfbs-prediction	extended	http://crab.rutgers.edu/~dslun/csdeconv/index.html							Command-line tool	DNA|ChiP|ChIP-seq|Transcription factor binding sites|Transcription	MATLAB				70		2009	pmid:20028542	csdeconv	https://bio.tools/csdeconv	2024-11-24	bio.tools		
DESSO	Deep Sequence and Shape Motif (DESSO)	Identifies sequence and shape regulatory motifs from the human genome using deep learning	motif-discovery|tfbs-prediction|regulatory-elements	motif-discovery	core	https://bmbl.bmi.osumc.edu/DESSO	https://github.com/OSU-BMBL/DESSO	12	2023-05-26	False	MATLAB		Web application|Database portal|Command-line tool	ChIP-seq|Transcription factors and regulatory sites|Protein sites, features and motifs	MATLAB|C++|Perl|Python				70		2019	pmid:31372637	DESSO	https://bio.tools/DESSO	2020-12-22	bio.tools		
r_spider	R spider	Analyse a gene list using core pathways and reactions from KEGG and Reactome	grn-inference	grn-inference	core	http://mips.helmholtz-muenchen.de/proj/rspider							Web application	Molecular interactions, pathways and networks|Model organisms|Endocrinology and metabolism|Human biology					70			pmid:20519200	r_spider	https://bio.tools/r_spider	2024-11-25	bio.tools		
chip-hub	ChIP-Hub	An integrative web-based Shiny application for exploring plant regulome	regulatory-elements|peak-calling|chip-resources	regulatory-elements	core	https://biobigdata.nju.edu.cn/ChIPHub/							Desktop application	Plant biology|Transcription factors and regulatory sites|Epigenomics|ChIP-seq|ChIP-on-chip	R	Not licensed			69		2022	pmid:35701419	chip-hub	https://bio.tools/chip-hub	2024-11-24	bio.tools		
ChromDragoNN	ChromDragoNN	Predicts genome-wide chromatin accessibility by integrating regulatory DNA sequence and gene expression across cellular contexts	regulatory-elements|nucleosome-chromatin	regulatory-elements	core	https://github.com/kundajelab/ChromDragoNN	https://github.com/kundajelab/ChromDragoNN	44	2021-06-09	False	Jupyter Notebook	MIT		Molecular interactions, pathways and networks|Gene regulation|Machine learning	Python	MIT			69		2019	pmid:31510655	ChromDragoNN	https://bio.tools/ChromDragoNN	2020-12-11	bio.tools		
deepgrn	DeepGRN	Predicts transcription factor binding sites across cell-types using attention-based deep neural networks	tfbs-prediction|grn-inference	tfbs-prediction	core	https://github.com/jianlin-cheng/DeepGRN	https://github.com/jianlin-cheng/DeepGRN	23	2021-09-05	False	Python		Command-line tool	Transcription factors and regulatory sites|Molecular interactions, pathways and networks|Sequencing|Machine learning	Python|Shell|R				69		2021	pmid:33522898	deepgrn	https://bio.tools/deepgrn	2021-03-27	bio.tools		
odin	ODIN	Detects and analyses differential peaks in ChIP-seq data using HMMs	peak-calling	peak-calling	core	http://costalab.org/publications-2/odin/							Suite	Genomics|Gene regulation	Python		Mature		69			pmid:19002165	odin	https://bio.tools/odin	2024-11-25	bio.tools		
peakzilla	Peakzilla	Identify transcription factor binding sites from ChIP-seq data at high resolution	tfbs-prediction|peak-calling	tfbs-prediction	core	https://github.com/steinmann/peakzilla	https://github.com/steinmann/peakzilla	21	2025-08-18	False	Python	GPL-2.0	Command-line tool	Transcription factors and regulatory sites	Python	GPL-2.0	Mature	Free of charge	69		2013	pmid:23980024	peakzilla	https://bio.tools/peakzilla	2024-11-24	bio.tools		
prodoric	PRODORIC	Provides comprehensive data on gene regulation and expression in prokaryotes	motif-databases|tfbs-prediction|grn-inference	motif-databases	core	https://www.prodoric.de							Database portal	Transcription factors and regulatory sites|Gene regulation|Gene structure|Bioinformatics|Model organisms		CC-BY-NC-4.0		Free of charge	69		2022	pmid:34850133	prodoric	https://bio.tools/prodoric	2022-05-18	bio.tools		
tcof-db	TcoF-DB	Explores human transcription factors and co-factors by binding to regulatory DNA regions	motif-databases	motif-databases	core	http://cbrc.kaust.edu.sa/tcof/							Database portal	Transcription factors and regulatory sites|Gene expression|Molecular interactions, pathways and networks|Protein interactions|Proteins					69			pmid:20965969	tcof-db	https://bio.tools/tcof-db	2024-11-25	bio.tools		
ENdb	ENdb	A manually curated database of experimentally supported enhancers for human and mouse	regulatory-elements|chip-resources	regulatory-elements	core	http://www.licpathway.net/ENdb							Database portal	Gene transcripts|Transcription factors and regulatory sites|DNA polymorphism|Data submission, annotation and curation					68		2020	pmid:31665430	ENdb	https://bio.tools/ENdb	2020-12-25	bio.tools		
salad	SALAD	Compares plant-genome-based proteome data sets using clustering, phylogenetic tree, and sequence motif comparisons	comparative	comparative	core	http://salad.dna.affrc.go.jp/salad/en/							Database portal	Model organisms|Plant biology|Proteins|Proteomics					67		2009	pmid:19854933	salad	https://bio.tools/salad	2024-11-25	bio.tools		
prompredict	PromPredict	Identifies promoter regions in genomic DNA sequence based on stability differences between neighboring regions	regulatory-elements	regulatory-elements	core	http://nucleix.mbu.iisc.ernet.in/prompredict/prompredict.html							Web application	DNA|Genomics|Transcription factors and regulatory sites					66			pmid:19593472	prompredict	https://bio.tools/prompredict	2024-11-25	bio.tools		
dbtss	DBTSS	Provides precise positional information for transcription start sites of eukaryotic mRNAs	regulatory-elements	regulatory-elements	core	http://dbtss.hgc.jp/							Database portal	Gene transcripts|Transcription factors and regulatory sites|Gene expression|Epigenomics|Cell culture collection					65		2009	pmid:19910371	dbtss	https://bio.tools/dbtss	2024-11-24	bio.tools		
chipbase	ChIPBase	Encyclopaedia of transcriptional regulations of non-coding RNAs and protein-coding genes	chip-resources|grn-inference	chip-resources	core	https://rnasysu.com/chipbase3/							Database portal|Web application	Functional, regulatory and non-coding RNA|Gene transcripts|Gene expression|Epigenomics|ChIP-seq		GPL-1.0		Free of charge	64		2023	pmid:36399495	chipbase	https://bio.tools/chipbase	2024-11-24	bio.tools		
confac	CONFAC	Compares human genes with mouse orthologues to identify conserved transcription factor binding sites	tfbs-prediction|comparative	tfbs-prediction	core	http://morenolab.whitehead.emory.edu/cgi-bin/confac/login.pl							Web application	Transcription factors and regulatory sites|Gene expression|Gene transcripts|DNA binding sites					64			pmid:15215433	confac	https://bio.tools/confac	2024-11-25	bio.tools		
sdda	SDDA	Searches for transcription factor binding sites in DNA sequences using a stochastic dictionary model	motif-discovery|tfbs-prediction	motif-discovery	core	http://www.stats.gla.ac.uk/~mgupta/publications.htm							Command-line tool	Sequence analysis|Transcription factors and regulatory sites|DNA					64		2003	doi:10.1198/016214503388619094	sdda	https://bio.tools/sdda	2018-12-10	bio.tools		
creme	CREME	Identifies and visualizes cis-regulatory modules for potentially co-expressed genes in the human genome	tfbs-prediction|regulatory-elements	tfbs-prediction	core	http://creme.dcode.org/							Web application	Transcription factors and regulatory sites|Gene expression|Gene transcripts|Gene regulation					63			pmid:15215390	creme	https://bio.tools/creme	2024-11-25	bio.tools		
pyPINTS	PINTS	Identifies nascent transcript starts from sequencing data by peak calling	regulatory-elements|peak-calling	regulatory-elements	core	https://github.com/hyulab/PINTS	https://github.com/hyulab/PINTS	16	2025-06-03	False	Python	GPL-3.0	Command-line tool	Transcription factors and regulatory sites	Python	GPL-3.0	Mature	Free of charge	63		2022	pmid:35177836	pyPINTS	https://bio.tools/pyPINTS	2024-11-24	bio.tools		
depicter-promotor	Depicter	Identifies eukaryotic promoters using cascaded deep capsule neural networks	regulatory-elements	regulatory-elements	core	https://depicter.erc.monash.edu/	https://github.com/zhuyaner/Depicter	4	2021-01-10	False	Python		Web application	Transcription factors and regulatory sites|Machine learning|Model organisms|Gene transcripts|Plant biology	Python				62		2021	pmid:33227813	depicter-promotor	https://bio.tools/depicter-promotor	2024-11-24	bio.tools		
ppd	PPD	A manually curated database of experimentally verified prokaryotic promoters	motif-databases|regulatory-elements	motif-databases	core	http://lin-group.cn/database/ppd/							Database portal	Transcription factors and regulatory sites|Data submission, annotation and curation|Model organisms|Gene transcripts					62		2021	pmid:33539888	ppd	https://bio.tools/ppd	2021-03-28	bio.tools		
GripDL	GripDL	Predicts gene regulatory interactions from spatial gene expression data using deep learning	grn-inference	grn-inference	core	https://github.com/2010511951/GripDL	https://github.com/2010511951/GripDL	3	2021-01-15	False	Python		Command-line tool	Molecular interactions, pathways and networks|Gene regulation|Imaging	Python				61		2019	pmid:31527870	GripDL	https://bio.tools/GripDL	2020-12-07	bio.tools		
chip-array	ChIP-Array	Integrates ChIP-seq and microarray data to discover target genes regulated by a transcription factor	tfbs-prediction|grn-inference	tfbs-prediction	core	http://jjwanglab.org/chip-array/							Web application	Gene expression|Transcription factors and regulatory sites|Gene regulation|Gene transcripts|ChIP-seq					60			pmid:21586587	chip-array	https://bio.tools/chip-array	2024-11-25	bio.tools		
ChIPseqSpikeInFree	ChIPseqSpikeInFree	Normalizes ChIP-seq data to reveal global changes in histone modifications without spike-in	peak-calling	peak-calling	core	https://pecan.stjude.cloud/permalink/spikefree	https://github.com/stjude/ChIPseqSpikeInFree	42	2026-06-30	False	R	Apache-2.0		ChIP-seq|Epigenetics|ChIP-on-chip	R	Apache-2.0			60		2020	pmid:31566663	ChIPseqSpikeInFree	https://bio.tools/ChIPseqSpikeInFree	2020-12-11	bio.tools		
contra_v2	ConTrav2	Identifies transcription factor binding sites across species via a web application	tfbs-prediction|comparative	tfbs-prediction	core	http://bioit.irc.ugent.be/contrav2/index.php?v2							Web application	Nucleic acid sites, features and motifs					60		2011	pmid:21576231	contra_v2	https://bio.tools/contra_v2	2019-02-08	bio.tools		
GeneWalk	GeneWalk	Identifies relevant gene functions for individual genes in a biological context using network representation learning	grn-inference	grn-inference	core	http://github.com/churchmanlab/genewalk	https://github.com/churchmanlab/genewalk	134	2024-08-01	False	Python	BSD-2-Clause	Command-line tool	Molecular interactions, pathways and networks|RNA-Seq|Functional, regulatory and non-coding RNA	Python	BSD-2-Clause			60		2021	pmid:33526072	GeneWalk	https://bio.tools/GeneWalk	2021-09-23	bio.tools		
hmrfbayeshic	HMRFBayesHiC	Identifies long-range chromatin interactions from Hi-C data using a hidden Markov random field Bayesian peak caller	peak-calling	peak-calling	core	http://www.unc.edu/~yunmli/HMRFBayesHiC/							Command-line tool	Structure analysis|DNA structural variation|DNA|Molecular interactions, pathways and networks	R				60			pmid:26543175	hmrfbayeshic	https://bio.tools/hmrfbayeshic	2024-11-25	bio.tools		
gps	GPS	Detects peaks in ChIP-seq data with high spatial resolution	peak-calling	peak-calling	core	http://groups.csail.mit.edu/cgs/onePageGPS/							Command-line tool	Genomics|ChIP-seq|Transcription factors and regulatory sites|Epigenomics	Java		Mature		59			pmid:20966006	gps	https://bio.tools/gps	2024-11-25	bio.tools		
reduce	REDUCE	Identifies transcription factor binding sites from microarray data using motif-based regression	motif-discovery|tfbs-prediction	motif-discovery	core	http://bussemaker.bio.columbia.edu/reduce/							Web application	Transcription factors and regulatory sites|Gene expression|Model organisms|Microarray experiment|Nucleic acid sites, features and motifs					59			pmid:12824350	reduce	https://bio.tools/reduce	2024-11-25	bio.tools		
hlungdb	HLungDB	Integrates lung cancer-related genes, proteins, miRNAs and clinical information	grn-inference	grn-inference	core	http://www.megabionet.org/bio/hlung/							Database portal	Functional, regulatory and non-coding RNA|Epigenetics|Transcription factors and regulatory sites|Oncology|Gene expression					58			pmid:19900972	hlungdb	https://bio.tools/hlungdb	2024-11-25	bio.tools		
janggu	Janggu	Predicts transcription factor binding sites and variant effects from genomic sequences using deep learning	tfbs-prediction|regulatory-variants	tfbs-prediction	core	https://github.com/BIMSBbioinfo/janggu	https://github.com/BIMSBbioinfo/janggu	258	2021-09-29	False	Jupyter Notebook	GPL-3.0	Command-line tool	Transcription factors and regulatory sites|Epigenetics|Sequencing|Machine learning|Zoology	Python	GPL-3.0			58		2020	pmid:32661261	janggu	https://bio.tools/janggu	2021-02-11	bio.tools		
SEMpl	SEMpl	Predicts SNP effects on transcription factor binding affinity using ChIP-seq data	tfbs-prediction|regulatory-variants	tfbs-prediction	core	https://github.com/Boyle-Lab/SEM_CPP	https://github.com/Boyle-Lab/SEM_CPP	16	2024-12-18	False	C			Transcription factors and regulatory sites|DNA polymorphism|ChIP-seq					58		2020	pmid:31373606	SEMpl	https://bio.tools/SEMpl	2024-11-24	bio.tools		
topicnet	TopicNet	Measures transcriptional regulatory network change from genomic data	grn-inference	grn-inference	core	https://github.com/gersteinlab/topicnet	https://github.com/gersteinlab/topicnet	5	2019-11-20	False	R			Transcription factors and regulatory sites|Immunoprecipitation experiment|Gene regulation|Molecular interactions, pathways and networks|Epigenomics	R|Shell				58		2020	pmid:32657410	topicnet	https://bio.tools/topicnet	2021-03-01	bio.tools		
chipcomp	ChIPComp	Detects differentially bound sharp binding sites across multiple conditions using matching control data	peak-annotation	peak-annotation	core	http://bioconductor.org/packages/release/bioc/html/ChIPComp.html							Command-line tool|Library	ChIP-seq	R	GPL-3.0			57		2015	pmid:25682068	chipcomp	https://bio.tools/chipcomp	2019-01-11	bio.tools		
HOT	HOT	Predicts transcription factor binding sites and analyses gene methylation in ChIP-seq data	tfbs-prediction	tfbs-prediction	core	https://github.com/BIMSBbioinfo/HOT-or-not-examining-the-basis-of-high-occupancy-target-regions	https://github.com/BIMSBbioinfo/HOT-or-not-examining-the-basis-of-high-occupancy-target-regions	11	2019-06-18	False	R		Script	Transcription factors and regulatory sites|ChIP-seq|Methylated DNA immunoprecipitation	R|Shell	Unlicense	Mature	Free of charge	57		2019	pmid:31114922	HOT	https://bio.tools/HOT	2020-06-16	bio.tools		
pobo	POBO	Summarizes, verifies and screens predetermined cis-element motifs from a set of sequences	motif-discovery|motif-scanning	motif-discovery	core	http://ekhidna.biocenter.helsinki.fi/poxo/pobo/							Web application	Transcription factors and regulatory sites|Sequence analysis|Sequence sites, features and motifs|Gene expression	C++|Perl|C				57		2004	pmid:15215385	pobo	https://bio.tools/pobo	2018-12-10	bio.tools		
forge2	FORGE2	Identifies tissue- and cell type-specific signals using regulatory element annotations from GWAS data	regulatory-elements|regulatory-variants	regulatory-elements	extended	https://forge2.altiusinstitute.org/	https://github.com/charlesbreeze/FORGE2	0	2026-01-29	False	JavaScript	GPL-3.0	Web application|Desktop application	GWAS study|Epigenomics|DNA polymorphism|Sequencing|Sequence sites, features and motifs	JavaScript|Perl	GPL-3.0		Free of charge	56		2022	pmid:34996498	forge2	https://bio.tools/forge2	2022-06-13	bio.tools		
genefatt	GeneFAtt	Computes all attractors in synchronous and asynchronous dynamic models of gene regulatory networks	grn-inference	grn-inference	core	https://sites.google.com/site/desheng619/download							Command-line tool	Systems biology|Molecular interactions, pathways and networks|Gene regulation					56			pmid:23585840	genefatt	https://bio.tools/genefatt	2024-11-25	bio.tools		
targetgenereg	TargetGeneReg	Web-atlas for p53, p63, and cell cycle-dependent gene regulation	chip-resources|grn-inference	chip-resources	core	http://www.TargetGeneReg.org							Database portal	Molecular interactions, pathways and networks|Gene regulation|Cell biology|Transcription factors and regulatory sites|Functional, regulatory and non-coding RNA				Free of charge	56			pmid:35350773	targetgenereg	https://bio.tools/targetgenereg	2022-05-16	bio.tools		
action	ACTION	Infers functional identity of cells from transcriptional profiles and reconstructs regulatory networks	grn-inference	grn-inference	core	http://compbio.mit.edu/ACTION/							Library	Transcriptomics|Molecular interactions, pathways and networks|Gene expression	R|C++|C	Freeware	Emerging	Free of charge	55		2018	pmid:29666373	action	https://bio.tools/action	2024-11-25	bio.tools		
bedtoolsr	bedtoolsr	Wraps bedtools functions for use within R using standard R data types	peak-calling	peak-calling	core	http://phanstiel-lab.med.unc.edu/bedtoolsr.html	https://github.com/PhanstielLab/bedtoolsr	46	2025-03-19	False	R	NOASSERTION	Command-line tool|Library	Software engineering|Metagenomics|DNA	R|Python				55			pmid:31903447	bedtoolsr	https://bio.tools/bedtoolsr	2021-01-31	bio.tools		
consreg	ConSReg	Predicts condition-specific gene regulatory networks from RNA-Seq data	grn-inference	grn-inference	core	https://github.com/LiLabAtVT/ConSReg	https://github.com/LiLabAtVT/ConSReg	7	2023-07-06	False	Jupyter Notebook	MIT		RNA-Seq|Plant biology|Transcription factors and regulatory sites|Machine learning|Gene regulation	Python	MIT			55		2021	pmid:32329779	consreg	https://bio.tools/consreg	2021-02-17	bio.tools		
genomictools	GenomicTools	Analyses and manipulates high-throughput sequencing data like RNA-seq and ChIP-seq	peak-calling	peak-calling	core	http://code.google.com/p/ibm-cbc-genomic-tools/	https://github.com/tsirigos/ibm-cbc-genomic-tools	3	2015-03-14	False	Go		Suite	Genomics|ChIP-seq|RNA-Seq	C++|C	GPL-2.0	Mature		55			pmid:22113082	genomictools	https://bio.tools/genomictools	2024-11-25	bio.tools		
graphreg	GraphReg	Models gene regulation from chromatin interaction data using graph attention networks	regulatory-elements|grn-inference	regulatory-elements	core	https://github.com/karbalayghareh/GraphReg	https://github.com/karbalayghareh/GraphReg	29	2023-02-21	False	Python		Command-line tool	Epigenomics|Gene regulation|Transcription factors and regulatory sites|Molecular interactions, pathways and networks|Chromosome conformation capture	Python	Not licensed		Free of charge	55		2022	pmid:35396274	graphreg	https://bio.tools/graphreg	2024-11-24	bio.tools		
iPro70-FMWin	iPro70-FMWin	Identifies Sigma70 promoters using multiple windowing and minimal features	regulatory-elements	regulatory-elements	core	http://ipro70.pythonanywhere.com/							Web service	Transcription factors and regulatory sites|RNA immunoprecipitation			Mature	Free of charge	55		2019	pmid:30187132	iPro70-FMWin	https://bio.tools/iPro70-FMWin	2020-06-16	bio.tools		
iProDNA-CapsNet	iProDNA-CapsNet	Identifies protein-DNA binding residues using capsule neural networks	tfbs-prediction|peak-calling	tfbs-prediction	extended	https://github.com/ngphubinh/iProDNA-CapsNet	https://github.com/ngphubinh/iProDNA-CapsNet	0	2019-08-24	False			Command-line tool	Protein interactions|Machine learning|ChIP-seq|Transcription factors and regulatory sites|Statistics and probability					55		2019	pmid:31881828	iProDNA-CapsNet	https://bio.tools/iProDNA-CapsNet	2020-12-14	bio.tools		
key_pathway_miner	Key Pathway Miner	Extracts maximal connected sub-networks containing differentially expressed genes	grn-inference	grn-inference	core	http://keypathwayminer.compbio.sdu.dk/							Command-line tool|Desktop application	Omics|Systems biology|Biomarkers					55		2011	doi:10.1080/15427951.2011.604548	key_pathway_miner	https://bio.tools/key_pathway_miner	2018-12-10	bio.tools		
mini-ex	MINI-EX	Infers cell-type-specific gene regulatory networks in plants from single-cell expression data	grn-inference	grn-inference	core	https://github.com/VIB-PSB/MINI-EX	https://github.com/VIB-PSB/MINI-EX	25	2026-03-16	False	Python	NOASSERTION	Workflow	Molecular interactions, pathways and networks|Transcription factors and regulatory sites|Plant biology|Transcriptomics|RNA-Seq	Python	GPL-3.0	Emerging	Free of charge	55		2022	pmid:36307979	mini-ex	https://bio.tools/mini-ex	2024-11-24	bio.tools		
promotech	Promotech	Predicts bacterial promoters using machine learning on genomic sequences	regulatory-elements	regulatory-elements	core	https://github.com/BioinformaticsLabAtMUN/PromoTech	https://github.com/BioinformaticsLabAtMUN/PromoTech	55	2023-06-19	False	C	GPL-3.0	Command-line tool	Transcription factors and regulatory sites|Microbiology|Machine learning|Sequencing|Bioinformatics	C|Python|MATLAB|Shell	GPL-3.0		Free of charge	55		2021	pmid:34789306	promotech	https://bio.tools/promotech	2022-03-31	bio.tools		
spidermir	SpidermiR	Retrieves and integrates miRNA data into gene regulatory networks for analysis and visualization	grn-inference	grn-inference	core	http://bioconductor.org/packages/release/bioc/html/SpidermiR.html	https://github.com/claudiacava/SpidermiR	2	2022-10-09	False	R		Command-line tool|Library	Functional, regulatory and non-coding RNA|Gene regulation	R	GPL-3.0			55			pmid:28134831	spidermir	https://bio.tools/spidermir	2024-11-25	bio.tools		
coregnet	CoRegNet	Identifies active transcriptional programs from transcriptomic data using co-regulatory networks	grn-inference	grn-inference	core	http://bioconductor.org/packages/release/bioc/html/CoRegNet.html							Command-line tool|Library	Molecular interactions, pathways and networks	R	GPL-3.0			54		2015	pmid:25979476	coregnet	https://bio.tools/coregnet	2019-01-11	bio.tools		
modsubnetbiomident	Modular Subnetwork Biomarker Identification	Infers longevity gene functions using modular subnetwork biomarkers of C. elegans aging	grn-inference	grn-inference	core	http://www.cs.utoronto.ca/~juris/data/GB10/							Web application	Biomarkers|Geriatric medicine|Molecular interactions, pathways and networks|Gene expression|Gene transcripts					54			pmid:20128910	modsubnetbiomident	https://bio.tools/modsubnetbiomident	2024-11-25	bio.tools		
pgltools	Pgltools	Manipulates Hi-C peak and chromatin interaction data	peak-calling	peak-calling	core	https://github.com/billgreenwald/pgltools	https://github.com/billgreenwald/pgltools	35	2022-11-23	False	Python	BSD-3-Clause	Command-line tool	Genomics|Sequence analysis|ChIP-seq	Python	BSD-3-Clause			54		2017	pmid:28388874	pgltools	https://bio.tools/pgltools	2018-12-10	bio.tools		
protedna	ProteDNA	Identifies sequence-specific binding residues in transcription factor protein-DNA interactions	tfbs-prediction	tfbs-prediction	core	http://serv.csbb.ntu.edu.tw/ProteDNA/index.php							Web application	Protein interactions|Transcription factors and regulatory sites|Gene expression|Molecular interactions, pathways and networks|Protein folding, stability and design		Unlicense	Mature	Free of charge	54		2009	pmid:19483101	protedna	https://bio.tools/protedna	2024-11-24	bio.tools		
sitecon	SITECON	Detects conformational and physicochemical properties in transcription factor binding sites via a web server	motif-scanning|tfbs-prediction	motif-scanning	core	http://wwwmgs.bionet.nsc.ru/mgs/programs/sitecon/							Web application	Transcription factors and regulatory sites|Nucleic acid sites, features and motifs|DNA binding sites|Protein binding sites|Gene expression					54			pmid:15215382	sitecon	https://bio.tools/sitecon	2024-11-25	bio.tools		
t-reg_comparator	T-Reg Comparator	Compares position weight matrices against the T-Reg database to analyse transcriptional regulation	motif-comparison|motif-databases	motif-comparison	core	http://treg.molgen.mpg.de/							Web application	Transcription factors and regulatory sites|Gene expression|Nucleic acid sites, features and motifs|DNA binding sites|Gene regulation					54			pmid:15980506	t-reg_comparator	https://bio.tools/t-reg_comparator	2024-11-25	bio.tools		
tenet-network	TENET	Reconstructs gene networks from single-cell transcriptomic data using transfer entropy to identify key regulatory factors	grn-inference	grn-inference	core	https://github.com/neocaleb/TENET	https://github.com/neocaleb/TENET	41	2022-03-18	False	Python			Transcriptomics|Molecular interactions, pathways and networks|Transcription factors and regulatory sites|Cell biology|RNA-Seq	Python|Shell				54		2021	pmid:33170214	tenet-network	https://bio.tools/tenet-network	2024-11-24	bio.tools		
xxmotif	XXmotif	Discovers enriched motifs in user-provided nucleotide sequences	motif-discovery	motif-discovery	core	https://bammmotif.mpibpc.mpg.de/							Command-line tool|Web application	Sequence analysis|DNA|Sequence sites, features and motifs	C++				54		2012	pmid:22693218	xxmotif	https://bio.tools/xxmotif	2024-11-25	bio.tools		
epivia	EpiVIA	Jointly profiles chromatin accessibility and CAR-T integration sites at population and single-cell levels	peak-calling|single-cell	peak-calling	core	https://github.com/VahediLab/epiVIA	https://github.com/VahediLab/epiVIA	3	2020-02-11	False			Script	Epigenomics|Immunoproteins and antigens|Chromosome conformation capture|Gene transcripts|Cell biology	Python				53		2020	pmid:32094195	epivia	https://bio.tools/epivia	2021-03-08	bio.tools		
logo	LOGO	Integrates convolution and self-attention to model the human genome and interpret non-coding regions at base-resolution	regulatory-elements|regulatory-variants	regulatory-elements	core	https://github.com/melobio/LOGO	https://github.com/melobio/LOGO	21	2022-12-21	False	HTML	MIT	Command-line tool	Transcription factors and regulatory sites|GWAS study|Human biology|Natural language processing|Human genetics	Python	Not licensed		Free of charge	53		2022	pmid:35536244	logo	https://bio.tools/logo	2024-11-24	bio.tools		
recon	RECON	Calculates the probability of nucleosome formation along a user-provided DNA sequence	nucleosome-chromatin	nucleosome-chromatin	core	http://wwwmgs.bionet.nsc.ru/mgs/programs/recon/							Web application	DNA|DNA binding sites|Statistics and probability|DNA packaging|Transcription factors and regulatory sites					53		2004	pmid:15215408	recon	https://bio.tools/recon	2018-12-10	bio.tools		
spascer	SPASCER	Annotates spatial transcriptomics data at single-cell resolution	grn-inference|single-cell	grn-inference	core	https://ccsm.uth.edu/SPASCER							Database portal	Transcriptomics|Molecular interactions, pathways and networks|Cell biology|RNA-Seq|Proteomics				Free of charge	53		2023	pmid:36243975	spascer	https://bio.tools/spascer	2024-11-24	bio.tools		
centdist	CENTDIST	Identifies co-transcription factors by scanning for co-motifs in ChIP-seq data	motif-scanning	motif-scanning	core	http://biogpu.ddns.comp.nus.edu.sg/~chipseq/webseqtools2/TASKS/Motif_Enrichment/submit.php?email=guest							Web application	ChIP-seq|Transcription factors and regulatory sites|Immunoprecipitation experiment					52			pmid:21602269	centdist	https://bio.tools/centdist	2024-11-25	bio.tools		
gopeaks	GoPeaks	Call peaks from CUT&TAG/CUT&RUN sequencing data	peak-calling	peak-calling	core	https://github.com/maxsonBraunLab/gopeaks	https://github.com/maxsonBraunLab/gopeaks	31	2022-08-18	False	Go	MIT	Command-line tool	Epigenetics|ChIP-seq|Transcription factors and regulatory sites|Workflows|Gene transcripts	R|Shell|Python	MIT		Free of charge	52		2022	pmid:35788238	gopeaks	https://bio.tools/gopeaks	2024-11-24	bio.tools		
inclusive	INCLUSive	Analyse gene expression data and discover cis-regulatory sequence elements	motif-discovery	motif-discovery	extended	http://www.esat.kuleuven.ac.be/inclusive							Web application	Gene expression|Sequence analysis					52			pmid:12824346	inclusive	https://bio.tools/inclusive	2024-11-25	bio.tools		
LTMG	LTMG	Models transcriptional expression states in single-cell RNA-Seq data using statistical analysis	regulatory-elements|single-cell	regulatory-elements	core	https://github.com/zy26/LTMGSCA	https://github.com/zy26/LTMGSCA	10	2020-01-21	False	R		Command-line tool	RNA-Seq|Gene expression|Gene transcripts	R				52		2019	pmid:31372654	LTMG	https://bio.tools/LTMG	2020-12-22	bio.tools		
wikigene	WikiGene	Community-based web application to collect data about genes and gene regulatory events	regulatory-elements|grn-inference	regulatory-elements	core	http://andromeda.gsf.de/wiki							Web application	Molecular interactions, pathways and networks|Gene regulation|Gene expression|Gene and protein families|Functional, regulatory and non-coding RNA					52			pmid:15980584	wikigene	https://bio.tools/wikigene	2024-11-25	bio.tools		
chia-pipe	ChIA-PIPE	Fully automated pipeline for comprehensive ChIA-PET data analysis and visualization	peak-calling|peak-annotation	peak-calling	core	https://github.com/TheJacksonLaboratory/ChIA-PIPE	https://github.com/TheJacksonLaboratory/ChIA-PIPE	29	2021-08-13	False	C	MIT	Script|Workflow	Workflows|ChIP-seq|ChIP-on-chip|RNA-Seq|DNA polymorphism					51		2020	pmid:32832596	chia-pipe	https://bio.tools/chia-pipe	2021-02-11	bio.tools		
p2rp	Predicted Prokaryotic Regulatory Proteins (P2RP)	Predicts regulatory proteins in prokaryotes via a web platform	tfbs-prediction	tfbs-prediction	core	http://www.p2rp.org/index.php?PHPSESSID=a025bb831c57e0ec4c48933ac0685725							Web application	Transcription factors and regulatory sites|Protein properties|Model organisms					51		2013	pmid:23601859	p2rp	https://bio.tools/p2rp	2018-12-10	bio.tools		
silencerdb	SilencerDB	A comprehensive database of silencers for transcriptional regulatory element prediction and validation	regulatory-elements	regulatory-elements	core	http://health.tsinghua.edu.cn/silencerdb/	https://github.com/xy-chen16/DeepSilencer	16	2023-05-23	False	Python	Apache-2.0		Transcription factors and regulatory sites|Machine learning|Gene regulation|Epigenomics|Gene transcripts	Python	Apache-2.0			51		2021	pmid:33045745	silencerdb	https://bio.tools/silencerdb	2024-11-24	bio.tools		
wordspy	WordSpy	Searches for over-represented words in sequences and discriminative words using negative sequence data	motif-discovery|motif-scanning	motif-discovery	core	http://cic.cs.wustl.edu/wordspy/							Web application	Transcription factors and regulatory sites|Gene expression|Sequence sites, features and motifs|Nucleic acid sites, features and motifs|DNA binding sites					51			pmid:15980501	wordspy	https://bio.tools/wordspy	2024-11-25	bio.tools		
geneset2mirna	GeneSet2miRNA	Identifies miRNA regulatory activity within an input gene list via a web-based tool	regulatory-elements	regulatory-elements	core	http://mips.helmholtz-muenchen.de/proj/gene2mir/							Web application	Functional, regulatory and non-coding RNA|Model organisms|Molecular interactions, pathways and networks|Gene regulation|Microarray experiment					50			pmid:19420064	geneset2mirna	https://bio.tools/geneset2mirna	2024-11-25	bio.tools		
iris3	IRIS3	Infers cell-type-specific regulons from single-cell RNA-Seq data	grn-inference|single-cell	grn-inference	core	https://bmbl.bmi.osumc.edu/iris3/	https://github.com/OSU-BMBL/IRIS3	12	2023-03-21	False	JavaScript	GPL-3.0	Web service	RNA-Seq|Gene expression|RNA|Cell biology|Molecular interactions, pathways and networks	JavaScript	GPL-3.0			50		2020	pmid:32421805	iris3	https://bio.tools/iris3	2021-02-11	bio.tools		
motifviz	MotifViz	Detects overrepresented transcription factor binding motifs in sequence data	motif-discovery|motif-scanning|tfbs-prediction	motif-discovery	core	http://biowulf.bu.edu/MotifViz/							Web application	Transcription factors and regulatory sites|Gene expression|Sequence sites, features and motifs|Protein structural motifs and surfaces					50			pmid:15215422	motifviz	https://bio.tools/motifviz	2024-11-25	bio.tools		
possum-cis	Possum	Predicts cis-elements in DNA sequences using Position Specific Scoring Matrices	motif-scanning	motif-scanning	extended	http://zlab.bu.edu/~mfrith/possum/							Web application	Sequence analysis|DNA|Transcription factors and regulatory sites					50			pmid:15215422	possum-cis	https://bio.tools/possum-cis	2024-11-25	bio.tools		
circlebase	CircleBase	Integrates and analyses human extrachromosomal circular DNAs for enrichment and regulatory network prediction	grn-inference|regulatory-variants	grn-inference	core	http://circlebase.maolab.org/	https://github.com/leishenggit/CircleBase	1	2023-11-07	False	HTML		Bioinformatics portal|Web application	Epigenetics|Molecular interactions, pathways and networks|DNA|Oncology|ChIP-seq	JavaScript|PHP			Free of charge	49		2022	pmid:34792166	circlebase	https://bio.tools/circlebase	2022-04-14	bio.tools		
gcapc	gcapc	Calls peaks for ChIP-seq data while accounting for GC bias in sequencing reads	peak-calling	peak-calling	extended	http://bioconductor.org/packages/release/bioc/html/gcapc.html	https://github.com/tengmx/gcapc	10	2018-07-05	False	R		Library	ChIP-seq|Sequencing	R	GPL-3.0		Free of charge	49		2017	pmid:29025895	gcapc	https://bio.tools/gcapc	2024-11-25	bio.tools		
belt	BELT	Calls ChIP-seq peaks using bin-based enrichment level thresholds	peak-calling	peak-calling	core	http://compbio.uthscsa.edu/BELT_Web/							Command-line tool	ChiP|ChIP-seq|DNA	Java				48			pmid:21138948	belt	https://bio.tools/belt	2024-11-25	bio.tools		
diffbind	DiffBind	Compute differentially bound sites from multiple ChIP-seq experiments using affinity data	peak-annotation	peak-annotation	core	http://bioconductor.org/packages/release/bioc/html/DiffBind.html							Command-line tool|Library	ChIP-seq	R	Artistic-2.0			48		2014	pmid:24886537	diffbind	https://bio.tools/diffbind	2021-06-30	bio.tools		
ripseeker	RIPSeeker	Infers and discriminates RIP peaks from RIP-seq alignments using a two-state HMM	peak-calling	peak-calling	core	http://bioconductor.org/packages/release/bioc/html/RIPSeeker.html							Command-line tool|Library	RNA-seq	R	GPL-2.0			48		2013	pmid:23455476	ripseeker	https://bio.tools/ripseeker	2019-01-09	bio.tools		
biobike	BioBIKE	Web-based environment for biologists to combine tools, data and knowledge without programming expertise	motif-discovery	motif-discovery	core	http://biobike.csbc.vcu.edu/							Web application	Software engineering|Biology|Database management|Systems biology|Data visualisation		MIT	Mature	Free of charge	47		2009	pmid:19433511	biobike	https://bio.tools/biobike	2024-11-24	bio.tools		
dminda	DMINDA	Identifies and analyses DNA motifs via an integrated web server	motif-discovery|motif-scanning|motif-comparison	motif-discovery	core	http://csbl.bmb.uga.edu/DMINDA/							Web application	Transcription factors and regulatory sites|Sequence sites, features and motifs|DNA|Gene expression|Sequence analysis	JavaScript|PHP				47			pmid:24753419	dminda	https://bio.tools/dminda	2024-11-25	bio.tools		
predictregulon	PredictRegulon	Predicts binding sites and operons for a regulatory protein in a prokaryotic genome	tfbs-prediction|regulatory-elements	tfbs-prediction	core	http://www.cdfd.org.in/predictregulon/							Web application	Protein binding sites|Transcription factors and regulatory sites|Nucleic acid sites, features and motifs|DNA binding sites|Model organisms					47			pmid:15215402	predictregulon	https://bio.tools/predictregulon	2024-11-25	bio.tools		
pthgrn	PTHGRN	Unravels post-translational hierarchical gene regulatory networks from PPI, ChIP-seq and gene expression data	grn-inference	grn-inference	core	http://www.byanbioinfo.org/pthgrn							Web application	Molecular interactions, pathways and networks|Gene expression|Epigenetics|ChIP-seq|Transcription factors and regulatory sites	PHP				47		2014	pmid:24875471	pthgrn	https://bio.tools/pthgrn	2018-12-10	bio.tools		
rgadem	rGADEM	Discovers de novo motifs in large-scale genomic sequence data	motif-discovery	motif-discovery	extended	http://bioconductor.org/packages/release/bioc/html/rGADEM.html							Command-line tool|Library	Sequence sites, features and motifs	R	Artistic-2.0			47			pmid:21358819	rgadem	https://bio.tools/rgadem	2024-11-25	bio.tools		
chinn	ChINN	Predicts chromatin interactions from DNA sequences using a neural network	tfbs-prediction|regulatory-elements	tfbs-prediction	core	https://github.com/mjflab/chinn	https://github.com/mjflab/chinn	6	2021-07-27	False	Python	Apache-2.0	Command-line tool	Machine learning|ChIP-seq|Gene expression|RNA-Seq|Chromosome conformation capture	Python	Apache-2.0		Free of charge	46		2021	pmid:34399797	chinn	https://bio.tools/chinn	2021-12-15	bio.tools		
cnn-peaks	CNN-Peaks	Calls ChIP-Seq peaks using a convolutional neural network	peak-calling	peak-calling	core	http://github.com/odb9402/CNNPeaks	https://github.com/odb9402/CNNPeaks	15	2021-01-18	False	Python	MIT		ChIP-seq|Machine learning|Epigenetics|Transcription factors and regulatory sites|Molecular biology	Python|C	MIT			46		2020	pmid:32404971	cnn-peaks	https://bio.tools/cnn-peaks	2021-02-13	bio.tools		
jpredictor	jPREdictor	Predicts cis-regulatory elements from short DNA motifs that bind regulatory proteins	tfbs-prediction|regulatory-elements	tfbs-prediction	core	http://bibiserv.techfak.uni-bielefeld.de/jpredictor/							Command-line tool	Sequence sites, features and motifs|Transcription factors and regulatory sites|Gene regulation|Gene expression|Model organisms	Java				46			pmid:16845067	jpredictor	https://bio.tools/jpredictor	2024-11-25	bio.tools		
signalink3	SignaLink3	Uncover tissue-specific signaling networks through multi-layered molecular interaction and pathway analysis	grn-inference	grn-inference	core	http://signalink.org/							Web application	Molecular interactions, pathways and networks|Functional, regulatory and non-coding RNA|Transcription factors and regulatory sites|Zoology|Protein modifications	SQL			Free of charge	46		2022	pmid:34634810	signalink3	https://bio.tools/signalink3	2022-03-27	bio.tools		
triplexfpp	TriplexFPP	Predicts DNA:RNA triplex potential using deep learning	tfbs-prediction	tfbs-prediction	core	https://github.com/yuuuuzhang/TriplexFPP	https://github.com/yuuuuzhang/TriplexFPP	2	2021-01-23	False	Python	GPL-3.0		Functional, regulatory and non-coding RNA|Machine learning|Mathematics|DNA|Gene expression	Python	GPL-3.0			46		2020	pmid:33183242	triplexfpp	https://bio.tools/triplexfpp	2021-03-05	bio.tools		
vamos	vamos	Annotates variable-number tandem repeats using efficient motif sets	motif-discovery|regulatory-variants	motif-discovery	core	https://github.com/chaissonlab/vamos	https://github.com/chaissonlab/vamos	42	2026-05-25	False	C	GPL-2.0	Workflow	DNA polymorphism|Sequence sites, features and motifs|Sequence assembly|Gene transcripts|Sequencing	C	GPL-2.0		Free of charge	46		2023	pmid:37501141	vamos	https://bio.tools/vamos	2024-11-24	bio.tools		
CFEA	Cell-Free Epigenome Atlas (CFEA)	Search and download cell-free epigenome data for human diseases	nucleosome-chromatin	nucleosome-chromatin	core	http://www.bio-data.cn/CFEA								Epigenomics|DNA packaging|Oncology					45		2020	pmid:31428785	CFEA	https://bio.tools/CFEA	2020-12-10	bio.tools		
EpiMethylTag	EpiMethylTag	Simultaneously detects ATAC-seq or ChIP-seq signals with DNA methylation	peak-calling	peak-calling	core	https://github.com/skoklab/EpiMethylTag	https://github.com/skoklab/EpiMethylTag	4	2019-10-01	False	R		Workflow	Epigenetics|ChIP-seq|Methylated DNA immunoprecipitation|Transcription factors and regulatory sites|ChIP-on-chip	R|Shell				45		2019	pmid:31752933	EpiMethylTag	https://bio.tools/EpiMethylTag	2020-12-25	bio.tools		
scnet-genes	scNET	Evaluates reproducibility of single-cell gene regulatory network inference algorithms	grn-inference|single-cell	grn-inference	extended	https://github.com/ComputationalSystemsBiology/scNET	https://github.com/ComputationalSystemsBiology/scNET	4	2021-09-15	False	Jupyter Notebook		Script	Molecular interactions, pathways and networks|Transcriptomics|RNA-Seq|Transcription factors and regulatory sites|Genotype and phenotype	R				45		2021	pmid:33828580	scnet-genes	https://bio.tools/scnet-genes	2021-11-29	bio.tools		
sepira	SEPIRA	Infers sample-specific transcription factor activity from genome-wide expression or DNA methylation profiles	grn-inference	grn-inference	core	http://bioconductor.org/packages/release/bioc/html/SEPIRA.html	https://git.bioconductor.org/packages/SEPIRA						Library	Gene expression|Gene regulation	R	GPL-3.0			45		2017	pmid:29262847	sepira	https://bio.tools/sepira	2018-12-10	bio.tools		
w-chipmotifs	W-ChIPMotifs	Discover de novo motifs from ChIP-based high throughput data via a web application	motif-discovery	motif-discovery	core	http://compbio.uthscsa.edu/ChIPMotifs/							Web application	ChIP-seq|DNA|Nucleic acid sites, features and motifs					45			pmid:19797408	w-chipmotifs	https://bio.tools/w-chipmotifs	2024-11-25	bio.tools		
aiap	AIAP	Performs quality control and integrative analysis for ATAC-seq data	peak-calling|peak-annotation|nucleosome-chromatin	peak-calling	core	https://github.com/Zhang-lab/ATAC-seq_QC_analysis	https://github.com/Zhang-lab/ATAC-seq_QC_analysis	22	2024-06-04	False	Shell		Workbench	Chromosome conformation capture|Transcription factors and regulatory sites|Quality affairs	Shell|R|Python			Free of charge	44		2021	pmid:34273560	aiap	https://bio.tools/aiap	2024-11-24	bio.tools		
artdeco	ARTDeco	Analyzes and characterizes transcriptional readthrough from RNA-Seq data	regulatory-elements|peak-calling	regulatory-elements	core	https://github.com/sjroth/ARTDeco	https://github.com/sjroth/ARTDeco	23	2024-05-06	False	Python	MIT	Command-line tool|Workflow	Transcription factors and regulatory sites|RNA-Seq|Transcriptomics|Gene transcripts|Epigenetics	Python	MIT			44		2020	pmid:32456667	artdeco	https://bio.tools/artdeco	2021-01-28	bio.tools		
ddpc	DDPC	A knowledgebase of genes experimentally verified to be involved in prostate cancer	motif-databases|tfbs-prediction|regulatory-elements	motif-databases	core	http://www.cbrc.kaust.edu.sa/ddpc/							Database portal	Transcription factors and regulatory sites|Molecular interactions, pathways and networks|Oncology|Gene expression|Gene transcripts	Perl				44		2011	pmid:20880996	ddpc	https://bio.tools/ddpc	2024-11-25	bio.tools		
fitom	FiToM	Detects binding sites in DNA or RNA sequences	tfbs-prediction	tfbs-prediction	core	http://erilllab.umbc.edu/research/software/fitom/							Desktop application	Sequence analysis|RNA|DNA|Transcription factors and regulatory sites					44			pmid:19210776	fitom	https://bio.tools/fitom	2024-11-25	bio.tools		
GeNeCK	GeNeCK	Constructs gene networks from expression data using integrated statistical methods	grn-inference	grn-inference	core	http://lce.biohpc.swmed.edu/geneck							Web service	Molecular interactions, pathways and networks|Transcription factors and regulatory sites|Transcriptomics	JavaScript|PHP|R	GPL-3.0	Mature	Free of charge	44		2019	pmid:30616521	GeNeCK	https://bio.tools/GeNeCK	2020-06-16	bio.tools		
granie	GRaNIE	Reconstructs cell type specific gene regulatory networks with enhancers from chromatin accessibility and RNA-seq data	regulatory-elements|grn-inference	regulatory-elements	core	https://git.embl.de/grp-zaugg/GRaNIE							Library	Molecular interactions, pathways and networks|Transcription factors and regulatory sites|Epigenetics|RNA-Seq|Gene regulation	R	Artistic-2.0		Free of charge	44		2023	pmid:37073532	granie	https://bio.tools/granie	2023-09-25	bio.tools		
granpa	GRaNPA	Assesses biological relevance of TF-gene regulatory networks by predicting cell-type specific differential expression	grn-inference	grn-inference	core	https://git.embl.de/grp-zaugg/GRaNPA							Library	Molecular interactions, pathways and networks|Transcription factors and regulatory sites|Epigenetics|RNA-Seq|Gene regulation	R	Artistic-2.0		Free of charge	44		2023	pmid:37073532	granpa	https://bio.tools/granpa	2024-11-24	bio.tools		
ipromoter-5mc	iPromoter-5mC	Predicts 5-methylcytosine sites in genome-wide DNA promoters using a fusion decision predictor	tfbs-prediction|regulatory-elements	tfbs-prediction	core	http://www.jci-bioinfo.cn/iPromoter-5mC	https://github.com/zlwuxi/iPromoter-5mC	1	2021-01-13	False	Python		Web service	Transcription factors and regulatory sites|Gene transcripts|Methylated DNA immunoprecipitation|Machine learning|Oncology	Python				44		2020	pmid:32850787	ipromoter-5mc	https://bio.tools/ipromoter-5mc	2021-02-11	bio.tools		
motifrg	motifRG	Discovers discriminative sequence motifs using regression methods	motif-discovery	motif-discovery	core	http://bioconductor.org/packages/release/bioc/html/motifRG.html							Command-line tool|Library	Sequence analysis|Sequence sites, features and motifs	R	Artistic-2.0			44			pmid:24162561	motifrg	https://bio.tools/motifrg	2024-11-25	bio.tools		
weederh	WeederH	Identifies conserved transcription factor binding sites by comparing a sequence to homologs	motif-discovery|footprinting	motif-discovery	core	http://www.beaconlab.it/modtools							Command-line tool	Sequence sites, features and motifs	C	GPL-3.0	Mature		44			pmid:17286865	weederh	https://bio.tools/weederh	2024-11-25	bio.tools		
cwords	cWords	Identifies over-represented words in a set of ranked sequences	motif-discovery	motif-discovery	core	http://servers.binf.ku.dk/cwords/	https://github.com/simras/cWords	0	2023-10-03	False	Ruby		Command-line tool|Web application	Sequence sites, features and motifs|Gene regulation|Protein interactions					43		2013	pmid:23688306	cwords	https://bio.tools/cwords	2024-11-25	bio.tools		
Graph_Peak_Caller	Graph Peak Caller	Calls transcription factor peaks on graph-based reference genomes from ChIP-seq data	peak-calling	peak-calling	core	https://github.com/uio-bmi/graph_peak_caller	https://github.com/uio-bmi/graph_peak_caller	26	2024-08-17	False	Python	BSD-3-Clause	Command-line tool	ChIP-seq|Transcription factors and regulatory sites|Sequence assembly	Python	BSD-3-Clause	Mature	Free of charge	43		2019	pmid:30779737	Graph_Peak_Caller	https://bio.tools/Graph_Peak_Caller	2020-06-16	bio.tools		
LuxR	LuxR	Activates quorum sensing gene expression by counter-silencing H-NS globally	tfbs-prediction|regulatory-elements	tfbs-prediction	core	https://github.com/Juliacvk/LuxR_H-NS	https://github.com/Juliacvk/LuxR_H-NS	0	2020-05-13	False	Perl		Command-line tool	Transcription factors and regulatory sites|RNA-Seq|ChIP-seq|PCR experiment|ChIP-on-chip	Perl				43		2020	pmid:31745565	LuxR	https://bio.tools/LuxR	2020-12-22	bio.tools		
asap	ASAP	Predicts transcription factor binding sites using enhanced suffix arrays for promoter analysis	tfbs-prediction|regulatory-elements	tfbs-prediction	core	http://asap.binf.ku.dk/Asap/Home.html							Command-line tool|Web application|Desktop application	Gene regulation		GPL-3.0			42		2008	pmid:18286180	asap	https://bio.tools/asap	2024-11-25	bio.tools		
biotip	BioTIP	Characterizes biological tipping points from gene expression data using regulatory network analysis	grn-inference	grn-inference	core	https://github.com/xyang2uchicago/BioTIP	https://github.com/xyang2uchicago/BioTIP	24	2025-10-20	False	HTML		Library	Gene expression|Tomography|Biomarkers|RNA-Seq|Genotype and phenotype	R	Not licensed			42		2022	pmid:35640613	biotip	https://bio.tools/biotip	2024-11-24	bio.tools		
coman	COMAN	Predicts transcriptional regulatory elements from metatranscriptomics data via a web application	regulatory-elements	regulatory-elements	core	http://147.8.185.62/COMAN/							Web application	RNA-seq|Transcriptomics|Microbiology|Metagenomics					42		2016	pmid:27515514	coman	https://bio.tools/coman	2018-12-10	bio.tools		
DAStk_-_Differential_ATAC-seq_toolkit	DAStk - Differential ATAC-seq toolkit	Command-line tools for differential ATAC-seq data analysis, including binding and expression analysis	peak-annotation|regulatory-variants	peak-annotation	core	https://github.com/Dowell-Lab/DAStk	https://github.com/Dowell-Lab/DAStk	29	2023-12-21	False	Python	BSD-3-Clause	Command-line tool	Transcription factors and regulatory sites	Python	BSD-3-Clause	Mature	Free of charge	42		2018	pmid:29748466	DAStk_-_Differential_ATAC-seq_toolkit	https://bio.tools/DAStk_-_Differential_ATAC-seq_toolkit	2020-06-16	bio.tools		
FFLtool	FFLtool	Analyses transcription factor and miRNA feed forward loops in human gene regulation	grn-inference	grn-inference	core	http://bioinfo.life.hust.edu.cn/FFLtool/							Web application	Functional, regulatory and non-coding RNA|Transcription factors and regulatory sites|Gene regulation|Pathology|Molecular interactions, pathways and networks					42		2020	pmid:31830251	FFLtool	https://bio.tools/FFLtool	2020-12-28	bio.tools		
hera	HeRA	Explore an atlas of enhancer RNAs across human tissues	regulatory-elements	regulatory-elements	core	https://hanlab.uth.edu/HeRA/							Web service	Functional, regulatory and non-coding RNA|Gene expression|Genotype and phenotype|Gene transcripts|Human biology					42		2021	pmid:33119754	hera	https://bio.tools/hera	2024-11-24	bio.tools		
melinaii	MelinaII	Runs multiple motif prediction tools simultaneously on DNA sequences	motif-discovery	motif-discovery	core	http://melina2.hgc.jp/public/index.html							Web application	Transcription factors and regulatory sites|Gene expression|Sequence assembly|Nucleic acid sites, features and motifs|DNA binding sites		Unlicense	Mature	Free of charge	42		2007	pmid:17537821	melinaii	https://bio.tools/melinaii	2024-11-24	bio.tools		
allegro	Allegro	Simultaneously discovers cis-regulatory motifs and their associated expression profiles	motif-discovery	motif-discovery	core	http://acgt.cs.tau.ac.il/allegro/							Desktop application	Sequence analysis|Transcription factors and regulatory sites|DNA	Java				41		2009	pmid:19151090	allegro	https://bio.tools/allegro	2024-11-25	bio.tools		
BindSpace	BindSpace	Decodes transcription factor binding signals by large-scale sequence embedding	tfbs-prediction|peak-calling	tfbs-prediction	core	https://bitbucket.org/hy395/bindspace	https://bitbucket.org/hy395/bindspace							Transcription factors and regulatory sites|ChIP-seq|ChIP-on-chip					41		2019	pmid:31406384	BindSpace	https://bio.tools/BindSpace	2020-12-05	bio.tools		
cplexa	CplexA	Computes probabilities and average properties from interaction energetics using functional programming in Mathematica	regulatory-elements	regulatory-elements	extended	http://cplexa.sourceforge.net/							Command-line tool	Promoters|Gene expression|DNA|Assembly|Interactions|Systems biology|DNA binding sites|Transcription factors|Transcription	Mathematica|MATLAB|Python				41			pmid:20562419	cplexa	https://bio.tools/cplexa	2024-11-25	bio.tools		
deconpeaker	DeconPeaker	Estimates cell type proportions in chromatin accessibility and gene expression data	nucleosome-chromatin	nucleosome-chromatin	extended	https://github.com/lihuamei/DeconPeaker	https://github.com/lihuamei/DeconPeaker	5	2025-02-21	False	HTML		Command-line tool	Chromosome conformation capture|Gene expression|RNA-Seq|Microarray experiment|Cell biology	Python				41		2020	pmid:32547592	deconpeaker	https://bio.tools/deconpeaker	2021-02-24	bio.tools		
grrann	GRRANN	Predicts phenotypes from gene expression data using a regularized artificial neural network with biological network constraints	grn-inference	grn-inference	core	https://github.com/kangtianyu/GRRANN	https://github.com/kangtianyu/GRRANN	3	2017-11-08	False	Java		Desktop application	Machine learning|Gene regulation	Java				41		2017	pmid:29258445	grrann	https://bio.tools/grrann	2024-11-25	bio.tools		
netvenn	NetVenn	Compare and analyse gene lists by combining Venn diagrams with gene set enrichment on a network-based web platform	grn-inference	grn-inference	core	https://wheat.pw.usda.gov/NetVenn/							Web application	Molecular interactions, pathways and networks|Gene expression|Mapping|Gene transcripts					41		2014	pmid:24771340	netvenn	https://bio.tools/netvenn	2018-12-10	bio.tools		
network_of_cancer_genes	Network of Cancer Genes	Collects and integrates data on 736 human genes mutated in various types of cancer	grn-inference	grn-inference	core	http://ncg.kcl.ac.uk/							Database portal	Oncology|Molecular interactions, pathways and networks|Protein interactions|Human biology|Genetic variation					41		2009	pmid:19906700	network_of_cancer_genes	https://bio.tools/network_of_cancer_genes	2024-11-25	bio.tools		
subtiwiki	SubtiWiki	Database for the model organism Bacillus subtilis, providing gene regulatory network analysis, genome visualisation, and operon prediction	grn-inference	grn-inference	core	https://subtiwiki.uni-goettingen.de/							Web application|Database portal	Molecular interactions, pathways and networks|Gene expression|Model organisms|Endocrinology and metabolism|Phylogenetics				Free of charge	41		2025	pmid:39441067	subtiwiki	https://bio.tools/subtiwiki	2025-07-16	bio.tools		
defcom	DeFCoM	Detects footprints containing motifs using SVM-based supervised learning	motif-discovery|motif-scanning|footprinting	motif-discovery	core	https://bitbucket.org/bryancquach/defcom	https://bitbucket.org/bryancquach/defcom						Library	Sequencing|Nucleic acid sites, features and motifs	Python				40		2017	pmid:27993786	defcom	https://bio.tools/defcom	2024-11-25	bio.tools		
mscentipede	msCentipede	Accurately infers transcription factor binding sites from chromatin accessibility data	tfbs-prediction|footprinting	tfbs-prediction	core	https://github.com/rajanil/msCentipede	https://github.com/rajanil/msCentipede	25	2016-08-17	False	Python	MIT	Command-line tool	Transcription factors and regulatory sites	Python	MIT			40		2015	pmid:26406244	mscentipede	https://bio.tools/mscentipede	2024-11-25	bio.tools		
sirw	SIRW	Web interface for indexing and retrieving biological sequences and motifs	motif-scanning	motif-scanning	extended	http://sirw.embl.de/							Web application	Sequence sites, features and motifs|Sequence analysis|Proteins|Bioinformatics	Python				40			pmid:12824415	sirw	https://bio.tools/sirw	2024-11-25	bio.tools		
telobase	TeloBase	Curated database of computationally predicted and experimentally confirmed telomere sequences across the tree of life	motif-discovery|motif-databases	motif-discovery	core	http://cfb.ceitec.muni.cz/telobase/							Database portal	Cladistics|Sequencing|Plant biology|Sequence sites, features and motifs		CC-BY-4.0		Free of charge	40		2024	pmid:37602392	telobase	https://bio.tools/telobase	2024-11-24	bio.tools		
bac	BAC	Detects enriched regions from ChIP-chip experiments using a Bayesian hierarchical model	peak-calling	peak-calling	extended	http://bioconductor.org/packages/release/bioc/html/BAC.html							Command-line tool|Library	ChIP-seq|DNA binding sites|Sequence analysis	R	Artistic-2.0			39			pmid:17888037	bac	https://bio.tools/bac	2024-11-25	bio.tools		
chromnet	ChromNet	Displays chromatin network nodes and edges using a real-time force model	peak-calling|grn-inference	peak-calling	core	http://chromnet.cs.washington.edu/							Web application	ChIP-seq|Data visualisation|Molecular interactions, pathways and networks					39		2016	pmid:27139377	chromnet	https://bio.tools/chromnet	2024-11-25	bio.tools		
crosshub	CrossHub	Analyses TCGA data to explore gene expression regulation mechanisms	grn-inference	grn-inference	core	https://sourceforge.net/projects/crosshub/	https://sourceforge.net/projects/crosshub/						Command-line tool	Gene expression|Genomics|Oncology|RNA-seq					39		2016	pmid:26773058	crosshub	https://bio.tools/crosshub	2018-12-10	bio.tools		
dnaser	DNaseR	Analyses DNase I footprints from DNase-seq data in R	footprinting|peak-calling	footprinting	core	http://bioconductor.riken.jp/packages/2.14/bioc/html/DNaseR.html							Plug-in	Sequence analysis	R	GPL-2.0	Mature		39			pmid:23118738	dnaser	https://bio.tools/dnaser	2024-11-25	bio.tools		
EnhancerDB	EnhancerDB	Discover regulatory relationships in the context of enhancers using a database portal	regulatory-elements|regulatory-variants	regulatory-elements	core	http://lcbb.swjtu.edu.cn/EnhancerDB/							Web API|Web application|Database portal	Transcription factors and regulatory sites|Functional, regulatory and non-coding RNA|DNA polymorphism	Java|Python		Mature	Free of charge	39		2019	pmid:30689845	EnhancerDB	https://bio.tools/EnhancerDB	2020-06-16	bio.tools		
ianimal	IAnimal	Cross-species omics knowledgebase for animals, enabling query and retrieval of genomic data	chip-resources|grn-inference	chip-resources	core	https://ianimal.pro/							Database portal	Epigenomics|Phenomics|Whole genome sequencing|ChIP-seq|RNA-Seq				Free of charge	39		2023	pmid:36300629	ianimal	https://bio.tools/ianimal	2024-11-24	bio.tools		
aqua-hichip	AQuA-HiChIP	Quantifies differential chromatin interactions from HiChIP data using absolute quantification	peak-calling	peak-calling	core	https://github.com/GryderArt/AQuA-HiChIP	https://github.com/GryderArt/AQuA-HiChIP	12	2025-09-12	False	R		Script	Epigenomics|ChIP-on-chip|ChIP-seq|Transcription factors and regulatory sites	R				38		2020	pmid:32051612	aqua-hichip	https://bio.tools/aqua-hichip	2024-11-24	bio.tools		
bphunter	BPHunter	Detects human variants that disrupt intronic branchpoints genome-wide	regulatory-variants	regulatory-variants	extended	https://github.com/casanova-lab/BPHunter	https://github.com/casanova-lab/BPHunter	6	2023-09-28	False	Python	NOASSERTION	Command-line tool	Gene transcripts|Sequencing|RNA splicing|Genetic variation|Functional, regulatory and non-coding RNA	Python	CC-BY-NC-ND-4.0		Free of charge	38		2022	pmid:36306325	bphunter	https://bio.tools/bphunter	2024-11-24	bio.tools		
cpmodule	CPModule	Combines ChIP data with in silico detection to identify cis-regulatory modules	motif-discovery|regulatory-elements	motif-discovery	core	http://bioinformatics.intec.ugent.be/kmarchal/Supplementary_Information_Sun_2011/Index.html							Command-line tool	Gene regulation					38			pmid:22422841	cpmodule	https://bio.tools/cpmodule	2024-11-25	bio.tools		
gna	GNA	Qualitatively models and simulates genetic regulatory networks	grn-inference	grn-inference	core	http://ibis.inrialpes.fr/article122.html							Desktop application	Systems biology|Gene expression|Molecular interactions, pathways and networks	Java				38		2012	pmid:22144166	gna	https://bio.tools/gna	2024-11-24	bio.tools		
MCOT	MCOT	Predicts motif co-occurrence from a single ChIP-seq dataset	motif-discovery|motif-scanning	motif-discovery	core	https://gitlab.sysbio.cytogen.ru/academiq/mcot-kernel							Command-line tool	ChIP-seq|Transcription factors and regulatory sites|Protein interactions					38		2019	pmid:31750523	MCOT	https://bio.tools/MCOT	2020-12-23	bio.tools		
plantdeepsea	PlantDeepSEA	Predicts regulatory elements and variant effects from chromatin accessibility data in multiple plant species	regulatory-elements|regulatory-variants	regulatory-elements	core	http://plantdeepsea.ncpgr.cn/							Web application	Plant biology|Drug metabolism|Chromosome conformation capture|Epigenetics|Sequencing		Freeware		Free of charge	38		2021	pmid:34037796	plantdeepsea	https://bio.tools/plantdeepsea	2024-11-24	bio.tools		
qpms9	qPMS9	Finds quorum planted motifs in DNA and protein datasets with parallel exact search	motif-discovery	motif-discovery	extended	https://code.google.com/p/qpms9/	https://github.com/mariusmni/qpms9	2	2015-12-10	False	C++	Apache-2.0	Command-line tool	DNA	C++				38			pmid:25589474	qpms9	https://bio.tools/qpms9	2024-11-25	bio.tools		
TFBSshape	TFBSshape	Expands a motif database with DNA shape features of transcription factor binding sites	motif-databases|tfbs-prediction	motif-databases	core	https://tfbsshape.usc.edu								Transcription factors and regulatory sites|Methylated DNA immunoprecipitation|Epigenetics|Genetic variation|ChIP-seq					38		2020	pmid:31665425	TFBSshape	https://bio.tools/TFBSshape	2024-11-24	bio.tools		
tsser	TSSer	Analyzes dRNA-seq data to determine transcription start sites genome-wide	regulatory-elements	regulatory-elements	core	http://www.clipz.unibas.ch/downloads/TSSer/index.php							Command-line tool	Gene expression|RNA-Seq|Transcription factors and regulatory sites					38			pmid:24371151	tsser	https://bio.tools/tsser	2024-11-25	bio.tools		
ypa	YPA	Collects promoter features in Saccharomyces cerevisiae	regulatory-elements	regulatory-elements	core	http://ypa.ee.ncku.edu.tw/							Database portal	Transcription factors and regulatory sites|Gene expression|DNA binding sites|Gene transcripts|Model organisms					38			pmid:21045055	ypa	https://bio.tools/ypa	2024-11-25	bio.tools		
broadpeak	BroadPeak	Identifies broad peaks from diffuse ChIP-seq datasets using a dedicated algorithm	peak-calling	peak-calling	core	http://jordan.biology.gatech.edu/page/software/broadpeak/index.html							Command-line tool	ChIP-seq|DNA	R				37			pmid:23300134	broadpeak	https://bio.tools/broadpeak	2024-11-25	bio.tools		
chromscape	ChromSCape	Processes single-cell epigenomic data to interpret chromatin landscapes within cell populations	peak-calling|peak-annotation|single-cell	peak-calling	core	https://vallotlab.shinyapps.io/ChromSCape/	https://github.com/vallotlab/ChromSCape_benchmarking	0	2020-09-15	False	R	GPL-3.0	Library|Web application	Epigenomics|Chromosome conformation capture|Gene regulation|Protein modifications|ChIP-seq	R|Python	GPL-3.0			37		2020	pmid:33177523	chromscape	https://bio.tools/chromscape	2021-02-11	bio.tools		
compareprospector	CompareProspector	Identifies motifs related to genes predicted to share regulatory elements via a web server	motif-comparison	motif-comparison	core	http://compareprospector.stanford.edu/							Web application	Sequence sites, features and motifs|Gene expression|Sample collections					37			pmid:15215381	compareprospector	https://bio.tools/compareprospector	2024-11-25	bio.tools		
gidetector	GIDetector	Detects genomic islands in prokaryotic genomes	motif-discovery	motif-discovery	core	http://www5.esu.edu/cpsc/bioinfo/software/GIDetector/							Desktop application	Genetics|Sequence analysis|DNA|Nucleic acid sites, features and motifs	Perl|C#		Legacy		37			pmid:21047376	gidetector	https://bio.tools/gidetector	2024-11-25	bio.tools		
histonehmm	histoneHMM	Analyse ChIP-seq data of histone modifications with broad genomic footprints like H3K27me3	peak-calling|nucleosome-chromatin	peak-calling	core	https://github.com/matthiasheinig/histoneHMM	https://github.com/matthiasheinig/histoneHMM	6	2020-02-25	False	C++		Library	Epigenetics|RNA-seq|Genetics|ChIP-seq	R|C++|Fortran	GPL-3.0			37		2015	pmid:25884684	histonehmm	https://bio.tools/histonehmm	2018-12-10	bio.tools		
mdscan	MDscan	Pinpoints protein-DNA interaction sites at the base pair level	motif-discovery	motif-discovery	extended	http://robotics.stanford.edu/~xsliu/MDscan/							Web application	Protein interactions|Molecular interactions, pathways and networks|Transcription factors and regulatory sites	R|Perl				37			pmid:15215381	mdscan	https://bio.tools/mdscan	2024-11-25	bio.tools		
mgraph	MGraph	Reconstructs genetic regulatory networks from DNA microarray data using probabilistic graphical models	grn-inference	grn-inference	core	https://www.mathworks.com/matlabcentral/fileexchange/14635-mgraph							Library	Statistics and probability|Microarray experiment|Gene expression|Molecular interactions, pathways and networks|Functional, regulatory and non-coding RNA	MATLAB			Free of charge (with restrictions)	37		2003	pmid:14630649	mgraph	https://bio.tools/mgraph	2024-11-24	bio.tools		
nucposdb	NucPosDB	Explores nucleosome positioning in vivo and nucleosomics of cell-free DNA via a database portal	nucleosome-chromatin	nucleosome-chromatin	core	https://generegulation.org/nucposdb/							Web application|Database portal	DNA packaging|Epigenetics|ChIP-seq|Cell biology|Genetic variation				Free of charge	37		2022	pmid:35061087	nucposdb	https://bio.tools/nucposdb	2022-04-10	bio.tools		
recappable-seq	ReCappable-seq	Determines transcription start sites from all RNA polymerases using ReCappable-seq data	regulatory-elements	regulatory-elements	core	http://genome.ucsc.edu/s/rezo/ReCappable-seq	https://github.com/elitaone/cappable-seq	2	2022-03-04	False	Python	MIT	Web application|Command-line tool	Functional, regulatory and non-coding RNA|Gene transcripts|Gene expression|RNA-Seq|Epigenetics	Python	MIT		Free of charge	37		2022	pmid:34815308	recappable-seq	https://bio.tools/recappable-seq	2022-03-29	bio.tools		
tfmotifview	TFmotifView	Visualizes transcription factor motifs in genomic regions via a webserver	motif-scanning|peak-annotation	motif-scanning	core	http://bardet.u-strasbg.fr/tfmotifview/								Transcription factors and regulatory sites|Gene regulation|ChIP-seq|Model organisms|Sequence assembly					37		2021	pmid:32324215	tfmotifview	https://bio.tools/tfmotifview	2021-02-27	bio.tools		
transfind	TransFind	Predicts transcription factor binding sites in promoter regions of co-regulated gene sets	tfbs-prediction|regulatory-elements	tfbs-prediction	core	http://transfind.sys-bio.net/							Web application	Transcription factors and regulatory sites|Gene expression|Gene transcripts|DNA binding sites|Molecular interactions, pathways and networks					37			pmid:20511592	transfind	https://bio.tools/transfind	2024-11-25	bio.tools		
biasaway	BiasAway	Generates nucleotide composition-matched DNA background sequences via command-line or web server	motif-discovery|motif-scanning	motif-discovery	extended	https://biasaway.uio.no	https://bitbucket.org/CBGR/biasaway						Command-line tool|Web application	Sequence sites, features and motifs|Sequence composition, complexity and repeats|ChIP-seq|Genomics|Gene expression		GPL-3.0			36		2021	pmid:33135764	biasaway	https://bio.tools/biasaway	2024-11-24	bio.tools		
cipher	CIPHER	Analyses next-generation sequencing data and predicts genomic regulatory elements	regulatory-elements|peak-calling|peak-annotation|grn-inference	regulatory-elements	core	https://github.com/c-guzman/cipher-workflow-platform	https://github.com/c-guzman/cipher-workflow-platform	19	2017-12-22	False	C++		Command-line tool	ChIP-seq|RNA-Seq|Gene regulation	R				36		2017	pmid:28789639	cipher	https://bio.tools/cipher	2024-11-25	bio.tools		
crsd	CRSD	Discovers regulatory motifs including microRNA signatures and transcription factor binding sites from microarray data	motif-discovery|tfbs-prediction|regulatory-elements	motif-discovery	core	http://140.120.213.10:8080/crsd/main/home.jsp							Web application	Transcription factors and regulatory sites|Functional, regulatory and non-coding RNA|Gene expression|Gene regulation|Microarray experiment					36			pmid:16845073	crsd	https://bio.tools/crsd	2024-11-25	bio.tools		
epiregio	EpiRegio	Retrieves regulatory elements associated with protein-coding and non-coding genes	regulatory-elements|chip-resources|grn-inference	regulatory-elements	core	https://epiregio.de/	https://github.com/TeamRegio/EpiRegioDB	2	2022-09-23	False	Python	GPL-3.0	Database portal|Web API	Epigenomics|Gene regulation|Transcription factors and regulatory sites|Chromosome conformation capture|Pathology	Python|JavaScript	GPL-3.0			36		2021	pmid:32459338	epiregio	https://bio.tools/epiregio	2021-03-08	bio.tools		
fabian-variant	FABIAN-variant	Predicts the effect of DNA variants on transcription factor binding using TFFMs and PWMs	tfbs-prediction|regulatory-variants	tfbs-prediction	core	https://www.genecascade.org/fabian/							Web application	Transcription factors and regulatory sites|ChIP-seq|Statistics and probability	C++	Not licensed		Free of charge	36		2022	pmid:35639768	fabian-variant	https://bio.tools/fabian-variant	2024-11-24	bio.tools		
gniplr	GNIPLR	Infers gene regulatory networks from pseudo-time series data	grn-inference	grn-inference	core	https://github.com/zyllluck/GNIPLR	https://github.com/zyllluck/GNIPLR	0	2021-04-16	False	Python		Command-line tool	Molecular interactions, pathways and networks|Gene regulation|Genomics|RNA-Seq	Python				36			pmid:33576787	gniplr	https://bio.tools/gniplr	2021-03-30	bio.tools		
lemone	LeMoNe	Learn module networks from gene expression data	grn-inference	grn-inference	core	http://bioinformatics.psb.ugent.be/software/details/LeMoNe							Command-line tool	Molecular interactions, pathways and networks					36			pmid:20823333	lemone	https://bio.tools/lemone	2024-11-25	bio.tools		
bamm	BaMM	Discovers de-novo motifs and analyses regulatory sequences from ChIP-seq data	motif-discovery|motif-scanning	motif-discovery	core	https://bammmotif.mpibpc.mpg.de	https://github.com/soedinglab/BaMM_webserver	4	2020-06-08	False	HTML	AGPL-3.0	Web application	Sequence sites, features and motifs|ChIP-seq	JavaScript|Python	AGPL-3.0			35		2018	pmid:29846656	bamm	https://bio.tools/bamm	2024-11-25	bio.tools		
dnacycp	DNAcycP	Predicts DNA cyclizability using a deep learning model	nucleosome-chromatin	nucleosome-chromatin	core	http://DNAcycP.stats.northwestern.edu							Web application|Library	Transcription factors and regulatory sites|Model organisms|DNA packaging|Mapping|ChIP-seq	R|Python			Free of charge	35		2022	pmid:35288750	dnacycp	https://bio.tools/dnacycp	2024-11-24	bio.tools		
ibm_pattern_discovery	IBM Bioinformatics and Pattern Discovery Group	Discovers patterns in DNA and protein sequences and text via a server with multiple tools	motif-discovery	motif-discovery	core	http://cbcsrv.watson.ibm.com/Tspd.html							Web application	Proteins|DNA|Gene and protein families|Protein sites, features and motifs					35			pmid:12060689	ibm_pattern_discovery	https://bio.tools/ibm_pattern_discovery	2024-11-25	bio.tools		
mpromdb	Mammalian Promoter Database (MPromDb)	Curated database annotating gene promoters identified from ChIP-seq results	regulatory-elements|chip-resources	regulatory-elements	core	http://bioinformatics.wistar.upenn.edu/MPromDb/							Database portal	Transcription factors and regulatory sites|Gene transcripts|ChIP-seq|Epigenetics|Data submission, annotation and curation	SQL				35		2011	pmid:21097880	mpromdb	https://bio.tools/mpromdb	2018-12-10	bio.tools		
moods	MOODS	Matches position weight matrices against DNA sequences to identify sequence motifs	motif-scanning	motif-scanning	extended	https://www.cs.helsinki.fi/group/pssmfind/	https://github.com/jhkorhonen/MOODS	118	2023-05-16	False	C++	NOASSERTION	Command-line tool|Script	Mapping|Sequence composition, complexity and repeats	C++|Python	GPL-3.0			35		2011	pmid:21071798	moods	https://bio.tools/moods	2024-11-25	bio.tools		
rcade-recognition	RCADE	Combines DNA recognition code predictions with ChIP-seq data to identify genuine DNA binding preferences of C2H2-ZF proteins	motif-discovery|tfbs-prediction	motif-discovery	extended	http://rcade.ccbr.utoronto.ca/	https://github.com/hsnajafabadi/rcade	2	2018-03-08	False	C++	GPL-2.0	Library|Web application	Proteins|ChIP-on-chip|ChIP-seq					35			pmid:25953800	rcade-recognition	https://bio.tools/rcade-recognition	2024-11-25	bio.tools		
scgrnom	scGRNom	Predicts cell-type disease genes and regulatory networks via integrative multi-omics analysis	regulatory-elements|grn-inference|single-cell	regulatory-elements	core	https://github.com/daifengwanglab/scGRNom	https://github.com/daifengwanglab/scGRNom	12	2021-04-26	False	R		Plug-in	Molecular interactions, pathways and networks|Transcription factors and regulatory sites|Pathology|Epigenomics|Genotype and phenotype	R	Not licensed		Free of charge	35		2021	pmid:34044854	scgrnom	https://bio.tools/scgrnom	2021-10-05	bio.tools		
chip-seq	ChIP-Seq	Analyses ChIP-seq data for peak detection, positional correlation, and genome partitioning	peak-calling|peak-annotation	peak-calling	core	https://epd.expasy.org/chipseq/							Web service	ChIP-seq	Perl|C	GPL-3.0	Mature		34		2016	pmid:27863463	chip-seq	https://bio.tools/chip-seq	2024-11-24	bio.tools		
CRUP	CRUP	Predicts condition-specific regulatory units from epigenomic and transcriptomic data	regulatory-elements|grn-inference	regulatory-elements	core	https://github.com/VerenaHeinrich/CRUP	https://github.com/VerenaHeinrich/CRUP	5	2020-12-17	False	R		Command-line tool	Epigenetics|ChIP-seq|Gene regulation|Transcription factors and regulatory sites|Pathology	R				34		2019	pmid:31699133	CRUP	https://bio.tools/CRUP	2020-12-17	bio.tools		
genecodis	GeneCodis	Web-based tool for ontological analysis of gene, protein, and regulatory element lists	tfbs-prediction|regulatory-elements|nucleosome-chromatin	tfbs-prediction	extended	https://genecodis.genyo.es							Web application	Functional, regulatory and non-coding RNA|Transcription factors and regulatory sites|Molecular interactions, pathways and networks|Ontology and terminology|Epigenetics					34			doi:10.1101/2021.04.15.439962	genecodis	https://bio.tools/genecodis	2022-06-14	bio.tools		
idhs-deep	iDHS-Deep	Predicts DNase I hypersensitive sites using a deep neural network	regulatory-elements|peak-calling	regulatory-elements	core	http://lin-group.cn/server/iDHS-Deep/							Web application	Transcription factors and regulatory sites|Machine learning|Model organisms|Sequencing|Enzymes					34			pmid:33751027	idhs-deep	https://bio.tools/idhs-deep	2021-09-27	bio.tools		
prapi	PRAPI	Analyses post-transcriptional regulation from Iso-Seq data using a command-line pipeline	regulatory-elements	regulatory-elements	core	http://www.bioinfor.org/bioinfor/tool/PRAPI/							Command-line tool	Transcription factors and regulatory sites|RNA-Seq|Genetics|Data visualisation	Shell				34		2018	pmid:29280994	prapi	https://bio.tools/prapi	2024-11-25	bio.tools		
repitools	Repitools	Analyse enrichment-based epigenomic data for differential methylation and regulatory elements	regulatory-elements|peak-calling|peak-annotation	regulatory-elements	core	http://bioconductor.org/packages/release/bioc/html/Repitools.html							Command-line tool|Library	Epigenomics	R	GPL-2.0			34		2014	pmid:24517713	repitools	https://bio.tools/repitools	2019-01-10	bio.tools		
scmega	scMEGA	Infers gene regulatory networks from single-cell multi-omic enhancer data	grn-inference|single-cell	grn-inference	core	https://costalab.github.io/scMEGA	https://github.com/CostaLab/scMEGA	46	2024-09-20	False	R	NOASSERTION	Library	Molecular interactions, pathways and networks|Gene regulation|Cell biology|Transcription factors and regulatory sites|RNA-Seq	R	MIT		Free of charge	34		2023	pmid:36698768	scmega	https://bio.tools/scmega	2024-11-24	bio.tools		
seqbox	SeqBox	Performs RNA-seq and ChIP-seq analysis using a mini-PC and Docker containers	peak-calling	peak-calling	core	http://www.bioinformatica.unito.it/reproducibile.bioinformatics.html							Desktop application	RNA-Seq|ChIP-seq|Bioinformatics	R				34		2018	pmid:29069297	seqbox	https://bio.tools/seqbox	2024-11-25	bio.tools		
ssa	SSA	Analyses nucleic acid sequence motifs positionally correlated with functional sites	motif-discovery|motif-scanning	motif-discovery	core	https://epd.expasy.org/ssa/							Suite	Sequence sites, features and motifs	Perl|Fortran|C	GPL-3.0	Mature		34		2003	pmid:12824379	ssa	https://bio.tools/ssa	2024-11-24	bio.tools		
cabean	CABEAN	Controls asynchronous Boolean networks for gene regulatory network analysis and simulation	grn-inference	grn-inference	core	https://satoss.uni.lu/software/CABEAN/								Regenerative medicine|Molecular interactions, pathways and networks|Medicine|Transcription factors and regulatory sites					33		2021	pmid:32845335	cabean	https://bio.tools/cabean	2021-02-06	bio.tools		
grinch	GRiNCH	Smooths and detects topological units from sparse Hi-C contact matrices using matrix factorization	peak-calling	peak-calling	core	http://roy-lab.github.io/grinch	https://github.com/Roy-lab/grinch	10	2024-03-15	False	C		Command-line tool	Chromosome conformation capture|Transcription factors and regulatory sites|Model organisms|Epigenetics|ChIP-seq	C|Python	GPL-3.0			33			pmid:34034791	grinch	https://bio.tools/grinch	2021-09-20	bio.tools		
ismags	ISMAGS	Enumerates motifs in biological networks using the ISMAGS algorithm within Cytoscape	motif-discovery	motif-discovery	core	https://gitlab.psb.ugent.be/thpar/ISMAGS_Cytoscape	https://github.com/biointec/ismags	3	2022-08-17	False	Java	GPL-3.0		Sequence sites, features and motifs|Systems biology|Protein structural motifs and surfaces	Java				33		2017	pmid:28158465	ismags	https://bio.tools/ismags	2021-01-14	bio.tools		
modent	ModEnt	Reconstructs gene regulatory networks from high throughput experimental data	grn-inference	grn-inference	extended	http://acgt.cs.tau.ac.il/modent/							Command-line tool	Systems biology|Molecular interactions, pathways and networks|Gene regulation					33			pmid:22216865	modent	https://bio.tools/modent	2024-11-25	bio.tools		
predictivenetworks	PredictiveNetworks	Infers gene interaction networks with cycles using regression-based analysis	grn-inference	grn-inference	core	https://compbio.dfci.harvard.edu/predictivenetworks//							Web application	Molecular interactions, pathways and networks|Genotype and phenotype|Protein interactions|Gene expression	Java|SQL				33			pmid:22096235	predictivenetworks	https://bio.tools/predictivenetworks	2024-11-25	bio.tools		
QBiC-Pred	QBiC-Pred	Quantifies transcription factor binding changes caused by sequence variants using ChIP-seq data	tfbs-prediction|regulatory-variants	tfbs-prediction	core	http://qbic.genome.duke.edu	https://github.com/vincentiusmartin/QBiC-Pred	8	2022-01-06	False	JavaScript	MIT	Web application	Transcription factors and regulatory sites|Genetic variation|ChIP-seq	Python	MIT	Mature	Free of charge	33		2019	pmid:31114870	QBiC-Pred	https://bio.tools/QBiC-Pred	2020-06-16	bio.tools		
scplant	scPlant	Analyses single-cell transcriptomic data in plants using workflows	grn-inference|single-cell	grn-inference	core	https://compbionju.github.io/scPlant/	https://github.com/compbioNJU/scPlant	23	2024-03-11	False	R	NOASSERTION	Desktop application|Workflow	Plant biology|Transcriptomics|Molecular interactions, pathways and networks|Workflows|RNA-Seq	R	GPL-3.0		Free of charge	33		2023	pmid:37254480	scplant	https://bio.tools/scplant	2024-11-24	bio.tools		
viennngs	ViennNGS	Build efficient pipelines for NGS data processing including RNA-seq and ChIP-seq analysis	peak-calling	peak-calling	extended	https://metacpan.org/release/Bio-ViennaNGS	https://github.com/mtw/Bio-ViennaNGS	23	2025-10-31	False	Perl		Command-line tool	RNA-seq|Workflows|ChIP-seq	Perl				33		2015	pmid:26236465	viennngs	https://bio.tools/viennngs	2019-01-11	bio.tools		
ligap	LIGAP	Integratively analyses and visualises multiple lineages over whole time-course profiles	regulatory-elements	regulatory-elements	core	http://research.ics.aalto.fi/csb/software/ligap/							Command-line tool	Systems biology|Transcriptomics|Gene regulation|Immunology	MATLAB				32			pmid:23110343	ligap	https://bio.tools/ligap	2024-11-25	bio.tools		
physbinder	PhysBinder	Identifies transcription factor binding sites using biophysical features	tfbs-prediction	tfbs-prediction	core	http://bioit.dmbr.ugent.be/physbinder/							Web application	Nucleic acid sites, features and motifs					32		2013	pmid:23620286	physbinder	https://bio.tools/physbinder	2019-01-09	bio.tools		
RsHSF	RsHSF	Characterizes heat shock transcription factors genome-wide and analyses their evolution in radish under abiotic stresses	motif-discovery|motif-scanning|comparative	motif-discovery	extended	http://www.cibiv.at/services/hsf/info								PCR experiment|Plant biology|Transcription factors and regulatory sites|Gene transcripts|RNA-Seq					32		2019	pmid:31651257	RsHSF	https://bio.tools/RsHSF	2021-01-15	bio.tools		
TFregulomeR	TFregulomeR	Accesses and analyses transcription factor binding sites from MethMotif and GTRD compendia in R	motif-databases|tfbs-prediction|chip-resources	motif-databases	core	https://github.com/benoukraflab/TFregulomeR	https://github.com/benoukraflab/TFregulomeR	7	2024-07-08	False	R	GPL-3.0		Transcription factors and regulatory sites|Epigenomics|ChIP-seq|Methylated DNA immunoprecipitation|Gene transcripts	R				32		2020	pmid:31754708	TFregulomeR	https://bio.tools/TFregulomeR	2024-11-24	bio.tools		
biotranslator	BioTranslator	Performs semantic interpretation of genomic data using pathway analysis and gene prioritization	grn-inference	grn-inference	core	http://www.biotranslator.gr:8080/							Web application	Functional genomics|Systems biology|Omics|Molecular interactions, pathways and networks	Python				31		2011	pmid:21293737	biotranslator	https://bio.tools/biotranslator	2024-11-24	bio.tools		
bobro	BoBro	Predicts cis-regulatory motifs in promoter sequences	motif-discovery	motif-discovery	core	http://csbl.bmb.uga.edu/~maqin/motif_finding/							Command-line tool|Web application	Sequence analysis|DNA|Transcription factors and regulatory sites					31			pmid:23846744	bobro	https://bio.tools/bobro	2024-11-25	bio.tools		
CREAM	CREAM	Identifies clusters of cis-regulatory elements from genomic regions to uncover TAD structures and regulatory networks	regulatory-elements|peak-annotation	regulatory-elements	core	https://cran.r-project.org/web/packages/CREAM/index.html	https://github.com/bhklab/CREAM	14	2021-02-11	False	R		Library	ChIP-seq|Transcription factors and regulatory sites|Molecular interactions, pathways and networks	R	GPL-3.0			31		2019	pmid:31533978	CREAM	https://bio.tools/CREAM	2020-12-16	bio.tools		
epigenomix	epigenomix	Integrates RNA-seq or microarray gene transcription data with ChIP-seq histone modification data	regulatory-elements	regulatory-elements	core	http://bioconductor.org/packages/release/bioc/html/epigenomix.html							Command-line tool|Library	Epigenetics|RNA-seq|Microarray experiment|ChIP-seq	R	GPL-3.0			31		2014	pmid:24403540	epigenomix	https://bio.tools/epigenomix	2019-01-10	bio.tools		
fact-seq	FACT-seq	Profiles histone modifications in FFPE samples with low cell numbers	peak-calling	peak-calling	core	https://github.com/pengweixing/FACT	https://github.com/pengweixing/FACT	1	2021-08-06	False	Python		Command-line tool	Epigenetics|PCR experiment|Gene expression|Oncology|Gene transcripts	Python|R|Shell	Not licensed		Free of charge	31		2021	pmid:34534335	fact-seq	https://bio.tools/fact-seq	2022-03-03	bio.tools		
gtftools	GTFtools	Analyzes gene model features including splicing and transcription factor binding sites	tfbs-prediction	tfbs-prediction	core	http://www.genemine.org/gtftools.php							Command-line tool	Gene transcripts|RNA splicing|Transcription factors and regulatory sites	Python	MIT		Free of charge	31		2022	pmid:36000853	gtftools	https://bio.tools/gtftools	2024-11-24	bio.tools		
motiflab	MotifLab	Analyzes regulatory sequence regions to discover transcription factor binding sites and cis-regulatory modules	motif-discovery|motif-scanning|regulatory-elements	motif-discovery	extended	http://www.motiflab.org							Command-line tool|Desktop application|Workbench	Gene regulation|Transcription factors and regulatory sites	Java		Mature	Free of charge	31			pmid:23323883	motiflab	https://bio.tools/motiflab	2024-11-25	bio.tools		
peril	Peril	Quantifies enhancer regulation of distant genes from RNA-Seq data at the Peril lincRNA locus	regulatory-elements	regulatory-elements	core	https://github.com/agroff11/PerilPaperAnalysis	https://github.com/agroff11/PerilPaperAnalysis	0	2018-11-02	False	OpenEdge ABL	MIT	Command-line tool	RNA-Seq|Transcription factors and regulatory sites|Gene regulation|Gene transcripts|Functional, regulatory and non-coding RNA		MIT			31		2018	pmid:30537984	peril	https://bio.tools/peril	2021-05-18	bio.tools		
promfd	PromFD	Recognises vertebrate RNA polymerase II promoters from DNA sequences	regulatory-elements	regulatory-elements	core	http://stormo.wustl.edu/src/PromFD/							Command-line tool	Sequence analysis|RNA|DNA|Transcription factors and regulatory sites|Model organisms					31			pmid:9088706	promfd	https://bio.tools/promfd	2024-11-25	bio.tools		
chipmeta	ChIPmeta	Combines ChIP-seq and ChIP-chip data for peak calling	peak-calling|chip-resources	peak-calling	core	https://sourceforge.net/projects/chipmeta/	https://sourceforge.net/projects/chipmeta/						Command-line tool	Transcription factors and regulatory sites|ChIP-seq|ChIP-on-chip	C				30			pmid:19447789	chipmeta	https://bio.tools/chipmeta	2024-11-25	bio.tools		
paxtoolsr	paxtoolsr	Interact with BioPAX OWL files and query the Pathway Commons database using R functions	grn-inference	grn-inference	core	http://bioconductor.org/packages/release/bioc/html/paxtoolsr.html	https://github.com/BioPAX/paxtoolsr	10	2023-01-10	False	R		Command-line tool|Library	Cell biology|Molecular interactions, pathways and networks	R	GPL-3.0			30		2016	pmid:26685306	paxtoolsr	https://bio.tools/paxtoolsr	2019-01-13	bio.tools		
rsnp_guide	rSNP_Guide	Documents the influence of mutations in regulatory gene regions	chip-resources|regulatory-variants	chip-resources	core	http://wwwmgs.bionet.nsc.ru/mgs/systems/rsnp/							Database portal	Transcription factors and regulatory sites|Gene expression|Genetic variation|Molecular interactions, pathways and networks|DNA binding sites					30		2003	pmid:12519962	rsnp_guide	https://bio.tools/rsnp_guide	2024-11-24	bio.tools		
tfpred	TFPred	Predicts transcription factor preference for methylated DNA using sequence information	tfbs-prediction	tfbs-prediction	core	http://lin-group.cn/server/TFPred/								Transcription factors and regulatory sites|Epigenetics|Methylated DNA immunoprecipitation|Machine learning|Biochemistry					30		2020	pmid:33294291	tfpred	https://bio.tools/tfpred	2021-02-27	bio.tools		
treegl	Treegl	Estimates multiple gene networks for related cell types using penalized logistic regression on few samples	grn-inference	grn-inference	core	http://www.sailing.cs.cmu.edu/main/?page_id=495							Script	Systems biology|Molecular interactions, pathways and networks|Phylogenetics|Genetics					30			pmid:21685070	treegl	https://bio.tools/treegl	2024-11-25	bio.tools		
arem	AREM	Aligns short reads from ChIP-sequencing data using expectation maximisation	peak-calling	peak-calling	core	https://github.com/jakebiesinger/AREM	https://github.com/jakebiesinger/AREM	6	2013-04-08	False	Python	NOASSERTION	Command-line tool	ChIP-seq	Python		Mature		29			pmid:22035330	arem	https://bio.tools/arem	2024-11-25	bio.tools		
cisregtest	CisRegTest	Performs statistical tests for natural selection on regulatory regions using transcription factor binding site strength	motif-scanning|regulatory-variants	motif-scanning	core	http://www.moseslab.csb.utoronto.ca/alan/cis_reg_test.html							Web application	Transcription factors and regulatory sites|DNA binding sites|Gene expression|Protein binding sites|Nucleic acid sites, features and motifs					29			pmid:19995462	cisregtest	https://bio.tools/cisregtest	2024-11-25	bio.tools		
factorbook	Factorbook	Catalogues transcription factor motifs and candidate regulatory motif sites	motif-discovery|motif-scanning|motif-databases|tfbs-prediction	motif-discovery	core	http://www.factorbook.org							Web application	Transcription factors and regulatory sites|ChIP-seq|Machine learning|Epigenetics|RNA-Seq				Free of charge	29		2022	pmid:34755879	factorbook	https://bio.tools/factorbook	2022-05-09	bio.tools		
lrmotifs	LRMotifs	Discovers DNA sequence motifs using logistic regression and hypothesis testing	motif-discovery	motif-discovery	core	http://code.google.com/p/likelihood-ratio-motifs/							Command-line tool	DNA	D				29			pmid:23144830	lrmotifs	https://bio.tools/lrmotifs	2024-11-25	bio.tools		
maxatac	maxATAC	Predicts genome-scale transcription-factor binding from ATAC-seq data using deep neural networks	motif-discovery|tfbs-prediction|peak-calling	motif-discovery	core	https://github.com/MiraldiLab/maxATAC	https://github.com/MiraldiLab/maxATAC	29	2026-07-16	False	Python	Apache-2.0	Command-line tool	Transcription factors and regulatory sites|Sequencing|Machine learning|Chromosome conformation capture|Molecular interactions, pathways and networks	Python	Apache-2.0		Free of charge	29		2023	pmid:36719906	maxatac	https://bio.tools/maxatac	2024-11-24	bio.tools		
PIRCh-seq	PIRCh-seq	Performs gene-set enrichment analysis, peak calling, and RNA structure prediction for PIRCh-seq data	peak-calling|nucleosome-chromatin	peak-calling	core	https://github.com/QuKunLab/PIRCh	https://github.com/QuKunLab/PIRCh	3	2019-04-11	False	Python			Functional, regulatory and non-coding RNA|Epigenetics|Gene transcripts|Gene expression|ChIP-on-chip	Shell|R|Python				29		2019	pmid:31862000	PIRCh-seq	https://bio.tools/PIRCh-seq	2021-01-10	bio.tools		
rtrm	rTRM	Identifies transcriptional regulatory modules from protein-protein interaction networks	grn-inference	grn-inference	core	http://bioconductor.org/packages/release/bioc/html/rTRM.html	https://github.com/ddiez/rTRM	3	2015-10-09	False	R		Command-line tool|Library	Protein interactions	R	GPL-3.0			29		2014	pmid:24137002	rtrm	https://bio.tools/rtrm	2019-01-10	bio.tools		
weeder	Weeder	Discovers de novo transcription factor binding motifs in sequences from coregulated genes	motif-discovery	motif-discovery	core	http://www.beaconlab.it/modtools							Command-line tool	Sequence sites, features and motifs	C++	GPL-3.0	Mature		29			pmid:25199791	weeder	https://bio.tools/weeder	2024-11-25	bio.tools		
cgnaweb	cgNA+web	Visual interface for sequence-dependent statistical mechanics modelling of double-stranded nucleic acids	tfbs-prediction|regulatory-elements|nucleosome-chromatin	tfbs-prediction	core	http://cgDNAweb.epfl.ch	https://github.com/rahul2512/cgNA_plus	2	2022-11-24	False	Python		Web application	Epigenetics|Transcription factors and regulatory sites|RNA	Python			Free of charge	28		2023	pmid:37356908	cgnaweb	https://bio.tools/cgnaweb	2024-11-24	bio.tools		
congri	ConGRI	Identifies gene regulatory interactions from gene expression images using a contrastive learning scheme with deep Siamese CNN architecture	grn-inference	grn-inference	core	https://github.com/lugimzheng/ConGRI	https://github.com/lugimzheng/ConGRI	3	2022-05-18	False	Python		Library	Molecular interactions, pathways and networks|Gene expression|Imaging|Machine learning|Microarray experiment	Python			Free of charge	28			pmid:34664632	congri	https://bio.tools/congri	2022-04-24	bio.tools		
footer	Footer	Analyses homologous mammalian DNA sequences for high probability transcription factor binding sites	motif-scanning|tfbs-prediction|comparative	motif-scanning	core	http://biodev.hgen.pitt.edu/Footer/							Web application	Transcription factors and regulatory sites|DNA|DNA binding sites|Sequence analysis					28			pmid:15980508	footer	https://bio.tools/footer	2024-11-25	bio.tools		
grema	GREMA	Models gene regulatory networks from expression data using evolutionary intelligence with confidence levels	grn-inference	grn-inference	core	https://nctuiclab.github.io/GREMA							Command-line tool	Molecular interactions, pathways and networks|Gene regulation|Transcription factors and regulatory sites					28		2020	pmid:32399550	grema	https://bio.tools/grema	2021-01-25	bio.tools		
grok	GROK	Processes genomic interval data with filtering and formatting operations	peak-annotation	peak-annotation	extended	http://csbi.ltdk.helsinki.fi/grok/							Library	Genomics|Sequence analysis|ChIP-seq	R|Shell|C++|Python|Lua				28		2013	pmid:23702556	grok	https://bio.tools/grok	2018-12-10	bio.tools		
hot_scan	hot_scan	Detects genomic regions unusually rich in a given pattern via scan statistics	motif-scanning	motif-scanning	extended	https://github.com/itojal/hot_scan	https://github.com/itojal/hot_scan	10	2013-10-17	False	Perl	GPL-2.0	Command-line tool	Statistics and probability|Genetics|Sequence sites, features and motifs|Sequence analysis	R|Perl				28			pmid:24860160	hot_scan	https://bio.tools/hot_scan	2024-11-25	bio.tools		
mybs	MYBS	Maps transcription factors and their binding sites by integrating ChIP-chip data and predicted position weight matrices	motif-scanning|tfbs-prediction|regulatory-elements	motif-scanning	core	http://bits.iis.sinica.edu.tw/~mybs/							Web application	Transcription factors and regulatory sites|ChIP-on-chip|DNA binding sites|Gene expression					28			pmid:17537814	mybs	https://bio.tools/mybs	2024-11-25	bio.tools		
scenhancer	scEnhancer	Annotates single-cell enhancers for human, mouse, and fly genomes	regulatory-elements|single-cell	regulatory-elements	core	http://enhanceratlas.net/scenhancer/							Database portal|Web application	Transcription factors and regulatory sites|Cell biology|Machine learning|Epigenomics|DNA polymorphism		Not licensed		Free of charge	28		2022	pmid:34761274	scenhancer	https://bio.tools/scenhancer	2022-03-28	bio.tools		
tfm-explorer	TFM-Explorer	Identifies putative transcription factor binding sites in upstream regulatory sequences for a set of genes	motif-scanning|tfbs-prediction	motif-scanning	core	http://bioinfo.lifl.fr/TFM							Web application	Transcription factors and regulatory sites|Gene expression|Zoology|Gene transcripts					28			pmid:20522509	tfm-explorer	https://bio.tools/tfm-explorer	2024-11-25	bio.tools		
virtual_chip-seq	Virtual ChIP-seq	Predicts transcription factor binding sites by learning from transcriptome data	tfbs-prediction	tfbs-prediction	core	https://virchip.hoffmanlab.org	https://github.com/hoffmangroup/virchip	3	2022-06-08	False	Python	GPL-3.0	Web application|Command-line tool	ChIP-seq|Transcription factors and regulatory sites|Transcriptomics|Chromosome conformation capture|RNA-Seq	Python	GPL-3.0		Free of charge	28		2022	pmid:35681170	virtual_chip-seq	https://bio.tools/virtual_chip-seq	2022-08-29	bio.tools		
genepath	GenePath2	Automatically constructs genetic networks and proposes genetic experiments from mutant data	grn-inference	grn-inference	core	http://www.genepath.org/genepath2							Web application	Molecular interactions, pathways and networks|Genetics|Genetic variation|Experimental design and studies|Model organisms					27			pmid:12957783	genepath	https://bio.tools/genepath	2024-11-25	bio.tools		
greenscreen	greenscreen	Removes artifactual signals and enriches true peaks in genomic datasets like ChIP-seq	peak-calling	peak-calling	core	https://github.com/sklasfeld/GreenscreenProject	https://github.com/sklasfeld/GreenscreenProject	6	2022-08-10	False	HTML	GPL-3.0	Script	ChIP-seq|ChIP-on-chip|Plant biology|Transcription factors and regulatory sites|Molecular interactions, pathways and networks	Shell|Python	GPL-3.0			27		2022	pmid:36124976	greenscreen	https://bio.tools/greenscreen	2024-11-24	bio.tools		
moan	MoAn	Discovers sequence motifs using a large negative set to improve predictive power	motif-discovery	motif-discovery	core	http://moan.binf.ku.dk/							Command-line tool	Sequence analysis	C				27		2009	pmid:19911049	moan	https://bio.tools/moan	2024-11-25	bio.tools		
CGIDLA	CGIDLA	Analyses CpG island density and lineage-associated underrepresented permutations via a web server	regulatory-elements	regulatory-elements	core	http://www.combio-lezhang.online/cgidla/index.html								Transcription factors and regulatory sites					26		2020	pmid:31443042	CGIDLA	https://bio.tools/CGIDLA	2020-12-10	bio.tools		
crisprepi	CRISPRepi	Consolidates sequencing data from RNA-seq, ChIP-seq, Bisulfite-seq, and ATAC-seq for CRISPR epigenome editing	peak-calling|chip-resources	peak-calling	core	http://crisprepi.maolab.org/								Epigenomics|Multiomics|RNA-Seq|ChIP-seq|Gene expression					26			pmid:39530233	crisprepi	https://bio.tools/crisprepi	2026-01-15	bio.tools		
DEEPSEN	DEEPSEN	Predicts super-enhancers using a convolutional neural network	regulatory-elements	regulatory-elements	extended	https://github.com/1991Troy/DEEPSEN	https://github.com/1991Troy/DEEPSEN	2	2018-09-27	False	Python			Machine learning|Transcription factors and regulatory sites|Genetic variation|Protein interactions	Shell|Python				26		2019	pmid:31874597	DEEPSEN	https://bio.tools/DEEPSEN	2020-12-20	bio.tools		
genometrafac	GenomeTraFaC	Characterizes gene models and identifies cis-regulatory regions of RefSeq gene orthologs using comparative genomics	regulatory-elements|comparative	regulatory-elements	core	http://genometrafac.cchmc.org/genome-trafac/index.jsp							Web application	Transcription factors and regulatory sites|Functional, regulatory and non-coding RNA|Gene transcripts|Gene expression					26			pmid:17178752	genometrafac	https://bio.tools/genometrafac	2024-11-25	bio.tools		
mirvestigator	miRvestigator	Identifies miRNAs mediating co-regulation of gene expression patterns in transcriptome profiling data via a web interface	motif-discovery|motif-scanning	motif-discovery	core	http://mirvestigator.systemsbiology.net							Web application	Functional, regulatory and non-coding RNA|Sequence sites, features and motifs|Gene expression|Gene regulation|Transcriptomics					26			pmid:21602264	mirvestigator	https://bio.tools/mirvestigator	2024-11-25	bio.tools		
motifdetector	MotifDetector	Finds motifs in multiple DNA sequences using randomized and EM algorithms	motif-discovery	motif-discovery	core	http://www.cs.cityu.edu.hk/~lwang/software/motif/index.html							Desktop application	DNA|Sequence analysis|Sequence sites, features and motifs	Java				26			pmid:16278946	motifdetector	https://bio.tools/motifdetector	2024-11-25	bio.tools		
polobag	PoLoBag	Infers signed gene regulatory networks from expression data using polynomial Lasso bagging	grn-inference	grn-inference	extended	https://github.com/gourabghoshroy/PoLoBag	https://github.com/gourabghoshroy/PoLoBag	4	2020-05-15	False	Python	GPL-2.0		Molecular interactions, pathways and networks|Gene expression|Model organisms	Python	GPL-2.0			26		2020	pmid:32697830	polobag	https://bio.tools/polobag	2021-01-24	bio.tools		
ProSampler	ProSampler	Ultra-fast motif finder for combinatory motif discovery in large ChIP-seq datasets	motif-discovery	motif-discovery	core	https://github.com/zhengchangsulab/prosampler	https://github.com/zhengchangsulab/prosampler	4	2023-01-05	False		GPL-3.0	Command-line tool	ChIP-seq|Transcription factors and regulatory sites	C++	GPL-3.0	Mature	Free of charge	26		2019	pmid:31070745	ProSampler	https://bio.tools/ProSampler	2024-11-24	bio.tools		
sampdi-3d	SAMPDI-3D	Predicts binding free energy changes from protein-DNA mutations using gradient boosting decision trees	tfbs-prediction	tfbs-prediction	core	http://compbio.clemson.edu/SAMPDI-3D/							Web application	Protein interactions|Genetic variation|Machine learning|Pathology|Small molecules	PHP			Free of charge	26		2021	pmid:34343273	sampdi-3d	https://bio.tools/sampdi-3d	2024-11-24	bio.tools		
sanpolya	SANPolyA	Identifies Poly(A) signals in gene transcripts using deep learning	motif-scanning|regulatory-elements	motif-scanning	core	https://github.com/yuht4/SANPolyA	https://github.com/yuht4/SANPolyA	5	2019-08-30	False	Python			Gene transcripts|Sequence sites, features and motifs|Gene expression|Machine learning|Zoology	Python				26		2020	pmid:31904817	sanpolya	https://bio.tools/sanpolya	2021-02-11	bio.tools		
scMNase-seq	scMNase-seq	Profiles nucleosome position and chromatin accessibility genome-wide in single cells using scMNase-seq	nucleosome-chromatin|single-cell	nucleosome-chromatin	extended	https://github.com/binbinlai2012/scMNase	https://github.com/binbinlai2012/scMNase	0	2023-12-14	False	C++			Epigenomics|DNA packaging|Probes and primers|Cell biology|Sequencing	C++				26		2020	pmid:31836865	scMNase-seq	https://bio.tools/scMNase-seq	2020-12-17	bio.tools		
trans-pco	trans-PCO	Detects trans effects of gene networks from gene expression data using weighted correlation network analysis	grn-inference	grn-inference	core	http://www.networks-liulab.org/transPCO							Workflow	GWAS study|Molecular interactions, pathways and networks|Mapping|Gene regulation|Genotype and phenotype	R			Free of charge	26		2024	pmid:38565144	trans-pco	https://bio.tools/trans-pco	2024-11-24	bio.tools		
agreg-snpdb	agReg-SNPdb	Database of regulatory SNPs for agricultural animal species	chip-resources|regulatory-variants	chip-resources	core	https://azifi.tz.agrar.uni-goettingen.de/agreg-snpdb							Database portal	Agricultural science|Transcription factors and regulatory sites|DNA polymorphism|Zoology|Gene regulation					25		2021	pmid:34440019	agreg-snpdb	https://bio.tools/agreg-snpdb	2021-12-09	bio.tools		
bpac	BPAC	Predicts transcription factor binding sites from chromatin accessibility data	tfbs-prediction	tfbs-prediction	core	http://bioinfo.wilmer.jhu.edu/BPAC/							Web application	Machine learning|Transcription factors and regulatory sites					25		2017	pmid:28750606	bpac	https://bio.tools/bpac	2024-11-25	bio.tools		
cga-bni	CGA-BNI	Infers Boolean networks from steady-state gene expression data using a constrained genetic algorithm	grn-inference	grn-inference	core	https://github.com/csclab/CGA-BNI	https://github.com/csclab/CGA-BNI	3	2021-03-28	False	Java	Apache-2.0	Desktop application	Molecular interactions, pathways and networks|Gene expression|Genetic variation|Microarray experiment|Machine learning	Java	Apache-2.0		Free of charge	25		2021	pmid:34252959	cga-bni	https://bio.tools/cga-bni	2021-11-20	bio.tools		
deepd2v	DeepD2V	Predicts transcription factor binding sites from DNA sequences using deep learning	tfbs-prediction	tfbs-prediction	core	https://github.com/Sparkleiii/DeepD2V	https://github.com/Sparkleiii/DeepD2V	1	2021-04-20	False	Python		Workbench	Transcription factors and regulatory sites|Machine learning|ChIP-seq|Protein interactions	Python				25		2021	pmid:34073774	deepd2v	https://bio.tools/deepd2v	2021-10-31	bio.tools		
dragon	DRAGON	Calibrates parameters to infer regulatory networks from multi-omic data, balancing complexity and accuracy	grn-inference	grn-inference	core	https://github.com/katehoffshutta/DRAGON-TCGA-BRCA	https://github.com/katehoffshutta/DRAGON-TCGA-BRCA	2	2022-11-19	False	R		Library|Script	Transcription factors and regulatory sites|Transcriptomics|Genotype and phenotype|Oncology|Biomarkers	R|Python	Not licensed		Free of charge	25		2023	pmid:36533448	dragon	https://bio.tools/dragon	2024-11-24	bio.tools		
finsurf	FINSURF	Analyses lists of sequence variants in the human genome using random forests	regulatory-variants	regulatory-variants	core	https://www.finsurf.bio.ens.psl.eu/	https://github.com/DyogenIBENS/FINSURF	12	2022-10-24	False	Python	NOASSERTION	Web application|Command-line tool	Whole genome sequencing|Personalised medicine|Transcription factors and regulatory sites|Physiology|Pathology	Python	CECILL-C		Free of charge	25		2022	pmid:35486646	finsurf	https://bio.tools/finsurf	2024-11-24	bio.tools		
motifsuite	MotifSuite	Detects probabilistic motifs in nucleic acid sequences	motif-discovery	motif-discovery	core	http://bioinformatics.intec.ugent.be/MotifSuite/Index.htm							Web application	Nucleic acid sites, features and motifs					25			pmid:22592380	motifsuite	https://bio.tools/motifsuite	2024-11-25	bio.tools		
openannotate	OpenAnnotate	Annotates chromatin accessibility of genomic regions via a web server	regulatory-elements|peak-annotation	regulatory-elements	core	http://health.tsinghua.edu.cn/openannotate/	https://github.com/RJiangLab/OpenAnnotate	2	2021-04-12	False	C++	MIT	Web application	Transcription factors and regulatory sites|Chromosome conformation capture|Sample collections|Epigenetics|Machine learning	C++|Shell	MIT			25		2021	pmid:33999180	openannotate	https://bio.tools/openannotate	2024-11-24	bio.tools		
pypanda	PyPanda	Reconstructs gene regulatory networks from molecular interaction data	grn-inference	grn-inference	extended	https://github.com/davidvi/pypanda	https://github.com/davidvi/pypanda	39	2018-04-10	False	Python		Library	Molecular interactions, pathways and networks|Gene regulation|Genetics	Python				25		2016	pmid:27402905	pypanda	https://bio.tools/pypanda	2018-12-10	bio.tools		
tcofbase	TcoFBase	Decodes regulatory transcription co-factors in human and mouse	chip-resources|grn-inference	chip-resources	core	http://tcof.liclab.net/TcoFbase							Database portal|Web application	ChIP-seq|Transcription factors and regulatory sites|Epigenetics|Model organisms|Methylated DNA immunoprecipitation				Free of charge	25		2022	pmid:34718747	tcofbase	https://bio.tools/tcofbase	2022-03-11	bio.tools		
tuxnet	tuxnet	Processes RNA sequencing data to infer gene regulatory networks	grn-inference	grn-inference	core	https://rspurney.github.io/TuxNet/	https://github.com/rspurney/TuxNet	6	2023-07-03	False	MATLAB			Molecular interactions, pathways and networks|RNA-Seq|Plant biology|Functional, regulatory and non-coding RNA|Gene regulation	MATLAB|C				25		2020	pmid:31571287	tuxnet	https://bio.tools/tuxnet	2020-12-31	bio.tools		
circlehunter	circlehunter	Identifies extrachromosomal circular DNA from ATAC-Seq data	peak-calling	peak-calling	core	https://github.com/suda-huanglab/circlehunter	https://github.com/suda-huanglab/circlehunter	6	2023-02-17	False	Python		Workflow	Workflows|Oncology|DNA|Gene expression|Chromosome conformation capture	Python|Shell			Free of charge	24		2023	pmid:37217468	circlehunter	https://bio.tools/circlehunter	2024-01-02	bio.tools		
dci	DCI	Learns the difference between two causal graphs from two datasets	grn-inference	grn-inference	core	http://uhlerlab.github.io/causaldag/dci	https://github.com/uhlerlab/causaldag	162	2023-04-12	False	JavaScript	NOASSERTION	Library	Molecular interactions, pathways and networks|RNA-Seq|Gene regulation|Machine learning	Python	BSD-3-Clause			24		2021	pmid:33704425	dci	https://bio.tools/dci	2024-11-24	bio.tools		
dnaffinity	DNAffinity	Predicts DNA binding affinities of transcription factors using machine learning	tfbs-prediction	tfbs-prediction	core	https://github.com/Jalbiti/DNAffinity	https://github.com/Jalbiti/DNAffinity	2	2025-05-23	False	Python		Script	Transcription factors and regulatory sites|Machine learning|ChIP-seq|Epigenetics|Model organisms	Python	Not licensed			24		2022	pmid:36018808	dnaffinity	https://bio.tools/dnaffinity	2024-11-24	bio.tools		
engrain	EnGRaiN	Recovers large-scale gene regulatory networks using supervised ensemble learning	grn-inference	grn-inference	extended	https://github.com/AluruLab/EnGRaiN	https://github.com/AluruLab/EnGRaiN	4	2022-07-08	False	Jupyter Notebook	MIT	Command-line tool	Machine learning|Molecular interactions, pathways and networks|Microarray experiment|Gene expression|Plant biology	Python	MIT		Free of charge	24		2022	pmid:34888624	engrain	https://bio.tools/engrain	2022-06-07	bio.tools		
hiloop	HiLoop	Identifies, visualizes, and models high-feedback loops in gene regulatory networks	grn-inference	grn-inference	core	https://github.com/BenNordick/HiLoop	https://github.com/BenNordick/HiLoop	4	2021-10-05	False	Python	MIT	Command-line tool	Molecular interactions, pathways and networks|Mathematics|Transcription factors and regulatory sites|Functional, regulatory and non-coding RNA|Cell biology	Python	MIT		Free of charge	24		2021	pmid:34607562	hiloop	https://bio.tools/hiloop	2022-04-30	bio.tools		
hthmotif	HTHmotif	Identifies transcription factor binding sites in prokaryotic genomes using sequence-based motif discovery	motif-discovery|tfbs-prediction	motif-discovery	core	http://stormo.wustl.edu/HTHmotif							Command-line tool	Transcription|Transcription factor binding sites|DNA	Perl|C				24			pmid:20807838	hthmotif	https://bio.tools/hthmotif	2024-11-25	bio.tools		
ncfans-v2	ncFANs v2.0	Integrative platform for functional annotation of non-coding RNAs	regulatory-elements	regulatory-elements	core	http://bioinfo.org/ncfans							Web application|Suite	Functional, regulatory and non-coding RNA|Gene transcripts|Microarray experiment|ChIP-on-chip|Transcriptomics					24		2021	pmid:34050762	ncfans-v2	https://bio.tools/ncfans-v2	2024-11-24	bio.tools		
pap	PAP	Identifies transcriptional regulators for co-expressed genes and regulatory targets of transcription factors	tfbs-prediction|regulatory-elements|grn-inference	tfbs-prediction	core	http://bioinformatics.wustl.edu/webTools/portalModule/PromoterSearch.do							Web application	Transcription factors and regulatory sites|Gene expression|Gene regulation|Workflows|Gene transcripts					24			pmid:17517777	pap	https://bio.tools/pap	2024-11-25	bio.tools		
responsenet	ResponseNet	Reveals signaling and regulatory networks linking genetic and transcriptomic screening data via network optimization	grn-inference	grn-inference	core	https://netbio.bgu.ac.il/labwebsite/software/responsenet/							Web API|Web application	Molecular interactions, pathways and networks|Functional, regulatory and non-coding RNA|Transcriptomics|Pathology|Humans		Unlicense	Mature	Free of charge	24		2013	pmid:23761447	responsenet	https://bio.tools/responsenet	2024-11-24	bio.tools		
scgrn	scGRN	Comprehensive single-cell gene regulatory network platform for human and mouse	grn-inference|single-cell	grn-inference	core	https://bio.liclab.net/scGRN/							Database portal	Transcription factors and regulatory sites|Molecular interactions, pathways and networks|Epigenomics|Transcriptomics|Functional, regulatory and non-coding RNA				Free of charge	24		2024	pmid:37889053	scgrn	https://bio.tools/scgrn	2024-11-24	bio.tools		
synor	SynoR	Searches vertebrate genomes for synonymous regulatory elements	tfbs-prediction|regulatory-elements	tfbs-prediction	core	http://synor.dcode.org/							Web application	Model organisms|Gene regulation|Transcription factors and regulatory sites|Genomics|Functional, regulatory and non-coding RNA					24			pmid:15980499	synor	https://bio.tools/synor	2024-11-25	bio.tools		
targetdbpplus	TargetDBP+	Identifies DNA-binding proteins using weighted convolutional features	tfbs-prediction	tfbs-prediction	core	http://csbio.njust.edu.cn/bioinf/targetdbpplus/	https://github.com/jun-csbio/TargetDBPplus	0	2021-07-27	False			Web application	Protein interactions|DNA binding sites|Statistics and probability|ChIP-on-chip					24		2021	pmid:33410688	targetdbpplus	https://bio.tools/targetdbpplus	2021-04-11	bio.tools		
trlnc	TRlnc	A database for human transcriptional regulatory information of lncRNAs	regulatory-elements|chip-resources	regulatory-elements	core	http://bio.licpathway.net/TRlnc								Functional, regulatory and non-coding RNA|ChIP-seq|Transcription factors and regulatory sites|Epigenetics|Chromosome conformation capture					24		2021	pmid:32047897	trlnc	https://bio.tools/trlnc	2021-03-05	bio.tools		
abc	ABC	Identifies allele specific transcription factor binding from aligned ChIP-Seq reads at heterozygous SNVs	tfbs-prediction|regulatory-variants	tfbs-prediction	core	https://github.com/mlupien/ABC/	https://github.com/mlupien/ABC	6	2015-06-12	False	Perl		Command-line tool	ChIP-seq|Transcription factors and regulatory sites	Perl				23			pmid:25995231	abc	https://bio.tools/abc	2024-11-25	bio.tools		
argo	ARGO	Detects and visualises region-specific degenerate oligonucleotide motifs in eukaryotic gene regulatory regions	motif-discovery|regulatory-elements	motif-discovery	core	http://wwwmgs.bionet.nsc.ru/mgs/programs/argo/							Web application	Model organisms|Transcription factors and regulatory sites|Gene regulation|DNA binding sites|Gene expression					23			pmid:15980502	argo	https://bio.tools/argo	2024-11-25	bio.tools		
bindingsitefinder	BindingSiteFinder	Extracts reproducible binding sites from iCLIP data, designed for plant iCLIP2 workflows	tfbs-prediction	tfbs-prediction	core	https://bioconductor.org/packages/release/bioc/html/BindingSiteFinder.html	https://github.com/ZarnackGroup/BindingSiteFinder	6	2025-03-19	False	R			RNA immunoprecipitation|Plant biology|Transcription factors and regulatory sites|Protein binding sites|RNA	R	Artistic-2.0			23			pmid:38278964	bindingsitefinder	https://bio.tools/bindingsitefinder	2026-01-14	bio.tools		
evoaug	EvoAug	Improves genomic deep neural network generalization and interpretability using evolution-inspired data augmentations	tfbs-prediction|regulatory-elements|regulatory-variants	tfbs-prediction	core	https://pypi.org/project/evoaug	https://github.com/p-koo/evoaug	25	2025-06-03	False	Python	MIT	Library	Machine learning|ChIP-seq|Gene regulation|Structural variation|Transcription factors and regulatory sites	Python	MIT		Free of charge	23		2023	pmid:37143118	evoaug	https://bio.tools/evoaug	2024-11-24	bio.tools		
groovdb	GroovDB	Database of ligand-inducible transcription factors for synthetic biology	motif-databases|chip-resources	motif-databases	core	https://groov.bio							Database portal	Synthetic biology|Transcription factors and regulatory sites|Workflows|Literature and language				Free of charge	23		2022	pmid:36178800	groovdb	https://bio.tools/groovdb	2024-11-24	bio.tools		
promoser	PromoSer	Extracts proximal promoter sequences from mammalian genomes	regulatory-elements	regulatory-elements	core	http://biowulf.bu.edu/zlab/PromoSer/							Web application	Gene transcripts|Transcription factors and regulatory sites|Gene expression|Mapping|Sequence analysis					23			pmid:15215378	promoser	https://bio.tools/promoser	2024-11-25	bio.tools		
RT_networks	RT networks	Predicts and compares replication timing networks from transcription regulatory circuits	tfbs-prediction|regulatory-elements|nucleosome-chromatin	tfbs-prediction	core	https://github.com/sebkim/RTNet	https://github.com/sebkim/RTNet	0	2017-08-30	False	Python			Molecular interactions, pathways and networks|Transcription factors and regulatory sites|Epigenomics	Python				23		2019	pmid:31434679	RT_networks	https://bio.tools/RT_networks	2020-12-16	bio.tools		
sclc	SCLC	Cross-database portal for pharmacogenomic analyses of SCLC cell lines from NCI, Sanger, and Broad	regulatory-elements	regulatory-elements	core	https://discover.nci.nih.gov/SclcCellMinerCDB/	https://github.com/pongorlorinc/SCLC_methylation	1	2022-03-21	False	R		Database portal	Epigenetics|Oncology|Transcription factors and regulatory sites|Pharmacogenomics|Protein expression	R			Free of charge	23		2022	pmid:36325065	sclc	https://bio.tools/sclc	2024-11-24	bio.tools		
survnet	SurvNet	Identifies network-based biomarkers correlating with patient survival data via a webserver	grn-inference	grn-inference	core	http://bioinformatics.mdanderson.org/main/SurvNet							Web application	Biomarkers|Molecular interactions, pathways and networks|Microarray experiment|Pathology|Medicine	JavaScript				23			pmid:22570412	survnet	https://bio.tools/survnet	2024-11-25	bio.tools		
crcdb	CRCdb	Explores human super enhancer-driven core transcription regulatory circuitry and its significance	regulatory-elements|chip-resources	regulatory-elements	extended	http://www.licpathway.net/crcdb/index.html							Database portal	Transcription factors and regulatory sites|Epigenomics|Transcriptomics|Pathology|ChIP-seq				Free of charge	22		2023	pmid:37131406	crcdb	https://bio.tools/crcdb	2024-11-24	bio.tools		
deepselex	DeepSELEX	Infer DNA-binding preferences from HT-SELEX data using multi-class CNNs	tfbs-prediction	tfbs-prediction	core	http://github.com/OrensteinLab/DeepSELEX/	https://github.com/OrensteinLab/DeepSELEX	4	2024-07-30	False	Python		Command-line tool	Machine learning|ChIP-seq|DNA	Python				22		2020	pmid:33381817	deepselex	https://bio.tools/deepselex	2021-03-27	bio.tools		
diffchipl	DiffChIPL	Differential peak analysis for high-throughput sequencing data with biological replicates using limma	peak-calling|peak-annotation	peak-calling	core	https://github.com/yancychy/DiffChIPL	https://github.com/yancychy/DiffChIPL	7	2024-12-23	False	HTML	Apache-2.0	Library	ChIP-seq|Epigenetics|RNA-Seq|Workflows|Protein interactions	R	Apache-2.0			22		2022	pmid:35809062	diffchipl	https://bio.tools/diffchipl	2024-11-24	bio.tools		
graphtgi	GraphTGI	Predicts TF-target gene interactions using an attention-based graph embedding model	tfbs-prediction|grn-inference	tfbs-prediction	core	https://github.com/YanghanWu/GraphTGI	https://github.com/YanghanWu/GraphTGI	8	2022-05-07	False	Python		Workbench|Script	Transcription factors and regulatory sites|Machine learning|Gene regulation|ChIP-seq|Molecular interactions, pathways and networks	Python	Not licensed			22		2022	pmid:35511108	graphtgi	https://bio.tools/graphtgi	2024-11-24	bio.tools		
h4hichip-peaks	h4HiChIP-Peaks	Calls peaks from HiChIP data using an essential dynamics algorithm	peak-calling	peak-calling	core	https://github.com/ChenfuShi/HiChIP_peaks	https://github.com/ChenfuShi/HiChIP_peaks	9	2021-01-25	False	HTML	BSD-3-Clause	Command-line tool	Mapping|ChIP-seq|DNA binding sites|ChIP-on-chip	Python	BSD-3-Clause			22		2020	pmid:32207529	h4hichip-peaks	https://bio.tools/h4hichip-peaks	2021-01-30	bio.tools		
hreg-cncc	hReg-CNCC	Reconstructs regulatory networks in human cranial neural crest cells and annotates developmental variants	grn-inference|regulatory-variants	grn-inference	core	https://github.com/AMSSwanglab/hReg-CNCC	https://github.com/AMSSwanglab/hReg-CNCC	7	2021-08-05	False	Python		Command-line tool	Molecular interactions, pathways and networks|DNA polymorphism|GWAS study|Gene regulation|Machine learning	Python				22		2021	pmid:33824393	hreg-cncc	https://bio.tools/hreg-cncc	2021-09-27	bio.tools		
peaks2utr	peaks2utr	Annotates 3' untranslated regions from BAM reads and GFF/GTF annotations	peak-annotation	peak-annotation	core	https://pypi.org/project/peaks2utr	https://github.com/haessar/peaks2utr	25	2026-05-18	False	Python	GPL-3.0	Command-line tool	Transcriptomics|Model organisms|Transcription factors and regulatory sites|Gene transcripts|RNA-Seq	Python	GPL-3.0		Free of charge	22		2023	pmid:36864613	peaks2utr	https://bio.tools/peaks2utr	2024-11-24	bio.tools		
promzea	Promzea	Discovers de novo motifs underlying co-regulated genes in maize, Arabidopsis or rice using Perl	motif-discovery	motif-discovery	core	http://www.promzea.org							Web application	Transcription factors and regulatory sites|Genetics|Plant biology	Perl				22		2013	pmid:23497159	promzea	https://bio.tools/promzea	2018-12-10	bio.tools		
river	RIVER	Estimates the probability that a variant has regulatory impact by jointly analyzing personal genome and transcriptome data	regulatory-variants	regulatory-variants	extended	http://bioconductor.org/packages/release/bioc/html/RIVER.html	https://github.com/ipw012/RIVER	12	2020-03-05	False	R		Library	Functional genomics|Medical informatics|Function analysis|Gene expression|Gene regulation|Genetic variation|Genetics|DNA polymorphism|Systems biology|Transcriptomics	R	GPL-2.0			22			doi:10.1101/074443	river	https://bio.tools/river	2018-12-10	bio.tools		
aster	ASTER	Accurately estimates the number of cell types in single-cell chromatin accessibility data	single-cell	single-cell	extended	https://github.com/biox-nku/aster	https://github.com/biox-nku/aster	5	2022-12-04	False	Python	MIT	Library	Chromosome conformation capture|Epigenomics|Cell biology|Workflows	Python	MIT		Free of charge	21		2023	pmid:36610708	aster	https://bio.tools/aster	2024-11-24	bio.tools		
cismols	CisMols	Identifies cis-clusters in conserved cis-regulatory regions of co-regulated genes	regulatory-elements|comparative	regulatory-elements	core	http://cismols.cchmc.org/							Web application	Transcription factors and regulatory sites|Gene expression|Gene transcripts|Molecular interactions, pathways and networks|Gene regulation	Java				21			pmid:15980500	cismols	https://bio.tools/cismols	2024-11-25	bio.tools		
deepropre	DeeProPre	Predicts promoters using a CNN and bidirectional LSTM with attention mechanism	regulatory-elements	regulatory-elements	core	https://github.com/zzwwmmm/DeeProPre/tree/master	https://github.com/zzwwmmm/DeeProPre	2	2022-02-27	False			Command-line tool	Transcription factors and regulatory sites|Machine learning|Model organisms|Gene transcripts|Bioinformatics	Python	GPL-3.0		Free of charge	21		2022	pmid:36116322	deepropre	https://bio.tools/deepropre	2024-11-24	bio.tools		
enhancer_mdlf	Enhancer-MDLF	Identifies cell-specific enhancers using a deep learning framework	regulatory-elements	regulatory-elements	core	https://github.com/HaoWuLab-Bioinformatics/Enhancer-MDLF	https://github.com/HaoWuLab-Bioinformatics/Enhancer-MDLF	5	2024-01-16	False	Python		Command-line tool	Transcription factors and regulatory sites|Gene regulation|Gene transcripts|ChIP-seq|RNA-Seq	Python|Shell			Free of charge	21		2024	pmid:38485768	enhancer_mdlf	https://bio.tools/enhancer_mdlf	2024-11-24	bio.tools		
ePOSSUM	ePOSSUM	Analyses the effect of DNA variants on transcription factor binding sites	regulatory-variants	regulatory-variants	extended	https://www.mutationdistiller.org/ePOSSUM2/index.html							Web application	Genetic variation|Transcription factors and regulatory sites			Mature	Free of charge	21		2016	pmid:27209209	ePOSSUM	https://bio.tools/ePOSSUM	2024-11-24	bio.tools		
grn-transformer	GRN-transformer	Boosts single-cell gene regulatory network reconstruction using bulk-cell transcriptomic data	grn-inference|single-cell	grn-inference	core	https://github.com/HantaoShu/GRN-Transformer	https://github.com/HantaoShu/GRN-Transformer	7	2023-06-24	False	Python	MIT	Script	Molecular interactions, pathways and networks|Transcriptomics|Machine learning|RNA-Seq|Transcription factors and regulatory sites	Python	MIT		Free of charge	21		2022	pmid:36070863	grn-transformer	https://bio.tools/grn-transformer	2024-11-24	bio.tools		
ienhancer-kl	iEnhancer-KL	Predicts enhancers using position-specific nucleotide composition in a two-layer framework	regulatory-elements	regulatory-elements	extended	https://github.com/Not-so-middle/iEnhancer-KL.git	https://github.com/Not-so-middle/iEnhancer-KL	1	2019-12-06	False	MATLAB		Library	Transcription factors and regulatory sites|Machine learning	MATLAB|Python|C++				21		2021	pmid:33481715	ienhancer-kl	https://bio.tools/ienhancer-kl	2021-03-31	bio.tools		
poco	POCO	Searches promoters from co-expressed genes for over-represented nucleotide patterns	motif-discovery	motif-discovery	core	http://ekhidna.biocenter.helsinki.fi/poxo/poco/							Web application	Transcription factors and regulatory sites|Gene expression|Gene structure|Data mining	C++				21			pmid:15980504	poco	https://bio.tools/poco	2024-11-25	bio.tools		
rpmcmc	RPMCMC	Discovers diverse motifs from large sequence sets using a parallel MCMC algorithm	motif-discovery	motif-discovery	core	http://daweb.ism.ac.jp/yoshidalab/motif/							Command-line tool	DNA|Sequencing|Nucleic acid sites, features and motifs					21			pmid:25583120	rpmcmc	https://bio.tools/rpmcmc	2024-11-25	bio.tools		
selansi	SELANSI	Simulates stochastic multidimensional gene regulatory networks	grn-inference	grn-inference	extended	https://sites.google.com/view/selansi	https://github.com/selansi/Selansi	3	2017-10-23	False	Matlab	GPL-3.0	Library	Molecular interactions, pathways and networks|Gene regulation|Simulation experiment	MATLAB				21		2018	pmid:29040384	selansi	https://bio.tools/selansi	2024-11-25	bio.tools		
TransPrise	TransPrise	Predicts eukaryotic promoters using a machine learning approach	regulatory-elements	regulatory-elements	core	https://github.com/StepanAbstro/TransPrise	https://github.com/StepanAbstro/TransPrise	6	2023-12-26	False	Python	GPL-2.0		Transcription factors and regulatory sites|Plant biology|Model organisms|Machine learning|Sequencing	Python	GPL-2.0			21		2019	pmid:31695967	TransPrise	https://bio.tools/TransPrise	2020-12-30	bio.tools		
3defdr	3DeFDR	Identifies cell type-specific looping interactions in 5C and Hi-C data using statistical methods	peak-calling	peak-calling	core	https://bitbucket.org/creminslab/5c3defdr	https://bitbucket.org/creminslab/5c3defdr						Library	Epigenetics|Cell biology|Statistics and probability|ChIP-seq	Python	MIT			20		2020	pmid:32859248	3defdr	https://bio.tools/3defdr	2021-01-19	bio.tools		
cellwalker	CellWalker	Integrates single-cell and bulk data to resolve regulatory elements across cell types in complex tissues	regulatory-elements|grn-inference|single-cell	regulatory-elements	core	https://github.com/PollardLab/CellWalker	https://github.com/PollardLab/CellWalker	4	2021-12-31	False	R	GPL-2.0	Library	Transcriptomics|RNA-Seq|Transcription factors and regulatory sites	R	GPL-2.0			20		2021	pmid:33583425	cellwalker	https://bio.tools/cellwalker	2021-04-22	bio.tools		
deepgengrep	DeepGenGrep	Predicts multiple genomic signals and regions using deep learning	regulatory-elements	regulatory-elements	core	http://bigdata.biocie.cn/deepgengrep/home	https://github.com/wx-cie/DeepGenGrep	2	2022-10-17	False	Python		Web application|Script	Machine learning|Model organisms|Gene transcripts|RNA splicing|Sequencing	Python	Other		Free of charge	20		2022	pmid:35799358	deepgengrep	https://bio.tools/deepgengrep	2024-11-24	bio.tools		
EpiCompare	EpiCompare	Define and explore genomic regions with tissue-specific epigenomic features	regulatory-elements|peak-annotation	regulatory-elements	core	https://epigenome.wustl.edu/EpiCompare/	https://github.com/hcharles14/EpiCompare	4	2017-08-28	False	R		Command-line tool|Web application	Epigenomics|Transcription factors and regulatory sites|Molecular interactions, pathways and networks	R	Unlicense	Mature	Free of charge	20		2017	pmid:28605501	EpiCompare	https://bio.tools/EpiCompare	2024-11-24	bio.tools		
haystack	Haystack	Analyses epigenetic variability and transcription factor motifs from genomic data	motif-discovery|motif-scanning|regulatory-variants	motif-discovery	core	https://github.com/pinellolab/haystack_bio	https://github.com/pinellolab/haystack_bio	47	2022-06-21	False	HTML	NOASSERTION	Command-line tool	Epigenetics|Transcription factors and regulatory sites|Genomics|Sequence sites, features and motifs	Shell|Python	AGPL-3.0			20		2018	pmid:29360936	haystack	https://bio.tools/haystack	2024-11-25	bio.tools		
ienhancer-rd	iEnhancer-RD	Identifies enhancers and their strength using RKPK features and deep neural networks	regulatory-elements	regulatory-elements	core	https://github.com/YangHuan639/iEnhancer-RD	https://github.com/YangHuan639/iEnhancer-RD	1	2021-07-31	False	Python		Script	Machine learning|Gene expression|Gene transcripts	Python	Not licensed		Free of charge	20		2021	pmid:34364858	ienhancer-rd	https://bio.tools/ienhancer-rd	2022-01-19	bio.tools		
r-loop	R-loop	Performs quality-controlled meta-analysis to characterise R-loop consensus regions	tfbs-prediction|regulatory-elements|peak-calling	tfbs-prediction	core	https://github.com/Bishop-Laboratory/RLoop-QC-Meta-Analysis-Miller-2022	https://github.com/Bishop-Laboratory/RLoop-QC-Meta-Analysis-Miller-2022	0	2022-07-02	False	R		Command-line tool	Gene transcripts|Functional, regulatory and non-coding RNA|Nucleic acid structure analysis|Pathology|Transcription factors and regulatory sites	R	Not licensed		Free of charge	20		2022	pmid:35758606	r-loop	https://bio.tools/r-loop	2024-11-24	bio.tools		
regshape	regshape	Predicts whether an oligonucleotide sequence is a transcription factor binding site	tfbs-prediction	tfbs-prediction	core	https://github.com/ramseylab/regshape/	https://github.com/ramseylab/regshape	5	2018-02-28	False	R	GPL-2.0	Library	Transcription factors and regulatory sites|DNA|Gene expression	R				20			pmid:26130577	regshape	https://bio.tools/regshape	2024-11-25	bio.tools		
regulomepa	RegulomePA	Database of transcriptional regulatory interactions in Pseudomonas aeruginosa PAO1	chip-resources|grn-inference	chip-resources	core	http://www.regulome.pcyt.unam.mx								Transcription factors and regulatory sites|Molecular interactions, pathways and networks|Gene regulation|RNA-Seq					20		2020	pmid:33258965	regulomepa	https://bio.tools/regulomepa	2021-02-06	bio.tools		
rmotif	rMotif	Discovers de-novo or characterized regulatory motifs including transcription factor binding sites	motif-discovery|tfbs-prediction|regulatory-elements	motif-discovery	core	http://bioportal.weizmann.ac.il/~lapidotm/rMotif/html/							Web application	Transcription factors and regulatory sites|Gene expression|Nucleic acid sites, features and motifs|DNA binding sites|Gene transcripts					20			pmid:12824429	rmotif	https://bio.tools/rmotif	2024-11-25	bio.tools		
tssfinder	TSSFinder	Predicts core promoters in eukaryotic genomes using ab initio methods	regulatory-elements	regulatory-elements	core	http://tssfinder.github.io								Transcription factors and regulatory sites|Model organisms|Gene transcripts|Sequence assembly|Epigenetics					20		2021	pmid:34050351	tssfinder	https://bio.tools/tssfinder	2024-11-24	bio.tools		
3dtf	3DTF	Analyses protein-DNA binding sites through a web-server for transcription factor binding site prediction	tfbs-prediction	tfbs-prediction	core	http://gene-regulation.com/pub/programs/3dtf/							Web application	Transcription factors and regulatory sites|Gene expression|Protein binding sites|DNA binding sites|Nucleic acid sites, features and motifs					19			pmid:22693215	3dtf	https://bio.tools/3dtf	2024-11-25	bio.tools		
bayespeak	BayesPeak	Calls peaks in ChIP-seq data using the BayesPeak algorithm	peak-calling	peak-calling	core	http://bioconductor.org/packages/release/bioc/html/BayesPeak.html							Command-line tool|Library	ChIP-seq|DNA binding sites|Nucleic acid sites, features and motifs	R	GPL-2.0			19		2012	pmid:21914728	bayespeak	https://bio.tools/bayespeak	2018-12-30	bio.tools		
biovnn	BioVNN	Predicts cancer dependencies using pathway knowledge with a visible neural network	grn-inference	grn-inference	core	https://github.com/LichtargeLab/BioVNN	https://github.com/LichtargeLab/BioVNN	1	2021-06-05	False	Python	MIT	Script	Oncology|Molecular interactions, pathways and networks|Machine learning|Small molecules	Python	MIT			19		2021	pmid:34042953	biovnn	https://bio.tools/biovnn	2024-11-24	bio.tools		
birgrn	BiRGRN	Infers gene regulatory networks from time-series single-cell RNA-seq data using regression analysis	grn-inference|single-cell	grn-inference	core	https://gitee.com/DHUDBLab/bi-rgrn							Desktop application	Machine learning|Molecular interactions, pathways and networks|RNA-Seq|Transcriptomics|Mathematics	Python	Other		Free of charge	19		2022	pmid:35692809	birgrn	https://bio.tools/birgrn	2024-11-24	bio.tools		
Cropper	Cropper	View and handle Manhattan Plots with a graphical interface	peak-calling	peak-calling	core	https://www.geenivaramu.ee/en/tools/cropper							Desktop application	GWAS study|Genotype and phenotype	C++	GPL-3.0	Mature	Free of charge	19		2019	pmid:30634901	Cropper	https://bio.tools/Cropper	2020-06-16	bio.tools		
ernabase	eRNAbase	Decodes regulatory eRNAs in human and mouse through a comprehensive database	regulatory-elements|chip-resources	regulatory-elements	core	http://bio.liclab.net/eRNAbase/index.php							Database portal	Transcription factors and regulatory sites|Functional, regulatory and non-coding RNA|DNA polymorphism|Epigenetics|ChIP-seq		CC-BY-NC-4.0		Free of charge	19		2024	pmid:37889077	ernabase	https://bio.tools/ernabase	2024-11-24	bio.tools		
gpro	GPro	Designs promoters using generative AI and predicts regulatory motifs	regulatory-elements	regulatory-elements	core	https://zenodo.org/doi/10.5281/zenodo.10681733	https://github.com/WangLabTHU/GPro	29	2024-03-08	False	Python	MIT	Command-line tool	Transcription factors and regulatory sites|Workflows|Bioengineering|Machine learning|Evolutionary biology	Python	MIT		Free of charge	19		2024	pmid:38429953	gpro	https://bio.tools/gpro	2024-06-18	bio.tools		
ienhancer-dcla	iEnhancer-DCLA	Predicts enhancers and enhancer strength using deep learning on DNA sequences	regulatory-elements	regulatory-elements	core	https://github.com/WamesM/iEnhancer-DCLA	https://github.com/WamesM/iEnhancer-DCLA	5	2022-11-12	False	Python		Script	Gene expression|Machine learning|Gene transcripts|DNA|ChIP-seq	Python	Not licensed		Free of charge	19		2022	pmid:36376800	ienhancer-dcla	https://bio.tools/ienhancer-dcla	2024-11-24	bio.tools		
iscdnase-seq	iscDNase-seq	Detects DNase I hypersensitive sites in single cells using a multiplex indexing approach	peak-calling|single-cell	peak-calling	core	https://github.com/wailimku/iscDNase-seq	https://github.com/wailimku/iscDNase-seq	0	2021-03-16	False	MATLAB		Script	Epigenomics|Sequencing|Transcription factors and regulatory sites|Chromosome conformation capture|Gene transcripts	MATLAB				19		2021	pmid:33693880	iscdnase-seq	https://bio.tools/iscdnase-seq	2024-11-24	bio.tools		
Manhattan_Harvester	Manhattan Harvester	Automatically detects and characterizes peaks from GWAS Manhattan plot output files	peak-calling	peak-calling	core	https://www.geenivaramu.ee/en/tools/manhattan-harvester							Command-line tool	GWAS study|Genotype and phenotype	C++	GPL-3.0	Mature	Free of charge	19		2019	pmid:30634901	Manhattan_Harvester	https://bio.tools/Manhattan_Harvester	2020-06-16	bio.tools		
mulan	Mulan	Performs local multiple DNA sequence alignments of finished and draft-quality sequences	comparative	comparative	extended	http://mulan.dcode.org/							Web application	Evolutionary biology|Transcription factors and regulatory sites|Sequence analysis|DNA					19			pmid:17993678	mulan	https://bio.tools/mulan	2024-11-25	bio.tools		
NeSSie	NeSSie	Identifies approximate DNA sequence symmetries from sequence data	motif-discovery	motif-discovery	extended	http://www.medcomp.medicina.unipd.it/main_site/doku.php?%20id=nessie	https://github.com/B3rse/nessie	11	2018-06-26	False	C++		Command-line tool	Genetic variation|Gene expression	C++	GPL-3.0	Mature	Free of charge	19		2018	pmid:29522153	NeSSie	https://bio.tools/NeSSie	2024-11-24	bio.tools		
p6ma	p6mA	Integrates sequence features to identify DNA N6-methyladenine sites	nucleosome-chromatin	nucleosome-chromatin	core	https://github.com/Konglab404/p6mA	https://github.com/Konglab404/p6mA	0	2021-03-11	False	R		Library	Epigenetics|Machine learning|DNA|Sequence sites, features and motifs|Proteomics	R				19		2020	pmid:32093759	p6ma	https://bio.tools/p6ma	2021-03-15	bio.tools		
pepatac	PEPATAC	Optimized ATAC-seq pipeline performing serial alignments, trimming, peak calling, and assembly validation	peak-calling	peak-calling	core	https://pepatac.databio.org	https://github.com/databio/pepatac	60	2026-07-18	False	Python	BSD-2-Clause		Workflows|Mapping|Sequence assembly	Python|R	BSD-2-Clause			19			doi:10.1101/2020.10.21.347054	pepatac	https://bio.tools/pepatac	2021-01-23	bio.tools		
pidna	PiDNA	Predicts protein-DNA interactions using atomic-level scoring on in silico mutated complex structures	tfbs-prediction	tfbs-prediction	core	http://dna.bime.ntu.edu.tw/pidna							Web application	Genetic variation|Protein interactions|Molecular interactions, pathways and networks|Structure prediction|Transcription factors and regulatory sites	Java				19		2013	pmid:23703214	pidna	https://bio.tools/pidna	2018-12-10	bio.tools		
plot2do	plot2DO	Creates 2D occupancy plots from ChIP-seq or ChIP-on-chip data	footprinting|peak-annotation	footprinting	extended	https://github.com/rchereji/plot2DO	https://github.com/rchereji/plot2DO	18	2021-09-03	False	R	MIT		ChIP-on-chip|ChIP-seq|Epigenetics|DNA packaging|Transcription factors and regulatory sites	R	MIT			19		2020	pmid:31960374	plot2do	https://bio.tools/plot2do	2021-01-24	bio.tools		
portia	PORTIA	Infers gene regulatory networks from expression data using robust precision matrix estimation	grn-inference	grn-inference	core	https://github.com/AntoinePassemiers/PORTIA	https://github.com/AntoinePassemiers/PORTIA	2	2023-03-20	False	Python	GPL-2.0	Library	Molecular interactions, pathways and networks|Gene expression|Epigenomics|Pathology	Python	Not licensed		Free of charge	19		2022	pmid:35561176	portia	https://bio.tools/portia	2024-11-24	bio.tools		
rgpdb	RGPDB	Database of root genes and promoters in maize, soybean, and sorghum for expression analysis and promoter prediction	motif-databases|regulatory-elements	motif-databases	core	http://sysbio.unl.edu/RGPDB								Plant biology|Transcription factors and regulatory sites|Proteomics|Biotechnology|RNA-Seq					19		2020	pmid:32500918	rgpdb	https://bio.tools/rgpdb	2021-02-06	bio.tools		
sitar	SiTaR	Predicts transcription factor binding sites from sequence data	tfbs-prediction	tfbs-prediction	core	https://sbi.hki-jena.de/sitar/index.php							Web application	Transcriptomics|Nucleic acid sites, features and motifs|Sequence analysis					19			pmid:21893518	sitar	https://bio.tools/sitar	2024-11-25	bio.tools		
siteseer	SiteSeer	Visualizes transcription factor binding sites in upstream regions of eukaryotic genes	motif-scanning|tfbs-prediction	motif-scanning	core	http://rocky.bms.umist.ac.uk/SiteSeer/							Web application	Transcription factors and regulatory sites|Model organisms|Gene expression|DNA binding sites|Mapping	Perl				19			pmid:12824368	siteseer	https://bio.tools/siteseer	2024-11-25	bio.tools		
snowprint	Snowprint-UI	Predicts DNA-binding sequences of transcription factors to discover ligand-inducible transcriptional regulators	tfbs-prediction|footprinting	tfbs-prediction	core	https://snowprint.groov.bio								Transcription factors and regulatory sites|Bioengineering|Synthetic biology|Phylogeny|Gene structure					19			pmid:38336860	snowprint	https://bio.tools/snowprint	2026-01-14	bio.tools		
TAD-Lactuca	TAD-Lactuca	Predicts topologically associating domain boundaries by combining histone marks and sequence information	regulatory-elements	regulatory-elements	core	https://github.com/LoopGan/TAD-Lactuca	https://github.com/LoopGan/TAD-Lactuca	0	2019-02-25	False	Python			Epigenetics|Transcription factors and regulatory sites|ChIP-seq|Gene transcripts|Whole genome sequencing	Python				19		2019	pmid:31881832	TAD-Lactuca	https://bio.tools/TAD-Lactuca	2020-12-27	bio.tools		
cabernet	CABERNET	Generates, simulates, analyses and visualises Boolean models of gene regulatory networks to investigate their robustness	grn-inference	grn-inference	core	http://bimib.disco.unimib.it/index.php/CABERNET							Desktop application	Systems biology|Molecular interactions, pathways and networks|Statistics and probability	Java				18			pmid:26846964	cabernet	https://bio.tools/cabernet	2024-11-25	bio.tools		
RAEdb	RAEdb	Query and retrieve enhancers identified by high-throughput reporter assays	regulatory-elements|chip-resources	regulatory-elements	core	http://www.computationalbiology.cn/RAEdb/index.php							Web application	Transcription factors and regulatory sites|Data management|Gene transcripts			Mature	Free of charge	18		2019	pmid:30624654	RAEdb	https://bio.tools/RAEdb	2020-06-16	bio.tools		
regenrich	RegEnrich	Performs gene regulator enrichment analysis to identify key transcription factors in signaling pathways	grn-inference	grn-inference	core	https://www.bioconductor.org/packages/release/bioc/html/RegEnrich.html							Library	Molecular interactions, pathways and networks|Gene regulation|Transcription factors and regulatory sites|Functional, regulatory and non-coding RNA|Epigenetics	R	GPL-2.0		Free of charge	18		2022	pmid:35017649	regenrich	https://bio.tools/regenrich	2022-06-11	bio.tools		
samselect	SamSelect	Selects sample sequences from large DNA datasets for quorum planted motif search	motif-discovery	motif-discovery	core	https://github.com/qyu071/samselect	https://github.com/qyu071/samselect	2	2018-01-14	False			Library	Transcription factor binding sites	C++				18		2018	pmid:29914360	samselect	https://bio.tools/samselect	2024-11-25	bio.tools		
scprisma	scPrisma	Infers, filters and enhances periodic signals in single-cell data using spectral template matching	grn-inference|single-cell	grn-inference	core	https://github.com/nitzanlab/scPrisma/	https://github.com/nitzanlab/scPrisma	21	2024-03-31	False	Jupyter Notebook	MIT	Library	Cell biology|RNA-Seq|Molecular interactions, pathways and networks|Workflows	Python	MIT		Free of charge	18		2023	pmid:36849830	scprisma	https://bio.tools/scprisma	2024-06-18	bio.tools		
tdthub	TDTHub	Analyzes transcription factor binding sites in plants via a web server	tfbs-prediction|regulatory-elements	tfbs-prediction	core	http://acrab.cnb.csic.es/TDTHub/							Web application	Transcription factors and regulatory sites|Plant biology|Gene regulation|Molecular interactions, pathways and networks|Bioinformatics				Free of charge	18		2022	pmid:35713985	tdthub	https://bio.tools/tdthub	2024-11-24	bio.tools		
tissuenexus	TissueNexus	Explores human tissue functional gene networks built from curated RNA-seq data	grn-inference	grn-inference	core	https://www.diseaselinks.com/TissueNexus/							Database portal	RNA-Seq|Molecular interactions, pathways and networks|Gene expression|Cell biology|Pathology				Free of charge	18		2022	pmid:34850130	tissuenexus	https://bio.tools/tissuenexus	2022-05-16	bio.tools		
topp	ToPP	Selects prognostic features and clinical patient subgroups from tumor data via a web platform	grn-inference	grn-inference	core	http://www.biostatistics.online/topp/index.php							Web application	Oncology|Microbial ecology|Functional, regulatory and non-coding RNA|Gene transcripts|Personalised medicine				Free of charge	18		2022	pmid:35479398	topp	https://bio.tools/topp	2024-11-24	bio.tools		
tssnote-cyaprombert	TSSNote-CyaPromBERT	Predicts promoters from dRNA-seq data using a BERT-based pipeline	regulatory-elements	regulatory-elements	core	https://github.com/hanepira/TSSnote-CyaPromBert	https://github.com/hanepira/TSSnote-CyaPromBert	0	2022-11-29	False	Jupyter Notebook		Script	Natural language processing|Transcription factors and regulatory sites|Workflows|Gene structure|RNA-Seq	Python	Not licensed		Free of charge	18		2022	pmid:36523764	tssnote-cyaprombert	https://bio.tools/tssnote-cyaprombert	2024-11-24	bio.tools		
atacgraph	ATACgraph	Analyses ATAC-Seq data with peak calling, enrichment analysis, heat map generation, and visualisation	peak-calling|peak-annotation|nucleosome-chromatin	peak-calling	core	https://github.com/RitataLU/ATACgraph	https://github.com/RitataLU/ATACgraph	15	2023-01-18	False	Python	GPL-3.0	Command-line tool|Workflow	Epigenomics|ChIP-seq|RNA-Seq	Python	GPL-3.0			17		2021	pmid:33584814	atacgraph	https://bio.tools/atacgraph	2021-04-11	bio.tools		
bayespi	BayesPI	Predicts protein-DNA interactions using a biophysical model	tfbs-prediction	tfbs-prediction	core	https://www.mathworks.com/matlabcentral/fileexchange/28395-bayespi-a-new-biophysical-model-for-studying-protein-dna-interaction							Library	Biophysics|ChIP-on-chip|Protein interactions|Statistics and probability|ChIP-seq	MATLAB			Free of charge (with restrictions)	17		2009	pmid:19857274	bayespi	https://bio.tools/bayespi	2024-11-24	bio.tools		
chip-gpt	ChIP-GPT	Fine-tuned large language model extracting metadata from ChIP targets and cell lines in biomedical databases	chip-resources	chip-resources	core	https://huggingface.co/oliviercinquin/ChIP-GPT/								ChIP-seq|ChIP-on-chip|Machine learning|Medicine|Database management					17			pmid:38314912	chip-gpt	https://bio.tools/chip-gpt	2026-01-14	bio.tools		
chromosight	Chromosight	Detects patterns in Hi-C maps using computer vision algorithms	peak-calling	peak-calling	core	https://github.com/koszullab/chromosight	https://github.com/koszullab/chromosight	70	2026-07-07	False	Python	NOASSERTION	Command-line tool|Library	DNA|Mapping|Model organisms|Data mining	Python				17		2020	doi:10.1101/2020.03.08.981910	chromosight	https://bio.tools/chromosight	2024-11-24	bio.tools		
deeplncpro	DeepLncPro	Identifies long non-coding RNA promoters using an interpretable convolutional neural network	regulatory-elements	regulatory-elements	core	https://github.com/zhangtian-yang/DeepLncPro	https://github.com/zhangtian-yang/DeepLncPro	4	2024-07-08	False	Python	MIT	Command-line tool	Functional, regulatory and non-coding RNA|Transcription factors and regulatory sites|Machine learning|Zoology	Python|JavaScript	MIT		Free of charge	17		2022	pmid:36209437	deeplncpro	https://bio.tools/deeplncpro	2024-11-24	bio.tools		
deepvisp	DeepVISP	Predicts virus integration sites and discovers motifs using deep learning	motif-discovery	motif-discovery	core	https://bioinfo.uth.edu/DeepVISP							Web application	Oncology|Machine learning|Sequence sites, features and motifs|Literature and language|Sequencing					17			pmid:33977077	deepvisp	https://bio.tools/deepvisp	2021-09-13	bio.tools		
deepzf	DeepZF	Predicts binding zinc fingers and DNA-binding preferences from C2H2-ZF protein sequences using deep learning	tfbs-prediction	tfbs-prediction	core	http://github.com/OrensteinLab/DeepZF	https://github.com/OrensteinLab/DeepZF	6	2025-07-07	False	Jupyter Notebook		Library	Transcription factors and regulatory sites|Small molecules|Protein binding sites|ChIP-seq|Model organisms	Python	Not licensed			17		2022	pmid:36124796	deepzf	https://bio.tools/deepzf	2024-11-24	bio.tools		
gm_gcn	GM-GCN	Predicts cancer driver genes from gene-miRNA regulatory networks using a graph convolutional model	grn-inference	grn-inference	core	https://github.com/weiba/GM-GCN	https://github.com/weiba/GM-GCN	2	2022-11-19	False	Python		Script	Functional, regulatory and non-coding RNA|Oncology|Molecular interactions, pathways and networks|Pathology|Machine learning	Python	Not licensed		Free of charge	17		2023	pmid:36752023	gm_gcn	https://bio.tools/gm_gcn	2024-11-24	bio.tools		
idr2d	IDR2D	Identifies reproducible genomic interactions from ChIP-seq data	peak-calling	peak-calling	core	https://idr2d.mit.edu							Web service	ChIP-seq|Gene regulation|Model organisms|DNA	R				17		2020	pmid:32009147	idr2d	https://bio.tools/idr2d	2021-02-03	bio.tools		
jaspar_api	JASPAR RESTful API	Query and retrieve curated transcription factor binding profiles from an open-access database	motif-databases	motif-databases	extended	http://jaspar.genereg.net/api/	https://github.com/asntech/jaspar	3	2021-06-10	False	JavaScript	BSD-3-Clause	Web API	Biological databases|Transcription factors and regulatory sites|Gene regulation|Genomics|Human biology|Plant biology|Model organisms	Python	GPL-3.0	Mature	Free of charge	17		2018	pmid:29253085	jaspar_api	https://bio.tools/jaspar_api	2023-08-09	bio.tools		
mindy	MINDY	Identifies multivariate statistical dependencies between a transcription factor and its targets conditional on a modulator gene	grn-inference	grn-inference	core	http://wiki.c2b2.columbia.edu/califanolab/index.php/Software/MINDY2?							Command-line tool	Transcription factors and regulatory sites|Systems biology|Molecular interactions, pathways and networks|Gene expression					17			pmid:21938624	mindy	https://bio.tools/mindy	2024-11-25	bio.tools		
mosdi	MoSDi	Discovers sequence motifs and analyses pattern matching algorithms on DNA sequences	motif-discovery	motif-discovery	core	https://bitbucket.org/tobiasmarschall/mosdi	https://bitbucket.org/tobiasmarschall/mosdi						Command-line tool	Sequence analysis|DNA|Sequence sites, features and motifs|Statistics and probability	Java				17			pmid:22868683	mosdi	https://bio.tools/mosdi	2024-11-25	bio.tools		
mpvnn	MPVNN	Predicts disrupted signal flow in mutated pathways using a neural network with prior pathway knowledge	grn-inference	grn-inference	core	https://github.com/gourabghoshroy/MPVNN	https://github.com/gourabghoshroy/MPVNN	1	2022-05-22	False	Python	GPL-2.0	Script	Molecular interactions, pathways and networks|Machine learning|Oncology|Genetic variation|Gene expression	Python	GPL-2.0			17		2022	pmid:36124954	mpvnn	https://bio.tools/mpvnn	2024-11-24	bio.tools		
mustard	MuStARD	Identifies small non-coding RNA genomic loci using a multi-branch convolutional neural network	regulatory-elements|peak-calling	regulatory-elements	core	http://gitlab.com/RBP_Bioinformatics/mustard	http://gitlab.com/RBP_Bioinformatics/mustard						Command-line tool	Functional, regulatory and non-coding RNA|Machine learning|RNA-Seq|Transcriptomics|Gene transcripts		MIT			17		2020	pmid:32528107	mustard	https://bio.tools/mustard	2021-03-02	bio.tools		
netseekr	NetSeekR	Analyses RNA-Seq time series data with network analysis pipeline	grn-inference	grn-inference	core	https://github.com/igbb-popescu-lab/NetSeekR	https://github.com/igbb-popescu-lab/NetSeekR	14	2020-10-16	False	R		Library	RNA-Seq|Workflows|Gene expression|Molecular interactions, pathways and networks|Mapping	R	Not licensed		Free of charge	17		2022	pmid:35090393	netseekr	https://bio.tools/netseekr	2022-06-15	bio.tools		
pda-pred	PDA-PreD	Predicts binding affinity of protein-DNA complexes using machine learning and structural features	tfbs-prediction	tfbs-prediction	core	https://web.iitm.ac.in/bioinfo2/pdapred/	https://github.com/Harinikannan98/PDA-PreD	2	2025-05-20	False	Python		Web application	Protein interactions|Protein binding sites|DNA binding sites|Small molecules|Gene expression	Python			Free of charge	17		2023	pmid:36924867	pda-pred	https://bio.tools/pda-pred	2024-11-24	bio.tools		
phaeoepiview	PhaeoEpiView	Browse the epigenome of the newly assembled Phaeodactylum tricornutum genome	regulatory-elements|peak-calling	regulatory-elements	core	https://PhaeoEpiView.univ-nantes.fr							Database portal	Epigenomics|Protein modifications|Sequence assembly|Marine biology|Gene expression				Free of charge	17		2023	pmid:37221245	phaeoepiview	https://bio.tools/phaeoepiview	2024-11-24	bio.tools		
reganalyst	RegAnalyst	Integrates MoPP, MyPatternFinder, and MycoRegDB for promoter and regulatory element prediction	motif-discovery|motif-databases|regulatory-elements	motif-discovery	core	http://www.nii.ac.in/~deepak/RegAnalyst/							Web application	Transcription factors and regulatory sites|Database management|Molecular interactions, pathways and networks					17			pmid:19465400	reganalyst	https://bio.tools/reganalyst	2024-11-25	bio.tools		
rsnet	RSNET	Infers gene regulatory networks using redundancy silencing and network enhancement	grn-inference	grn-inference	core	https://github.com/zhanglab-wbgcas/rsnet	https://github.com/zhanglab-wbgcas/rsnet	2	2021-08-30	False	MATLAB		Library	Molecular interactions, pathways and networks|Gene expression|Mathematics	MATLAB	Not licensed		Free of charge	17		2022	pmid:35524190	rsnet	https://bio.tools/rsnet	2024-11-24	bio.tools		
scorpion	SCORPION	Reconstructs comparable gene regulatory networks from single-cell RNA sequencing data using a message-passing algorithm	grn-inference|single-cell	grn-inference	core	https://CRAN.R-project.org/package=SCORPION								Molecular interactions, pathways and networks|Gene expression|RNA-Seq|Cell biology|Oncology		GPL-3.0			17			pmid:38438786	scorpion	https://bio.tools/scorpion	2026-01-14	bio.tools		
skipper	Skipper	Analyses RNA-protein interactions to highlight genetic variation depletion in translation factor binding sites	tfbs-prediction|peak-calling	tfbs-prediction	core	https://github.com/YeoLab/skipper/	https://github.com/YeoLab/skipper	10	2026-07-10	False	Python	NOASSERTION	Workflow	RNA immunoprecipitation|Transcription factors and regulatory sites|Transcriptomics|Protein expression|ChIP-seq	R			Free of charge	17		2023	pmid:37388912	skipper	https://bio.tools/skipper	2024-11-24	bio.tools		
timirgen	TimiRGeN	Integrates and analyses time series microRNA-mRNA data for regulatory networks	grn-inference	grn-inference	core	https://bioconductor.org/packages/TimiRGeN	https://github.com/Krutik6/TimiRGeN	3	2023-12-26	False	R		Library	Molecular interactions, pathways and networks|Functional, regulatory and non-coding RNA|Gene expression|RNA-Seq	R	GPL-3.0			17		2021	pmid:33993215	timirgen	https://bio.tools/timirgen	2024-11-24	bio.tools		
tsptfbs	TSPTFBS	Predicts transcription factor binding sites across plant species using a Docker image	tfbs-prediction	tfbs-prediction	core	https://github.com/liulifenyf/TSPTFBS	https://github.com/liulifenyf/TSPTFBS	14	2021-04-26	False	Python		Library|Command-line tool	Transcription factors and regulatory sites|Plant biology|Protein interactions|Imaging|Machine learning	Python				17			pmid:33416862	tsptfbs	https://bio.tools/tsptfbs	2021-07-07	bio.tools		
asp-g	ASP-G	Finds attractors in genetic regulatory networks using answer set programming	grn-inference	grn-inference	core	http://bioinformatics.intec.ugent.be/kmarchal/Supplementary_Information_Musthofa_2014/asp-g.zip							Command-line tool	Molecular interactions, pathways and networks					16			pmid:25028722	asp-g	https://bio.tools/asp-g	2024-11-25	bio.tools		
blsspeller	BLSSPELLER	Exhaustively discovers conserved cis-regulatory elements through comparative genomics	motif-discovery|comparative	motif-discovery	core	http://bioinformatics.intec.ugent.be/blsspeller/index.html							Command-line tool	Comparative genomics	Java				16			pmid:26254488	blsspeller	https://bio.tools/blsspeller	2024-11-25	bio.tools		
chipxpress	ChIPXpress	Ranks predicted TF bound genes from ChIPx data using NCBI GEO expression profiles	peak-annotation|chip-resources	peak-annotation	core	http://bioconductor.org/packages/release/bioc/html/ChIPXpress.html							Command-line tool|Library	Gene expression|ChIP-seq|Nucleic acid sites, features and motifs	R	GPL-2.0			16			pmid:23758851	chipxpress	https://bio.tools/chipxpress	2024-11-25	bio.tools		
deepbound	DeepBound	Identifies transcript boundaries using deep convolutional neural fields	regulatory-elements	regulatory-elements	core	https://github.com/realbigws/DeepBound	https://github.com/realbigws/DeepBound	11	2017-02-13	False	C++		Command-line tool	Machine learning|Transcription factors and regulatory sites|RNA-Seq	Shell				16		2017	pmid:28881999	deepbound	https://bio.tools/deepbound	2024-11-25	bio.tools		
dloopcaller	DLoopCaller	Predicts genome-wide chromatin loops by integrating accessible chromatin landscapes using deep learning	regulatory-elements|grn-inference	regulatory-elements	core	https://github.com/wangguoguoa/DLoopCaller	https://github.com/wangguoguoa/DLoopCaller	1	2022-07-20	False	Python		Command-line tool	Chromosome conformation capture|Tomography|Transcription factors and regulatory sites|Epigenomics|Machine learning	Python	Not licensed		Free of charge	16		2022	pmid:36206320	dloopcaller	https://bio.tools/dloopcaller	2024-11-24	bio.tools		
eccdb	eccDB	A comprehensive repository for eccDNA-mediated chromatin contacts across multiple species	regulatory-elements	regulatory-elements	core	http://www.xiejjlab.bio/eccDB							Database portal	Epigenetics|Gene expression|DNA|Molecular interactions, pathways and networks|Chromosome conformation capture				Free of charge	16		2023	pmid:37018146	eccdb	https://bio.tools/eccdb	2024-11-24	bio.tools		
grnbenchmark	GRNbenchmark	Benchmarks directed gene regulatory network inference methods using simulated expression data	grn-inference	grn-inference	extended	https://GRNbenchmark.org/							Web application	Molecular interactions, pathways and networks|Transcription factors and regulatory sites|Statistics and probability		Not licensed			16		2022	pmid:35609981	grnbenchmark	https://bio.tools/grnbenchmark	2024-11-24	bio.tools		
insect	INSECT	Analyses genomic sequences to predict and analyse cis-regulatory modules	motif-scanning|regulatory-elements	motif-scanning	core	http://bioinformatics.ibioba-mpsp-conicet.gov.ar/INSECT2/							Web application	Transcription factors and regulatory sites|Genomics|Sequence analysis					16			pmid:26656931	insect	https://bio.tools/insect	2024-11-25	bio.tools		
juxtapose	Juxtapose	Compares gene co-expression networks using Python	grn-inference	grn-inference	core	https://github.com/klovens/juxtapose	https://github.com/klovens/juxtapose	10	2022-02-14	False	Python		Script	Transcriptomics|Evolutionary biology|RNA-Seq|Machine learning|Molecular interactions, pathways and networks	Python				16		2021	pmid:33726666	juxtapose	https://bio.tools/juxtapose	2021-10-04	bio.tools		
lanceotron	LanceOtron	Deep learning peak caller for ATAC-seq, ChIP-seq, and DNase-seq data	peak-calling	peak-calling	core	https://lanceotron.molbiol.ox.ac.uk	https://github.com/LHentges/LanceOtron	32	2026-06-23	False	Python	GPL-3.0	Web application|Command-line tool	Sequencing|Machine learning|Transcription factors and regulatory sites|Epigenetics	Python	GPL-3.0			16			doi:10.1101/2021.01.25.428108	lanceotron	https://bio.tools/lanceotron	2021-04-11	bio.tools		
LSTrAP-Lite	LSTrAP-Lite	Infers biosynthetic and gene regulatory networks from Artemisia annua RNA sequencing data on ARM computers	grn-inference	grn-inference	core	https://github.com/mutwil/LSTrAP-Lite	https://github.com/mutwil/LSTrAP-Lite	1	2019-06-25	False	Python	MIT	Command-line tool	Molecular interactions, pathways and networks|RNA-Seq|Functional, regulatory and non-coding RNA|Transcriptomics|Gene transcripts	Python	MIT			16		2020	pmid:31634636	LSTrAP-Lite	https://bio.tools/LSTrAP-Lite	2020-12-22	bio.tools		
nlrexpress	NLRexpress	Reveals motif stability underlying plant Nod-like receptor diversity using machine learning predictors	motif-scanning	motif-scanning	extended	https://nlrexpress.biochim.ro	https://github.com/eliza-m/NLRexpress	2	2022-08-22	False	Python	GPL-3.0	Web application|Command-line tool	Plant biology|Sequence sites, features and motifs|Machine learning|Gene expression|Proteomics	Python	GPL-3.0		Free of charge	16		2022	pmid:36186050	nlrexpress	https://bio.tools/nlrexpress	2024-11-24	bio.tools		
pri-cat	PRI-CAT	Manage and analyse plant ChIP-seq experiments, focusing on Arabidopsis, via a web-based workflow	peak-calling|peak-annotation|chip-resources	peak-calling	extended	http://www.ab.wur.nl/pricat							Web application	ChIP-seq|Plant biology|Transcription factors and regulatory sites|Immunoprecipitation experiment|Database management					16		2011	pmid:21609962	pri-cat	https://bio.tools/pri-cat	2018-12-10	bio.tools		
prodonet	ProdoNet	Maps prokaryotic genes and proteins to gene regulatory and metabolic networks via a web application	grn-inference	grn-inference	core	http://www.prodonet.tu-bs.de							Web application	Molecular interactions, pathways and networks|Endocrinology and metabolism|Gene expression|Gene regulation|Mapping	PHP|Java				16			pmid:18440972	prodonet	https://bio.tools/prodonet	2024-11-25	bio.tools		
SalMotifDB	SalMotifDB	Predicts transcription factor binding sites and cis-regulatory motifs in salmonid genomes	motif-databases|tfbs-prediction|regulatory-elements	motif-databases	core	https://salmobase.org/apps/SalMotifDB/								Transcription factors and regulatory sites|Molecular interactions, pathways and networks|Gene regulation	R				16		2019	pmid:31477007	SalMotifDB	https://bio.tools/SalMotifDB	2020-12-16	bio.tools		
spartan_proteomics	SPaRTAN	Integrates single-cell transcriptomic and proteomic data to model cell-specific gene regulatory programs	grn-inference|single-cell	grn-inference	core	https://github.com/osmanbeyoglulab/SPaRTAN/	https://github.com/osmanbeyoglulab/SPaRTAN	2	2024-01-02	False	Jupyter Notebook		Library	Cytometry|Transcription factors and regulatory sites|Transcriptomics|Proteomics|Gene regulation	MATLAB|Python|R|C	Not licensed		Free of charge	16		2021	pmid:34500467	spartan_proteomics	https://bio.tools/spartan_proteomics	2022-01-28	bio.tools		
alggen	ALGGEN	Provides web tools for multiple sequence alignments, clustering, and EST assembly	tfbs-prediction|regulatory-elements	tfbs-prediction	core	http://alggen.lsi.upc.es/							Web application	Transcription factors and regulatory sites|Gene transcripts|Mobile genetic elements|Gene expression|Sequence assembly					15			pmid:14668235	alggen	https://bio.tools/alggen	2024-11-25	bio.tools		
COAC	COAC	Identifies overlapping attribute clusters in single-cell RNA sequencing data to reveal pathobiological implications	grn-inference	grn-inference	core	https://github.com/ChengF-Lab/COAC	https://github.com/ChengF-Lab/COAC	0	2019-01-02	False	C++		Command-line tool	Pharmacogenomics|Biomarkers|Molecular interactions, pathways and networks	C++	MPL-2.0	Mature	Free of charge	15		2019	pmid:30779739	COAC	https://bio.tools/COAC	2020-06-16	bio.tools		
deepcage	DeepCAGE	Predicts chromatin accessibility genome-wide by incorporating transcription factor data	regulatory-elements|nucleosome-chromatin	regulatory-elements	core	https://github.com/kimmo1019/DeepCAGE	https://github.com/kimmo1019/DeepCAGE	8	2021-05-31	False	Python	MIT	Workbench	Transcription factors and regulatory sites|Chromosome conformation capture|Sequencing|Machine learning	Python|Shell	MIT		Free of charge	15		2022	pmid:35293310	deepcage	https://bio.tools/deepcage	2024-11-24	bio.tools		
grenadine	GReNaDIne	Infers gene regulatory networks from gene expression data using a data-driven Python library	grn-inference	grn-inference	core	https://gitlab.com/bf2i/grenadine	https://gitlab.com/bf2i/grenadine						Library	Molecular interactions, pathways and networks|Gene expression|Machine learning|RNA-Seq|Microarray experiment	Python	GPL-3.0		Free of charge	15		2023	pmid:36833196	grenadine	https://bio.tools/grenadine	2024-11-24	bio.tools		
hrm-rna	HRM	Perform differential expression tests for RNASeq at scale with a configurable interface and tunable p-value visualization	grn-inference	grn-inference	core	https://github.com/SD2E/omics_tools	https://github.com/SD2E/omics_tools	2	2021-11-17	False	Python	MIT	Command-line tool	Machine learning|RNA-Seq|Gene expression|Molecular interactions, pathways and networks|Proteomics	Python|Shell	MIT		Free of charge	15			pmid:34570169	hrm-rna	https://bio.tools/hrm-rna	2022-02-28	bio.tools		
ipromoter-seqvec	iPromoter-Seqvec	Identifies promoters using bidirectional long short-term memory and sequence-embedded features	regulatory-elements	regulatory-elements	core	http://124.197.54.240:5001	https://github.com/mldlproject/2022-iPromoter-Seqvec	4	2023-06-27	False	Python		Web application	Transcription factors and regulatory sites|Gene transcripts|Machine learning|Model organisms|Sequencing	Python	Not licensed		Free of charge	15		2022	pmid:36192696	ipromoter-seqvec	https://bio.tools/ipromoter-seqvec	2024-11-24	bio.tools		
medusa_motif	MEDUSA	Learn motif models of transcription factor binding sites from promoter sequence and gene expression data	motif-discovery|tfbs-prediction	motif-discovery	core	http://cbio.mskcc.org/leslielab/software/medusa							Command-line tool	Gene expression|Transcription factors and regulatory sites|Genetics|DNA binding sites	MATLAB				15			pmid:17934055	medusa_motif	https://bio.tools/medusa_motif	2024-11-25	bio.tools		
modulemaster	ModuleMaster	Finds cis-regulatory modules in sets of co-expressed genes	motif-scanning|regulatory-elements	motif-scanning	core	http://www.ra.cs.uni-tuebingen.de/software/ModuleMaster/welcome_e.html							Desktop application	Microarray experiment|Gene expression|Transcription factors and regulatory sites	Java				15			pmid:19819296	modulemaster	https://bio.tools/modulemaster	2024-11-25	bio.tools		
clipseq	nf-core clipseq	A Nextflow pipeline for comprehensive CLIP data analysis including peak calling, sequence trimming, and quality control	peak-calling	peak-calling	core	https://nf-co.re/clipseq	https://github.com/nf-core/clipseq	24	2026-01-15	False	Nextflow	MIT	Workflow	RNA immunoprecipitation|Workflows|Transcription factors and regulatory sites|Protein interactions|ChIP-seq	Groovy|Python	MIT		Free of charge	15		2023	pmid:37829674	clipseq	https://bio.tools/clipseq	2024-11-24	bio.tools		
normr	normr	Robustly normalises and calls differences in ChIP-seq and similar sequencing data	peak-calling	peak-calling	core	http://bioconductor.org/packages/release/bioc/html/normr.html	https://github.com/your-highness/normR	11	2026-05-21	False	R		Command-line tool|Library	ChIP-seq|Sequencing|DNA binding sites	R	GPL-2.0			15			doi:10.1101/082263	normr	https://bio.tools/normr	2018-12-10	bio.tools		
ppgr	PPGR	Provides comprehensive perennial plant genomes and regulation data for database search and gene expression profiling	regulatory-elements|grn-inference	regulatory-elements	core	https://ngdc.cncb.ac.cn/ppgr/							Database portal	Plant biology|Gene regulation|Molecular interactions, pathways and networks|Transcription factors and regulatory sites|Transcriptomics				Free of charge	15		2024	pmid:37933857	ppgr	https://bio.tools/ppgr	2024-11-24	bio.tools		
tfbminer	TFBMiner	Mines transcription factor-based biosensors from genomic data using a command-line interface	grn-inference	grn-inference	core	https://github.com/UoMMIB/TFBMiner	https://github.com/UoMMIB/TFBMiner	4	2023-02-24	False	Python	MIT	Command-line tool	Transcription factors and regulatory sites|Bioengineering|Gene structure|Molecular interactions, pathways and networks|Biomarkers	Python	MIT		Free of charge	15		2023	pmid:37053505	tfbminer	https://bio.tools/tfbminer	2024-11-24	bio.tools		
trawlerweb	TrawlerWeb	Discovers sequence motifs de novo in next-generation sequencing datasets	motif-discovery	motif-discovery	core	https://trawler.erc.monash.edu.au/	https://github.com/Ramialison-Lab-ARMI/Trawler-2.0	1	2017-12-06	False	Perl	GPL-2.0	Command-line tool|Web application	NGS|Nucleic acid sites, features and motifs|Sequence analysis	Java|Perl	GPL-3.0			15		2018	pmid:29621972	trawlerweb	https://bio.tools/trawlerweb	2018-12-10	bio.tools		
C3D	C3D	Predicts 3D genomic interactions between cis-regulatory elements using DNaseI hypersensitivity data	regulatory-elements	regulatory-elements	core	https://github.com/LupienLab/C3D	https://github.com/LupienLab/C3D	0	2018-08-27	False	Shell	GPL-3.0	Command-line tool	Transcription factors and regulatory sites|Sequencing|Epigenomics	R|Bash	GPL-3.0	Mature	Free of charge	14		2019	pmid:30816925	C3D	https://bio.tools/C3D	2024-11-24	bio.tools		
coreatac	CoRE-ATAC	Classifies regulatory elements from single cell and bulk ATAC-seq data using deep learning	regulatory-elements|peak-calling|single-cell	regulatory-elements	core	https://github.com/UcarLab/CoRE-ATAC	https://github.com/UcarLab/CoRE-ATAC	9	2022-03-15	False	Java	MIT	Workbench	Transcription factors and regulatory sites|Gene regulation|Genotype and phenotype|ChIP-seq|Epigenomics	Java|Python	MIT		Free of charge	14		2021	pmid:34898596	coreatac	https://bio.tools/coreatac	2022-06-07	bio.tools		
deepark	DeepArk	Models the regulatory codes of worm, fish, fly, and mouse genomes	grn-inference|regulatory-variants	grn-inference	core	https://DeepArk.princeton.edu	https://github.com/FunctionLab/DeepArk	17	2021-04-06	False	Python	BSD-3-Clause-Clear	Web application	Transcription factors and regulatory sites|Gene regulation|Model organisms|Machine learning|Sequencing	Python	BSD-3-Clause-Clear			14		2021	pmid:33888512	deepark	https://bio.tools/deepark	2024-11-24	bio.tools		
deeplucia	DeepLUCIA	Predicts chromatin loops from genomic and epigenomic profiles using deep learning	regulatory-elements|grn-inference	regulatory-elements	core	https://github.com/bcbl-kaist/DeepLUCIA	https://github.com/bcbl-kaist/DeepLUCIA	3	2021-07-05	False	Python	MIT	Command-line tool	Epigenomics|ChIP-seq|Transcription factors and regulatory sites|Gene regulation|DNA polymorphism	Python|Shell	MIT		Free of charge	14		2022	pmid:35640981	deeplucia	https://bio.tools/deeplucia	2024-11-24	bio.tools		
deepmr	DeepMR	Investigates causal knowledge of genomic deep learning models through modelling and regression analysis	tfbs-prediction|regulatory-variants	tfbs-prediction	extended	https://github.com/an1lam/deepmr	https://github.com/an1lam/deepmr	6	2022-08-06	False	HTML		Command-line tool	Machine learning|Sequencing|Genomics|Genetic variation|Sequence sites, features and motifs	Python	Not licensed		Free of charge	14		2022	pmid:36265006	deepmr	https://bio.tools/deepmr	2024-11-24	bio.tools		
geneci	GENECI	Uses an evolutionary algorithm to determine the optimal ensemble of machine learning techniques for genetic network inference	grn-inference	grn-inference	core	https://github.com/AdrianSeguraOrtiz/GENECI	https://github.com/AdrianSeguraOrtiz/GENECI	52	2026-04-24	False	Java	MIT	Library|Command-line tool	Machine learning|Molecular interactions, pathways and networks|Gene expression|Literature and language	Python|Java|MATLAB|R|Shell	MIT		Free of charge	14		2023	pmid:36803795	geneci	https://bio.tools/geneci	2024-11-24	bio.tools		
imaging-amaretto	Imaging-AMARETTO	Interrogates multiomics networks for relevance to radiography and histopathology imaging biomarkers of clinical outcomes	grn-inference	grn-inference	core	http://portals.broadinstitute.org/pochetlab/amaretto.html	https://github.com/broadinstitute/ImagingAMARETTO	1	2019-11-29	False	R	MIT	Desktop application|Suite	Oncology|Biomarkers|Medical imaging|Molecular interactions, pathways and networks|RNA-Seq	R	MIT			14		2020	pmid:32383980	imaging-amaretto	https://bio.tools/imaging-amaretto	2021-02-03	bio.tools		
iprom-zea	iProm-Zea	Identifies plant promoters and their types using a convolutional neural network	regulatory-elements	regulatory-elements	core	http://nsclbio.jbnu.ac.kr/tools/iProm-Zea/							Web application	Transcription factors and regulatory sites|Machine learning|Plant biology|Bioinformatics				Free of charge	14		2022	pmid:35533969	iprom-zea	https://bio.tools/iprom-zea	2024-11-24	bio.tools		
ncpro-ml	ncPro-ML	Identifies non-coding RNA promoters in multiple species using machine learning	regulatory-elements	regulatory-elements	core	http://www.bio-bigdata.cn/ncPro-ML/							Web application	Functional, regulatory and non-coding RNA|Transcription factors and regulatory sites|Gene regulation|Machine learning					14		2020	pmid:33005306	ncpro-ml	https://bio.tools/ncpro-ml	2021-03-08	bio.tools		
parseq	Parseq	Reconstructs transcription landscapes at basepair resolution from RNA-Seq read counts	regulatory-elements	regulatory-elements	core	http://www.lcqb.upmc.fr/parseq/							Command-line tool	RNA-Seq|Transcriptomics|Statistics and probability	C++				14			pmid:24470570	parseq	https://bio.tools/parseq	2024-11-25	bio.tools		
seesawpred	SeesawPred	Predicts cell-fate determinants in cell differentiation using transcriptomic data	grn-inference	grn-inference	core	http://seesaw.lcsb.uni.lu							Bioinformatics portal	Transcriptomics	R	AGPL-3.0			14		2018	pmid:30190516	seesawpred	https://bio.tools/seesawpred	2024-11-24	bio.tools		
seqcode	SeqCode	Visualises high-throughput sequencing data for ChIP-seq, RNA-Seq, and epigenetics analyses	footprinting|peak-calling	footprinting	core	https://github.com/eblancoga/seqcode	https://github.com/eblancoga/seqcode	21	2022-05-02	False	C	GPL-3.0	Command-line tool	ChIP-seq|RNA-Seq|Epigenetics|Methylated DNA immunoprecipitation|Transcription factors and regulatory sites	C|Perl	GPL-3.0		Free of charge	14		2021	pmid:34599234	seqcode	https://bio.tools/seqcode	2022-03-27	bio.tools		
wto	wTO	Assesses weighted topological overlap to improve fidelity of gene co-expression networks	grn-inference	grn-inference	core	https://github.com/andrevo/DiffCoEx-WTO	https://github.com/andrevo/DiffCoEx-WTO	1	2018-09-26	False	Python		Command-line tool	Gene expression|Evolutionary biology|Molecular interactions, pathways and networks|Zoology	Python|C++				14		2019	pmid:30691386	wto	https://bio.tools/wto	2021-05-21	bio.tools		
bearr	BEARR	Finds pattern matches in sense and anti-sense genomic strands using gene identifiers and position weight matrices	motif-scanning|tfbs-prediction	motif-scanning	core	http://giscompute.gis.a-star.edu.sg/~vega/BEARR1.0/							Web application	Gene expression|Transcription factors and regulatory sites|Molecular interactions, pathways and networks|DNA binding sites|Gene transcripts					13			pmid:15215391	bearr	https://bio.tools/bearr	2024-11-25	bio.tools		
cgrnb	cGRNB	Builds combinatorial gene regulatory networks by integrating seed-matching sequences with gene expression data	grn-inference	grn-inference	extended	https://www.scbit.org/cgrnb/							Web application	Molecular interactions, pathways and networks|Gene expression|Gene regulation					13		2013	pmid:24565134	cgrnb	https://bio.tools/cgrnb	2018-12-10	bio.tools		
expresso	Expresso	Identify transcription factor binding to target genes in plants using ChIP-Seq data	tfbs-prediction|chip-resources	tfbs-prediction	core	http://bioinformatics.cs.vt.edu/expresso/	https://github.com/doaa-altarawy/Expresso	2	2017-03-15	False	PHP	MIT	Web application	ChIP-seq|Transcription factors and regulatory sites|Gene regulation	PHP|Python	MIT			13		2017	doi:10.12688/f1000research.10041.1	expresso	https://bio.tools/expresso	2018-12-10	bio.tools		
fcngru	FCNGRU	Locates transcription factor binding sites using a fully convolutional neural network with gated recurrent unit	tfbs-prediction	tfbs-prediction	core	https://github.com/wangguoguoa/FCNGRU	https://github.com/wangguoguoa/FCNGRU	1	2021-10-06	False	Python		Command-line tool	Transcription factors and regulatory sites|Machine learning|Gene regulation|Microarray experiment	Python	Not licensed		Free of charge	13		2022	pmid:34613923	fcngru	https://bio.tools/fcngru	2022-05-09	bio.tools		
ihmnbs	iHMnBS	Joint deep learning of multiple DNA binding sites identifies modifications on DNA-bound histones	tfbs-prediction|nucleosome-chromatin	tfbs-prediction	core	https://github.com/lennylv/iHMnBS	https://github.com/lennylv/iHMnBS	1	2022-08-05	False	Python		Command-line tool	Epigenetics|Gene expression|DNA binding sites|ChIP-seq|Machine learning	Python	Not licensed		Free of charge	13		2022	pmid:35809058	ihmnbs	https://bio.tools/ihmnbs	2024-11-24	bio.tools		
ImmuneRegulation	ImmuneRegulation	Identifies human immune regulatory elements via a web-based interface	regulatory-elements|regulatory-variants	regulatory-elements	core	https://immuneregulation.mssm.edu	https://github.com/gumuslab-mssm/immuneRegulation	0	2020-09-26	False	JavaScript		Web application	Transcription factors and regulatory sites|GWAS study|Genotype and phenotype	JavaScript	Unlicense	Mature	Free of charge	13		2019	pmid:31114925	ImmuneRegulation	https://bio.tools/ImmuneRegulation	2020-06-16	bio.tools		
iregnet	iRegNet	Integrative regulatory network analysis for Arabidopsis thaliana using ChIP-seq and epigenetics data	peak-calling|grn-inference	peak-calling	core	http://chromatindynamics.snu.ac.kr:8082/iRegNet_main							Web application	Epigenetics|ChIP-seq|Plant biology|Molecular interactions, pathways and networks|Transcription factors and regulatory sites				Free of charge	13		2021	pmid:34618085	iregnet	https://bio.tools/iregnet	2024-11-24	bio.tools		
maresnet	MAResNet	Predicts transcription factor binding sites using multi-scale attention and residual networks	tfbs-prediction	tfbs-prediction	core	http://csbio.njust.edu.cn/bioinf/maresnet/	https://github.com/csbio-njust-edu/maresnet	2	2021-08-12	False	Python	MIT	Web application	Transcription factors and regulatory sites|ChIP-seq|Gene transcripts|Machine learning	Python	MIT		Free of charge	13		2022	pmid:34664074	maresnet	https://bio.tools/maresnet	2022-04-24	bio.tools		
moduledigger	ModuleDigger	Detects cis-regulatory modules using itemset mining on genomic sequences	motif-discovery|regulatory-elements	motif-discovery	core	http://bioinformatics.intec.ugent.be/kmarchal/Supplementary_Information_Sun_2009_ModuleDigger/Index.html							Command-line tool	Nucleic acid sites, features and motifs					13			pmid:19208131	moduledigger	https://bio.tools/moduledigger	2024-11-25	bio.tools		
mustache	Mustache	Detects chromatin loops from Hi-C and Micro-C maps using a scale-space representation	peak-calling	peak-calling	core	https://github.com/ay-lab/mustache	https://github.com/ay-lab/mustache	83	2025-01-24	False	Python	MIT	Command-line tool	Mapping|Transcription factors and regulatory sites|Epigenomics|ChIP-seq|Imaging	Python	MIT			13			doi:10.1101/2020.02.24.963579	mustache	https://bio.tools/mustache	2021-03-02	bio.tools		
polyapeak	PolyaPeak	Ranks ChIP-seq peaks using shape information	peak-calling	peak-calling	core	http://web1.sph.emory.edu/users/hwu30/software/polyaPeak.html							Library	RNA|ChIP-seq	R				13			pmid:24608116	polyapeak	https://bio.tools/polyapeak	2024-11-25	bio.tools		
regcnn	regCNN	Identifies Drosophila cis-regulatory modules by integrating epigenetic marks and TF binding motifs	tfbs-prediction|regulatory-elements	tfbs-prediction	core	http://cobisHSS0.im.nuk.edu.tw/regCNN/							Command-line tool	Epigenetics|Transcription factors and regulatory sites|Zoology|ChIP-on-chip|ChIP-seq	Python			Free of charge	13		2022	pmid:35035784	regcnn	https://bio.tools/regcnn	2022-06-11	bio.tools		
threadna	ThreaDNA	Predicts how DNA mechanics influence protein sequence selectivity across whole genomes	tfbs-prediction|regulatory-variants	tfbs-prediction	extended	http://bioinfo.insa-lyon.fr/prod.php	https://github.com/sammeyer2017/ThreaDNA	1	2017-09-02	False	Python		Command-line tool|Web application	Genomics|Sequence sites, features and motifs|DNA	Python				13		2018	pmid:29444234	threadna	https://bio.tools/threadna	2024-11-25	bio.tools		
cdbprom	CDBProm	Catalogues bacterial promoters for prediction, quantification, and taxonomic classification	regulatory-elements	regulatory-elements	core	https://aw.iimas.unam.mx/cdbprom/	https://github.com/gustavsganzerla/cdbprom	5	2024-01-29	False	Python		Database portal	Transcription factors and regulatory sites|Mapping|Gene regulation|Model organisms|Plant biology	Python			Free of charge	12		2024	pmid:38385146	cdbprom	https://bio.tools/cdbprom	2024-11-24	bio.tools		
celltics	CellTICS	Explainable neural network for cell-type identification and interpretation from single-cell RNA-seq data	grn-inference|single-cell	grn-inference	core	https://github.com/qyyin0516/CellTICS	https://github.com/qyyin0516/CellTICS	7	2026-04-16	False	Python		Command-line tool	Machine learning|Molecular interactions, pathways and networks|Gene expression|RNA-Seq|Cell biology	Python			Free of charge	12		2024	pmid:38061196	celltics	https://bio.tools/celltics	2024-11-24	bio.tools		
cisminer	CisMiner	Predicts cis-regulatory modules genome-wide using fuzzy itemset mining	motif-discovery|regulatory-elements	motif-discovery	core	http://genome.ugr.es:9000/cisminer							Web application	Genomics|Transcription factors and regulatory sites|Nucleic acid sites, features and motifs					12		2014	pmid:25268582	cisminer	https://bio.tools/cisminer	2018-12-11	bio.tools		
corec	CoRec	Profiles cell-specific transcription factor-cofactor complexes from ChIP-seq data	motif-discovery|tfbs-prediction|grn-inference	motif-discovery	core	https://github.com/Siggers-Lab/CoRec	https://github.com/Siggers-Lab/CoRec	0	2024-02-07	False	R	NOASSERTION		Transcription factors and regulatory sites|Epigenetics|Gene regulation|ChIP-seq|Gene transcripts					12			pmid:39166482	corec	https://bio.tools/corec	2026-01-14	bio.tools		
corenup	CORENup	Predicts nucleosome positions using a deep learning model on DNA sequences	nucleosome-chromatin	nucleosome-chromatin	core	https://github.com/DeepLearningForSequence/CORENup-A-Combination-of-Convolutional-and-Recurrent-Deep-Neural-Networks-for-NucleosomePositioning	https://github.com/DeepLearningForSequence/CORENup-A-Combination-of-Convolutional-and-Recurrent-Deep-Neural-Networks-for-NucleosomePositioning	2	2020-06-18	False	Python		Command-line tool	DNA packaging|Machine learning|Epigenetics|Gene expression|Whole genome sequencing					12		2020	pmid:32938377	corenup	https://bio.tools/corenup	2021-02-17	bio.tools		
d-mirt	D-miRT	Integrates and identifies microRNA transcription start sites using a two-stream convolutional neural network	grn-inference|nucleosome-chromatin	grn-inference	core	http://hulab.ucf.edu/research/projects/DmiRT/							Command-line tool	Functional, regulatory and non-coding RNA|Machine learning|RNA-Seq|Epigenetics|Gene regulation	Python				12			pmid:33707582	d-mirt	https://bio.tools/d-mirt	2021-08-24	bio.tools		
D3GRN	D3GRN	Infers gene regulatory networks using a data-driven dynamic network construction method	grn-inference	grn-inference	core	https://github.com/chenxofhit/D3GRN	https://github.com/chenxofhit/D3GRN	5	2018-08-31	False	Matlab	MIT		Molecular interactions, pathways and networks|Gene expression|Systems biology|Machine learning|Microarray experiment	MATLAB	MIT			12		2019	pmid:31881937	D3GRN	https://bio.tools/D3GRN	2020-12-17	bio.tools		
deepgmap	DeepGMAP	Predicts genotypes and gene regulatory networks from sequencing data using deep learning	grn-inference|regulatory-variants	grn-inference	core	https://github.com/koonimaru/DeepGMAP	https://github.com/koonimaru/DeepGMAP	12	2020-04-20	False	Python	Apache-2.0	Command-line tool	Epigenomics|Genotype and phenotype|Sequencing|Machine learning|Molecular interactions, pathways and networks	Python	Apache-2.0			12		2020	pmid:32701977	deepgmap	https://bio.tools/deepgmap	2021-02-24	bio.tools		
diffbrainnet	DiffBrainNet	Performs differential analyses of genes, networks and brain regions in response to glucocorticoids	grn-inference	grn-inference	core	http://diffbrainnet.psych.mpg.de/app/diffbrainnet							Web application|Script	Molecular interactions, pathways and networks|Transcriptomics|Gene transcripts|GWAS study|RNA-Seq	R	Not licensed		Free of charge	12		2022	pmid:36532379	diffbrainnet	https://bio.tools/diffbrainnet	2024-11-24	bio.tools		
dsac	DSAC	Predicts transcription factor binding sites using a dual-branch network that cooperates local features and global representations	tfbs-prediction	tfbs-prediction	core	https://github.com/YuBinLab-QUST/DSAC/	https://github.com/YuBinLab-QUST/DSAC	6	2023-01-02	False	Python		Script	Transcription factors and regulatory sites|ChIP-seq|Machine learning	Python	Not licensed			12		2023	pmid:36748992	dsac	https://bio.tools/dsac	2024-11-24	bio.tools		
hrtbldb	HRTBLDb	Provides hormone receptor binding loci from ChIP experiments and predicted binding motifs	motif-databases|regulatory-elements|chip-resources	motif-databases	core	http://compbio.uthscsa.edu/hrtbldb/							Database portal	Transcription factors and regulatory sites|DNA binding sites|Nucleic acid sites, features and motifs|Endocrinology and metabolism	PHP|SQL				12			pmid:19773424	hrtbldb	https://bio.tools/hrtbldb	2024-11-25	bio.tools		
iwtomics	IWTomics	Performs Interval-Wise Testing for omics data comparison and analysis	peak-calling|peak-annotation	peak-calling	core	http://bioconductor.org/packages/release/bioc/html/IWTomics.html	https://git.bioconductor.org/packages/IWTomics						Library	Statistics and probability	R	GPL-2.0			12		2018	pmid:29474526	iwtomics	https://bio.tools/iwtomics	2024-11-25	bio.tools		
logicnet	LogicNet	Reconstructs gene regulatory networks using probabilistic continuous logics	grn-inference	grn-inference	core	https://github.com/CompBioIPM/LogicNet	https://github.com/CompBioIPM/LogicNet	1	2020-07-13	False			Library	Molecular interactions, pathways and networks|Gene expression|RNA-Seq					12		2020	pmid:32690031	logicnet	https://bio.tools/logicnet	2021-02-17	bio.tools		
methylationtoactivity	MethylationToActivity	Reveals promoter activity landscapes from DNA methylomes in individual tumors using deep learning	regulatory-elements	regulatory-elements	core	https://platform.stjude.cloud/workflows/methylation-to-activity							Command-line tool	Epigenetics|Transcription factors and regulatory sites|Machine learning|Oncology|Biomarkers					12		2021	pmid:33461601	methylationtoactivity	https://bio.tools/methylationtoactivity	2021-04-11	bio.tools		
mirage	MiRaGE	Infers target gene regulation by miRNA from target gene expression profiles	grn-inference	grn-inference	core	http://bioconductor.org/packages/release/bioc/html/MiRaGE.html							Command-line tool|Library	Gene expression|Gene regulation	R	GPL-3.0			12		2011	pmid:22272132	mirage	https://bio.tools/mirage	2018-12-30	bio.tools		
ModEx	ModEx	Extracts mode of regulation for transcription factor-gene interactions from text	grn-inference	grn-inference	core	https://github.com/samanfrm/modex	https://github.com/samanfrm/modex	3	2019-11-01	False	Python	MIT	Command-line tool	Molecular interactions, pathways and networks|ChIP-seq|Natural language processing|Gene expression|Oncology	Python	MIT			12		2020	pmid:31857203	ModEx	https://bio.tools/ModEx	2020-12-29	bio.tools		
occupeak	OccuPeak	Calls ChIP-seq peaks using internal background modelling	peak-calling	peak-calling	core	http://www.hartfaalcentrum.nl/index.php?main=files&fileName=ManualOccuPeak_V2.pdf&description=Occupeak%20manual&sub=ManualOccuPeak_V2							Library	ChIP-seq|Sequencing|Genomics	MATLAB				12		2014	pmid:24936875	occupeak	https://bio.tools/occupeak	2018-12-10	bio.tools		
ont-cappable-seq	ONT-cappable-seq	Reveals transcriptional architecture of bacteriophages infecting Pseudomonas aeruginosa using long-read microbial transcriptomics	regulatory-elements	regulatory-elements	core	https://github.com/LoGT-KULeuven/ONT-cappable-seq	https://github.com/LoGT-KULeuven/ONT-cappable-seq	1	2025-12-18	False	Python			Transcription factors and regulatory sites|Transcriptomics|Functional, regulatory and non-coding RNA|Gene transcripts|Sequencing					12			pmid:38444699	ont-cappable-seq	https://bio.tools/ont-cappable-seq	2026-01-14	bio.tools		
panda_associations	PAnDA (Protein And DNA Associations)	Predicts direct and indirect transcription factor binding events on DNA	tfbs-prediction	tfbs-prediction	core	http://s.tartaglialab.com/new_submission/panda							Web application	DNA|Transcription factors and regulatory sites|DNA binding sites			Legacy		12			pmid:26089389	panda_associations	https://bio.tools/panda_associations	2024-11-25	bio.tools		
polya-dg	Poly(A)-DG	Identifies cross-species Poly(A) signals using deep-learning-based domain generalization without prior target species knowledge	motif-scanning|comparative	motif-scanning	extended	https://github.com/Szym29/PolyADG	https://github.com/Szym29/PolyADG	4	2023-04-04	False	Python			Gene transcripts|Machine learning|Sequence sites, features and motifs|Protein expression|Endocrinology and metabolism	Python				12		2020	pmid:33151940	polya-dg	https://bio.tools/polya-dg	2021-01-24	bio.tools		
prismexp	PrismEXP	Predicts gene annotations from stratified gene-gene co-expression matrices	grn-inference	grn-inference	core	https://maayanlab.cloud/prismexp	https://github.com/maayanlab/prismexp	10	2025-01-22	False	Python	Apache-2.0	Web application|Library	Machine learning|RNA-Seq|Transcriptomics|Genotype and phenotype|Molecular interactions, pathways and networks	Python	Apache-2.0		Free of charge	12		2023	pmid:36874981	prismexp	https://bio.tools/prismexp	2024-11-24	bio.tools		
prochipdb	proChIPdb	Database portal for prokaryotic ChIP-seq and ChIP-on-chip data on transcription factors and regulatory sites	chip-resources	chip-resources	core	https://prochipdb.org	https://github.com/SBRG/ChIPdb	4	2025-04-21	False	HTML	MIT	Database portal|Web application	ChIP-seq|ChIP-on-chip|Transcription factors and regulatory sites|Model organisms|Literature and language		MIT		Free of charge	12		2022	pmid:34791440	prochipdb	https://bio.tools/prochipdb	2022-04-03	bio.tools		
scamace	scAMACE	Integrates single-cell methylation, chromatin accessibility, and gene expression data for clustering and regression analysis	nucleosome-chromatin|single-cell	nucleosome-chromatin	extended	https://github.com/cuhklinlab/scAMACE_py	https://github.com/cuhklinlab/scAMACE_py	3	2021-05-26	False	Python	MIT	Plug-in	Chromosome conformation capture|Gene expression|Epigenetics	Python|R	MIT		Free of charge	12			pmid:34086847	scamace	https://bio.tools/scamace	2021-10-05	bio.tools		
scanmot	SCANMOT	Searches sequence databases for simultaneous matches to multiple motifs	motif-scanning|motif-comparison	motif-scanning	extended	http://caps.ncbs.res.in/scanmot/scanmot.html							Web application	Sequence analysis|Sequence sites, features and motifs					12			pmid:15980468	scanmot	https://bio.tools/scanmot	2024-11-25	bio.tools		
seme	SEME	Discovers sequence motifs de novo using a probabilistic mixture model and EM algorithm without prior knowledge	motif-discovery	motif-discovery	core	http://biogpu.ddns.comp.nus.edu.sg/~chipseq/SEME/							Command-line tool	DNA|Nucleic acid sites, features and motifs|Machine learning					12			pmid:23461573	seme	https://bio.tools/seme	2024-11-25	bio.tools		
tivan-indel	TIVAN-indel	Annotates and predicts noncoding regulatory small insertions and deletions from genomic data	regulatory-variants	regulatory-variants	core	https://github.com/lichen-lab/TIVAN-indel	https://github.com/lichen-lab/TIVAN-indel	1	2023-01-11	False	Python	BSD-3-Clause	Command-line tool	Epigenomics|Gene regulation|Machine learning|Genotype and phenotype|Exome sequencing	Python|R	BSD-3-Clause		Free of charge	12		2023	pmid:36707993	tivan-indel	https://bio.tools/tivan-indel	2024-11-24	bio.tools		
branenet	BRANENET	Integrates multi-omics data into multilayer heterogeneous networks for analysis	grn-inference	grn-inference	core	https://github.com/Surabhivj/BRANEnet	https://github.com/Surabhivj/BRANEnet	6	2023-12-13	False	Jupyter Notebook		Workbench	Metabolomics|Proteomics|Transcriptomics|RNA-Seq|Epigenomics	Python	CC-BY-4.0		Free of charge	11		2022	pmid:36245002	branenet	https://bio.tools/branenet	2024-11-24	bio.tools		
cfa	CFA	Annotates transcriptional roles of cis-regulatory modules from epigenetic codes using an explainable deep learning model	regulatory-elements	regulatory-elements	core	https://github.com/cobisLab/CFA/	https://github.com/cobisLab/CFA	0	2022-11-29	False		Apache-2.0	Command-line tool|Script	Epigenetics|Transcription factors and regulatory sites|Zoology	Python	Apache-2.0			11		2023	pmid:36502693	cfa	https://bio.tools/cfa	2024-11-24	bio.tools		
clipper-fdr	Clipper	Controls false discovery rate on high-throughput data from two conditions without p-values	peak-calling	peak-calling	core	https://github.com/JSB-UCLA/Clipper/	https://github.com/JSB-UCLA/Clipper	41	2022-07-05	False	R			Proteomics|RNA-Seq|ChIP-seq|Small molecules|Proteomics experiment	R				11			doi:10.1101/2020.11.19.390773	clipper-fdr	https://bio.tools/clipper-fdr	2021-02-12	bio.tools		
coolbox	CoolBox	Flexible toolkit for visual analysis of genomics data	peak-calling	peak-calling	core	https://github.com/GangCaoLab/CoolBox	https://github.com/GangCaoLab/CoolBox	259	2026-06-08	False	Python	GPL-3.0	Suite	Genomics|Imaging|Mapping	Python	GPL-3.0			11			doi:10.1101/2021.04.15.439923	coolbox	https://bio.tools/coolbox	2021-08-23	bio.tools		
CyGenexpi	CyGenexpi	Validates or infers genetic networks from time series expression data as a Cytoscape plugin	grn-inference	grn-inference	core	https://github.com/cas-bioinf/genexpi/wiki/CyGenexpi	https://github.com/cas-bioinf/genexpi	2	2019-02-12	False	HTML	LGPL-3.0	Plug-in	Gene regulation	Java	LGPL-3.0	Emerging	Free of charge	11		2018	pmid:29653518	CyGenexpi	https://bio.tools/CyGenexpi	2024-11-24	bio.tools		
esearch3d	Esearch3D	Propagates gene expression in chromatin networks to identify active enhancers	regulatory-elements|grn-inference	regulatory-elements	core	https://doi.org/10.5281/zenodo.7737123	https://github.com/InfOmics/Esearch3D	4	2023-04-19	False	R	MIT	Desktop application	Transcription factors and regulatory sites|Gene regulation|Gene transcripts|RNA-Seq|Chromosome conformation capture	R	MIT		Free of charge	11		2023	pmid:37021559	esearch3d	https://bio.tools/esearch3d	2024-11-24	bio.tools		
fantabio	fanta.bio	Database providing functional genome annotations of cis-regulatory elements and non-coding RNA	regulatory-elements|chip-resources	regulatory-elements	extended	https://fanta.bio/								Functional, regulatory and non-coding RNA|Transcription factors and regulatory sites|Epigenetics|Genomics|Genotype and phenotype					11			pmid:39592010	fantabio	https://bio.tools/fantabio	2026-01-15	bio.tools		
genome_surveyor	Genome Surveyor	Discovers and analyses cis-regulatory elements and transcription factors in Drosophila via a genome browser	tfbs-prediction|regulatory-elements	tfbs-prediction	core	http://veda.cs.uiuc.edu/gs							Web application	Transcription factors and regulatory sites|Gene expression|Genomics					11			pmid:21593125	genome_surveyor	https://bio.tools/genome_surveyor	2024-11-25	bio.tools		
genosa	GeNOSA	Reconstructs gene regulatory networks from microarray data and connectivity information	grn-inference	grn-inference	extended	http://140.113.239.45/GeNOSA/							Command-line tool	Systems biology|Gene regulation|Microarray experiment|Sequence analysis|Molecular interactions, pathways and networks					11			pmid:25717191	genosa	https://bio.tools/genosa	2024-11-25	bio.tools		
lircentral	LIRcentral	Manually curated online database of experimentally validated functional LIR motifs	motif-scanning|motif-databases	motif-scanning	extended	https://lircentral.eu							Database portal	Sequence sites, features and motifs|Literature and language|Small molecules|Protein interactions|Plant biology		CC-BY-4.0		Free of charge	11		2023	pmid:37530436	lircentral	https://bio.tools/lircentral	2024-11-24	bio.tools		
matrix-clustering	matrix-clustering	Hierarchically clusters similar motifs from position-specific scoring matrices	motif-comparison	motif-comparison	core	http://rsat.eu/							Command-line tool|Web application	Nucleic acid sites, features and motifs|DNA binding sites	R|Perl		Mature	Free of charge	11			doi:10.1101/065565	matrix-clustering	https://bio.tools/matrix-clustering	2020-06-16	bio.tools		
netgenes	NetGenes	Predicts essential genes using features from interaction networks	grn-inference	grn-inference	core	https://rbc-dsai-iitm.github.io/NetGenes/							Database portal|Web application	Molecular interactions, pathways and networks|Machine learning|Model organisms|Genetics|Phylogenetics				Free of charge	11		2021	pmid:34630517	netgenes	https://bio.tools/netgenes	2022-04-10	bio.tools		
nopeak	NoPeak	Discovers sequence motifs in ChIP-Seq data using k-mer analysis without peak calling	motif-discovery	motif-discovery	core	https://github.com/menzel/nopeak	https://github.com/menzel/nopeak	8	2023-05-09	False	Java	GPL-3.0	Command-line tool	ChIP-seq|Sequence sites, features and motifs|Mapping|Gene expression	Java|Python	GPL-3.0			11		2021	pmid:32991679	nopeak	https://bio.tools/nopeak	2021-03-08	bio.tools		
orio	ORIO	Integrates next generation sequencing data via a web-based platform for peak calling and regulatory element prediction	regulatory-elements|peak-calling	regulatory-elements	core	https://orio.niehs.nih.gov/							Web application	Sequencing|Omics|ChIP-seq					11		2017	pmid:28402545	orio	https://bio.tools/orio	2018-12-10	bio.tools		
pfbnet	PFBNet	Infers gene regulatory networks using a prior fused boosting method on gene expression data	grn-inference	grn-inference	core	https://github.com/ddche/PFBNet	https://github.com/ddche/PFBNet	2	2020-06-22	False	Python			Molecular interactions, pathways and networks|Gene expression|Microarray experiment|RNA-Seq|Machine learning	Python				11		2020	pmid:32664870	pfbnet	https://bio.tools/pfbnet	2021-01-23	bio.tools		
profilescoredist	profileScoreDist	Regularizes position count matrices and computes score distributions for sequence motifs	motif-scanning	motif-scanning	extended	http://bioconductor.org/packages/release/bioc/html/profileScoreDist.html							Command-line tool|Library	Sequence sites, features and motifs	R	MIT			11			pmid:27504829	profilescoredist	https://bio.tools/profilescoredist	2024-11-25	bio.tools		
scoit	SCOIT	Extracts latent embeddings from single-cell multiomic data using probabilistic tensor decomposition	single-cell	single-cell	core	https://github.com/deepomicslab/SCOIT	https://github.com/deepomicslab/SCOIT	5	2024-12-12	False	Python	MIT	Workflow	Gene expression|Cell biology|Molecular interactions, pathways and networks|Chromosome conformation capture	Python	MIT		Free of charge	11		2023	pmid:37403780	scoit	https://bio.tools/scoit	2024-11-24	bio.tools		
smfm	SMFM	Identifies and characterizes DNA enhancers genome-wide using a stacked multivariate fusion framework	regulatory-elements	regulatory-elements	extended	https://github.com/no-banana/SMFM-master	https://github.com/no-banana/SMFM-master	1	2022-11-10	False	Python		Script	Transcription factors and regulatory sites|Machine learning|Gene regulation|Gene transcripts|Ontology and terminology	Python	Not licensed		Free of charge	11		2022	pmid:36520922	smfm	https://bio.tools/smfm	2024-11-24	bio.tools		
ternarynet	ternarynet	Estimates ternary gene regulatory networks from perturbation experiments using a Bayesian approach	grn-inference	grn-inference	extended	http://bioconductor.org/packages/release/bioc/html/ternarynet.html							Command-line tool|Library	Cell biology|Gene expression|Statistics and probability	R	GPL-2.0			11		2011	pmid:23089817	ternarynet	https://bio.tools/ternarynet	2019-01-09	bio.tools		
tfebexplorer	TFEBexplorer	Web platform to study genes regulated by the stress-responsive transcription factor TFEB	regulatory-elements|peak-annotation|chip-resources	regulatory-elements	core	http://tfeb.tigem.it								Transcription factors and regulatory sites|Gene regulation|ChIP-seq|Gene transcripts|RNA-Seq					11			pmid:40396031	tfebexplorer	https://bio.tools/tfebexplorer	2026-02-22	bio.tools		
velorama	Velorama	Analyses causal gene regulatory interactions using RNA velocity to reveal slow and fast transcription factor dynamics	grn-inference	grn-inference	extended	https://cb.csail.mit.edu/cb/velorama							Library	Transcription factors and regulatory sites|Functional, regulatory and non-coding RNA|Molecular interactions, pathways and networks|Transcriptomics|RNA-Seq	Python	MIT		Free of charge	11		2024	pmid:38754366	velorama	https://bio.tools/velorama	2024-11-24	bio.tools		
adsn	adsn	Visualise gene-set enrichment and cis-regulatory elements in a single-cell brain atlas of Alzheimer's disease	regulatory-elements	regulatory-elements	core	http://adsn.ddnetbio.com							Web application	Pathology|Molecular interactions, pathways and networks|Cell biology		Unlicense	Mature	Free of charge	10			doi:10.1101/628347	adsn	https://bio.tools/adsn	2020-06-16	bio.tools		
asymmetron	Asymmetron	Identifies asymmetry patterns in biological sequences using command-line tools	motif-discovery|motif-scanning|tfbs-prediction|regulatory-elements	motif-discovery	core	https://github.com/Ahituv-lab/Asymmetron	https://github.com/Ahituv-lab/Asymmetron	9	2020-10-12	False	HTML	Apache-2.0	Command-line tool	Transcription factors and regulatory sites|ChIP-seq|Genetic variation|Gene transcripts|Model organisms	Python	Apache-2.0			10		2021	pmid:33211865	asymmetron	https://bio.tools/asymmetron	2024-11-24	bio.tools		
AtacWorks	AtacWorks	Denoises and imputes epigenomic data using a deep convolutional neural network	regulatory-elements|peak-calling	regulatory-elements	core	https://github.com/clara-genomics/AtacWorks	https://github.com/clara-genomics/AtacWorks	136	2023-02-16	False	Jupyter Notebook	NOASSERTION		Machine learning|Epigenomics|Transcription factors and regulatory sites|Workflows|ChIP-seq	Shell|Python				10			doi:10.1101/829481	AtacWorks	https://bio.tools/AtacWorks	2020-12-02	bio.tools		
CIE	Causal Inference Enrichment (CIE)	Performs directional gene set enrichment analysis and infers active transcriptional regulators	grn-inference	grn-inference	core	https://umbibio.math.umb.edu/cie/app	https://github.com/umbibio/CIE-R-Package	7	2023-09-25	False	R			Transcription factors and regulatory sites|RNA-Seq|ChIP-seq|Gene regulation|Genotype and phenotype	R				10		2019	pmid:31701125	CIE	https://bio.tools/CIE	2024-11-24	bio.tools		
chips-seq	CHIPS	Processes ChIP-seq, ATAC-seq, and DNase-seq data for peak calling and quality control	regulatory-elements|peak-calling|peak-annotation	regulatory-elements	core	https://github.com/liulab-dfci/CHIPS	https://github.com/liulab-dfci/CHIPS	21	2021-05-24	False	Python	MIT	Workflow	ChIP-on-chip|ChIP-seq|Gene expression|Workflows|Gene transcripts	Python	MIT			10			doi:10.12688/f1000research.52878.1	chips-seq	https://bio.tools/chips-seq	2021-08-20	bio.tools		
ChIPulate	ChIPulate	Simulates read counts in a ChIP-seq experiment using a Python3 framework	peak-calling	peak-calling	core	https://github.com/vishakad/chipulate	https://github.com/vishakad/chipulate	7	2019-05-17	False	Jupyter Notebook	MIT	Library	ChIP-seq|ChIP-on-chip|Transcription factors and regulatory sites	Python	MIT	Mature	Free of charge	10		2019	pmid:30897079	ChIPulate	https://bio.tools/ChIPulate	2020-06-16	bio.tools		
ggmotif	ggmotif	Extracts and visualizes motifs from MEME software using an R package	motif-discovery|motif-comparison	motif-discovery	extended	https://github.com/lixiang117423/ggmotif	https://github.com/lixiang117423/ggmotif	3	2022-08-08	False	HTML	MIT	Library	Phylogenetics|Sequence sites, features and motifs|Gene expression|DNA|Sequencing	R	MIT		Free of charge	10		2022	pmid:36327240	ggmotif	https://bio.tools/ggmotif	2024-11-24	bio.tools		
hgv_pass	hgv_pass	Detects significant transcription factor binding sites from ChIP data	tfbs-prediction|peak-calling	tfbs-prediction	core	https://github.com/galaxyproject/galaxy/tree/dev/tools	https://github.com/galaxyproject/galaxy	1818	2026-07-24	False	Python	NOASSERTION	Web application	Immunoprecipitation experiment|Transcription factors and regulatory sites|Gene regulation|Data mining			Mature		10		2011	pmid:20823314	hgv_pass	https://bio.tools/hgv_pass	2024-11-25	bio.tools		
icsf	ICSF	Identifies conserved structural features at sequentially degenerate locations in transcription factor binding sites	motif-discovery|motif-scanning	motif-discovery	extended	http://zlab.bu.edu/ICSF/							Command-line tool	Transcription factors and regulatory sites|DNA binding sites|Gene expression	Perl				10		2005	pmid:16362906	icsf	https://bio.tools/icsf	2018-12-10	bio.tools		
iDHS-DMCAC	iDHS-DMCAC	Identifies DNase I hypersensitive sites using balanced dinucleotide-based detrending moving-average cross-correlation coefficient	regulatory-elements|footprinting	regulatory-elements	core	https://github.com/shengli0201/Datasets	https://github.com/shengli0201/Datasets	0	2021-08-21	False			Script	Sequencing|Transcription factors and regulatory sites	MATLAB	Unlicense	Mature	Free of charge	10		2019	pmid:31117818	iDHS-DMCAC	https://bio.tools/iDHS-DMCAC	2020-06-16	bio.tools		
maxhic	MaxHiC	Robustly estimates chromatin interaction frequency in Hi-C and capture Hi-C experiments	peak-calling	peak-calling	core	https://github.com/Rassa-Gvm/MaxHiC	https://github.com/Rassa-Gvm/MaxHiC	1	2020-10-15	False	Python		Command-line tool	DNA polymorphism|Chromosome conformation capture|ChIP-seq|Transcription factors and regulatory sites|GWAS study	Python				10			doi:10.1101/2020.04.23.056226	maxhic	https://bio.tools/maxhic	2021-02-20	bio.tools		
meirlop	MEIRLOP	Improves score-based motif enrichment by incorporating sequence bias covariates	motif-discovery|motif-scanning	motif-discovery	core	https://github.com/npdeloss/meirlop	https://github.com/npdeloss/meirlop	9	2021-06-17	False	HTML	MIT	Command-line tool	ChIP-seq|Transcription factors and regulatory sites|Protein sites, features and motifs|ChIP-on-chip|Gene transcripts		MIT			10		2020	pmid:32938397	meirlop	https://bio.tools/meirlop	2021-02-20	bio.tools		
met	MET	Identifies gene sets sharing a regulatory motif from user-defined gene sets	motif-discovery|motif-scanning|tfbs-prediction	motif-discovery	core	http://veda.cs.uiuc.edu/MET/							Web application	Transcription factors and regulatory sites|Gene expression|Sequencing|ChIP-seq					10			pmid:24860165	met	https://bio.tools/met	2024-11-25	bio.tools		
nxsensor	NXSensor	Finds potential nucleosome-free regions of DNA sequences	nucleosome-chromatin	nucleosome-chromatin	core	http://www.sfu.ca/~ibajic/NXSensor/							Web application	DNA binding sites|Transcription factors and regulatory sites|DNA packaging|Gene regulation|DNA					10		2006	pmid:16845070	nxsensor	https://bio.tools/nxsensor	2018-12-10	bio.tools		
pdgpcs	PDGPCS	Predicts driver genes using gene expression, mutation, and pathway data	grn-inference	grn-inference	core	https://github.com/NWPU-903PR/PDGPCS	https://github.com/NWPU-903PR/PDGPCS	0	2021-06-04	False	MATLAB		Script	Oncology|Personalised medicine|Molecular interactions, pathways and networks|Pathology|Gene expression	MATLAB	Not licensed		Free of charge	10		2022	pmid:35974311	pdgpcs	https://bio.tools/pdgpcs	2024-11-24	bio.tools		
plant_snp_tata_z-tester	Plant_SNP_TATA_Z-tester	Estimates the impact of proximal promoter mutations on plant gene expression via a web service	regulatory-elements|regulatory-variants	regulatory-elements	core	https://www.sysbio.ru/Plant_SNP_TATAdb/							Database portal	Agricultural science|Plant biology|Transcription factors and regulatory sites|Genetic variation				Free of charge	10		2022	pmid:35955817	plant_snp_tata_z-tester	https://bio.tools/plant_snp_tata_z-tester	2024-11-24	bio.tools		
regsnps-asb	regSNPs-ASB	Identifies allele-specific transcription factor binding from ATAC-seq data	tfbs-prediction|regulatory-variants	tfbs-prediction	core	https://github.com/SiwenX/RegSNPs-ASB	https://github.com/SiwenX/RegSNPs-ASB	2	2019-11-07	False	R			Transcription factors and regulatory sites|DNA polymorphism|RNA-Seq|ChIP-seq|RNA splicing					10		2020	pmid:32850739	regsnps-asb	https://bio.tools/regsnps-asb	2021-02-06	bio.tools		
renato	RENATO	Web tool for network-based analysis and visualization of transcriptional and post-transcriptional regulatory information from a gene list	regulatory-elements|grn-inference	regulatory-elements	core	http://renato.bioinfo.cipf.es							Web application	Molecular interactions, pathways and networks|Functional, regulatory and non-coding RNA|Transcription factors and regulatory sites|Gene expression|Gene regulation		Unlicense	Mature	Free of charge	10		2012	pmid:22693210	renato	https://bio.tools/renato	2024-11-24	bio.tools		
sbsa	SBSA	Annotates somatic binding sequences for transcription factors and RNA-binding proteins	tfbs-prediction|regulatory-variants	tfbs-prediction	core	http://innovebioinfo.com/Annotation/SBSA/SBSA.php							Web application	Functional, regulatory and non-coding RNA|Genetic variation|Transcription factors and regulatory sites|Gene transcripts|Genomics				Free of charge	10		2022	pmid:34606615	sbsa	https://bio.tools/sbsa	2022-03-29	bio.tools		
scatacpipe	scATACpipe	A pipeline for comprehensive and reproducible analyses of single cell ATAC-seq data	peak-calling|single-cell	peak-calling	core	https://github.com/hukai916/scATACpipe	https://github.com/hukai916/scATACpipe	26	2024-10-23	False	R	MIT	Command-line tool	Workflows|Chromosome conformation capture|Transcription factors and regulatory sites|Model organisms|Plant biology	R|Python	MIT		Free of charge	10		2022	pmid:36238687	scatacpipe	https://bio.tools/scatacpipe	2024-11-24	bio.tools		
spikchip	spikChIP	Normalizes ChIP-seq data with spike-in using multiple alternative correction methods	peak-calling	peak-calling	core	https://github.com/eblancoga/spikChIP	https://github.com/eblancoga/spikChIP	4	2025-05-09	False	Perl	GPL-3.0	Command-line tool	ChIP-seq|ChIP-on-chip|Epigenetics|Protein modifications|RNA-Seq	Perl	GPL-3.0		Free of charge	10			pmid:34327329	spikchip	https://bio.tools/spikchip	2021-11-20	bio.tools		
srna_workflow	sRNA workflow	Analyses plant sRNA sequencing data for differential expression, classification, and regulatory element prediction	regulatory-elements	regulatory-elements	core	https://github.com/forestbiotech-lab/sRNA-workflow	https://github.com/forestbiotech-lab/sRNA-workflow	4	2023-05-29	False	Shell	GPL-3.0	Command-line tool	Gene regulation|Nucleic acids	Java|Perl				10			pmid:28686301	srna_workflow	https://bio.tools/srna_workflow	2024-11-25	bio.tools		
tftg	TFTG: A Comprehensive Database for Human Transcription Factors and Their Targets	Integrates ChIP-seq, RNA-seq, motifs, and experimental data on human transcription factors and their target genes	motif-databases|chip-resources	motif-databases	extended	http://tf.liclab.net/TFTG								Transcription factors and regulatory sites|Epigenetics|Functional, regulatory and non-coding RNA|RNA-Seq|Gene regulation					10			pmid:38707542	tftg	https://bio.tools/tftg	2026-01-14	bio.tools		
transmodis	TransModis	Identifies TF binding sites by integrating sequence motifs with gene expression or ChIP-binding data	motif-discovery|tfbs-prediction	motif-discovery	extended	http://wanglab.ucsd.edu/star/download.php							Command-line tool	ChiP|Gene expression	Perl				10		2008	pmid:18350157	transmodis	https://bio.tools/transmodis	2024-11-25	bio.tools		
wintf	WINTF	Predicts gene regulatory and protein interactions using weighted imputed neighborhood-regularized tri-factorization	tfbs-prediction|grn-inference	tfbs-prediction	core	https://github.com/XieResearchGroup/WINTF	https://github.com/XieResearchGroup/WINTF	0	2021-06-05	False	MATLAB	MIT		Transcription factors and regulatory sites|Protein interactions|Gene regulation|Machine learning	MATLAB				10		2021	pmid:31995498	wintf	https://bio.tools/wintf	2021-03-18	bio.tools		
yeastract_plus	Yeastract+	Predicts and visualizes gene regulation across yeast species using comparative genomics and orthologous regulatory associations	grn-inference|comparative	grn-inference	core	http://yeastract-plus.org/							Database portal	Model organisms|Transcription factors and regulatory sites|Gene regulation|Biotechnology|Molecular interactions, pathways and networks				Free of charge	10		2021	pmid:34427650	yeastract_plus	https://bio.tools/yeastract_plus	2022-02-07	bio.tools		
atlas-modeling	Atlas	Converts genome graphs and gene regulatory, interaction, and metabolic networks into dynamic models using rule-based languages	grn-inference	grn-inference	core	https://github.com/networkbiolab/atlas	https://github.com/networkbiolab/atlas	0	2023-08-24	False	Jupyter Notebook	GPL-3.0		Molecular interactions, pathways and networks|Transcription factors and regulatory sites|Gene regulation|Endocrinology and metabolism|Gene transcripts	Python				9		2020	pmid:33367504	atlas-modeling	https://bio.tools/atlas-modeling	2024-11-24	bio.tools		
aurea	AUREA	Identifies relative expression molecular signatures from gene expression data using machine learning	motif-discovery|motif-scanning	motif-discovery	extended	https://hood-price.systemsbiology.org/research/aurea/							Library	Machine learning|Gene expression|Genetics	Python				9		2013	pmid:23496976	aurea	https://bio.tools/aurea	2018-12-10	bio.tools		
bioword	BioWord	Edit biological sequences inside Microsoft Word 2007 and 2010	motif-discovery	motif-discovery	core	http://erilllab.umbc.edu/bioword-2/							Desktop application	DNA|Nucleic acid structure analysis|Sequence analysis	Visual Basic				9			pmid:22676326	bioword	https://bio.tools/bioword	2024-11-25	bio.tools		
crocs	CROCS	Detects peaks in over-dispersed ChIP-seq data using supervised segmentation models	peak-calling	peak-calling	core	https://github.com/aLiehrmann/CROCS	https://github.com/aLiehrmann/CROCS	4	2021-04-18	False	R	GPL-3.0	Library	ChIP-seq|Epigenetics|Machine learning|Statistics and probability	R	GPL-3.0			9		2021	pmid:34126932	crocs	https://bio.tools/crocs	2021-10-28	bio.tools		
domino_web-server	DOMINO	Identifies active modules from gene expression and interaction data via a web-server	grn-inference	grn-inference	core	http://domino.cs.tau.ac.il	https://github.com/Shamir-Lab/domino_web	1	2023-07-07	False	HTML		Web application	Gene expression|GWAS study|Molecular interactions, pathways and networks				Free of charge	9		2022	pmid:35139202	domino_web-server	https://bio.tools/domino_web-server	2022-05-12	bio.tools		
epixplorer	EPIXplorer	Predicts, analyses and visualises enhancer-promoter interactions via a web server	regulatory-elements	regulatory-elements	core	https://www.csuligroup.com/EPIXplorer							Web application	Transcription factors and regulatory sites|DNA polymorphism|GWAS study|Chromosome conformation capture|Epigenomics		Not licensed			9		2022	pmid:35639508	epixplorer	https://bio.tools/epixplorer	2024-11-24	bio.tools		
fxr	FXR	Meta-analyses and consolidates FXR ChIP-seq data across species and conditions	peak-calling|chip-resources	peak-calling	core	https://fxratlas.tugraz.at							Web application	ChIP-seq|Molecular interactions, pathways and networks|Endocrinology and metabolism|Small molecules|Transcription factors and regulatory sites		Not licensed		Free of charge	9		2021	pmid:34558825	fxr	https://bio.tools/fxr	2022-03-02	bio.tools		
grnular	GRNUlar	Reconstructs gene regulatory networks from single-cell RNA-seq data using an unrolled algorithm	grn-inference	grn-inference	extended	https://github.com/Harshs27/GRNUlar	https://github.com/Harshs27/GRNUlar	6	2025-08-12	False	Python	NOASSERTION	Command-line tool	Molecular interactions, pathways and networks|RNA-Seq|Machine learning|Transcription factors and regulatory sites	Python	MIT			9			doi:10.1101/2020.04.23.058149	grnular	https://bio.tools/grnular	2021-01-25	bio.tools		
intomics_framework	IntOMICS	Integrates gene expression, copy number variation, DNA methylation, and prior knowledge to infer regulatory networks using Bayesian networks	grn-inference	grn-inference	core	https://gitlab.ics.muni.cz/bias/intomics							Script	Molecular interactions, pathways and networks|Epigenetics|DNA polymorphism|Gene expression|Copy number variation	R	Not licensed			9		2022	pmid:35996085	intomics_framework	https://bio.tools/intomics_framework	2024-11-24	bio.tools		
iprom_phage	iProm-phage	Identifies phage promoters and their types using a two-layer convolutional neural network	regulatory-elements	regulatory-elements	core	http://nsclbio.jbnu.ac.kr/tools/iProm-phage/							Web application	Machine learning|Transcription factors and regulatory sites|Bioinformatics		Other		Free of charge	9		2022	pmid:36406389	iprom_phage	https://bio.tools/iprom_phage	2024-11-24	bio.tools		
medea	MEDEA	Analyses transcription factor binding motifs in accessible chromatin	motif-discovery|motif-scanning|footprinting	motif-discovery	core	https://github.com/BulykLab/MEDEA	https://github.com/BulykLab/MEDEA	5	2020-05-27	False	Python	MIT	Command-line tool|Library	Sequencing|Transcription factors and regulatory sites|Chromosome conformation capture|Genotype and phenotype|Epigenetics	Python|R	MIT			9		2020	pmid:32424069	medea	https://bio.tools/medea	2021-02-20	bio.tools		
moccs	MOCCS	Clarifies DNA-binding motif ambiguity from ChIP-seq data	motif-discovery|tfbs-prediction	motif-discovery	core	https://github.com/yuifu/moccs	https://github.com/yuifu/moccs	4	2019-06-14	False	Perl	MIT	Command-line tool	ChIP-seq|DNA binding sites|DNA	R|Perl				9			pmid:26971251	moccs	https://bio.tools/moccs	2024-11-25	bio.tools		
motif_scraper	Motif scraper	Find matches to degenerate sequence motifs in FASTA files	motif-scanning	motif-scanning	extended	https://github.com/RobersonLab/motif_scraper	https://github.com/RobersonLab/motif_scraper	13	2024-03-11	False	Python	MIT	Command-line tool	Sequence analysis|Nucleic acid sites, features and motifs|Sequencing	Python	MIT			9		2018	pmid:29850891	motif_scraper	https://bio.tools/motif_scraper	2024-11-25	bio.tools		
MPRAnator	MPRAnator	Designs massively parallel reporter assay experiments via a web interface	regulatory-variants	regulatory-variants	core	https://www.sanger.ac.uk/science/tools/mpranator	https://github.com/hemberg-lab/MPRAnator	1	2015-12-27	False	Python		Command-line tool|Web application	DNA polymorphism|Transcription factors and regulatory sites|Microarray experiment	JavaScript|Perl|Python	MIT	Mature	Free of charge	9		2017	pmid:27605100	MPRAnator	https://bio.tools/MPRAnator	2024-11-24	bio.tools		
nbbc	NBBC	Explores non-B DNA burden in cancer through query, motif recognition, and visualisation	motif-scanning|regulatory-variants	motif-scanning	extended	https://kowalski-labapps.dellmed.utexas.edu/NBBC/							Web application	Oncology|Sequence sites, features and motifs|DNA|Gene expression|Genetic variation				Free of charge	9		2023	pmid:37224529	nbbc	https://bio.tools/nbbc	2024-11-24	bio.tools		
phyloscan	Phyloscan	Locates transcription regulating binding sites by exploiting evolutionary conservation and repeats in promoter regions	motif-discovery|motif-scanning|regulatory-elements|footprinting	motif-discovery	core	http://bayesweb.wadsworth.org/phyloscan/							Web application	Transcription factors and regulatory sites|Gene expression|DNA binding sites|Nucleic acid sites, features and motifs|Protein binding sites					9			pmid:20435683	phyloscan	https://bio.tools/phyloscan	2024-11-25	bio.tools		
RHPCG	RHPCG	Explores regulation of the Hippo pathway in cancer genomes through expression and network analysis	regulatory-elements|grn-inference	regulatory-elements	extended	http://www.medsysbio.org/RHPCG								Functional, regulatory and non-coding RNA|Molecular interactions, pathways and networks|Oncology|Gene transcripts|Epigenomics					9		2019	pmid:31848596	RHPCG	https://bio.tools/RHPCG	2020-12-13	bio.tools		
sciope	Sciope	Scalable machine learning-assisted model exploration and inference for biological networks	grn-inference	grn-inference	core	https://github.com/Sciope/Sciope	https://github.com/Sciope/Sciope	16	2023-05-15	False	Python	NOASSERTION		Molecular interactions, pathways and networks|Machine learning|Bioinformatics	Python				9		2021	pmid:32706854	sciope	https://bio.tools/sciope	2024-11-24	bio.tools		
sclink	scLink	Infers sparse gene co-expression networks from single-cell expression data	grn-inference	grn-inference	core	https://github.com/Vivianstats/scLink	https://github.com/Vivianstats/scLink	29	2022-08-05	False	R			Gene expression|Epigenetics|RNA-Seq|Pathology|Molecular interactions, pathways and networks	R				9			doi:10.1101/2020.09.19.304956	sclink	https://bio.tools/sclink	2021-02-13	bio.tools		
scregclust	scregclust	Reconstructs cellular regulatory programs from single-cell RNA sequencing data	grn-inference	grn-inference	core	https://github.com/scmethods/scregclust	https://github.com/scmethods/scregclust	14	2026-05-03	False	R	GPL-3.0		Pharmacology|Oncology|Transcription factors and regulatory sites|Gene regulation|Genotype and phenotype	R				9			pmid:39516198	scregclust	https://bio.tools/scregclust	2026-01-15	bio.tools		
siamprom	SiamProm	Recognises cyanobacteria promoters using Siamese network-based contrastive learning with phantom sampling	regulatory-elements	regulatory-elements	core	https://github.com/Passion4ever/SiamProm	https://github.com/Passion4ever/SiamProm	30	2026-04-04	False	Python	MIT		Transcription factors and regulatory sites|Machine learning|Mathematics					9			pmid:38701419	siamprom	https://bio.tools/siamprom	2026-01-14	bio.tools		
stackepi	StackEPI	Identifies cell line-specific enhancer-promoter interactions using stacking ensemble learning	regulatory-elements	regulatory-elements	core	https://github.com/20032303092/StackEPI.git	https://github.com/20032303092/StackEPI	0	2022-05-20	False	Python		Script	Machine learning|Transcription factors and regulatory sites|Cell biology|Chromosome conformation capture|Epigenomics	Python|R	Not licensed		Free of charge	9		2022	pmid:35820811	stackepi	https://bio.tools/stackepi	2024-11-24	bio.tools		
tfbscluster	TFBScluster	Identifies clusters of transcription factor binding sites conserved in mammalian and mouse genomes	motif-scanning|comparative	motif-scanning	core	http://hscl.cimr.cam.ac.uk/TFBScluster_genome_portal.html							Web application	Transcription factors and regulatory sites|Gene expression|Nucleic acid sites, features and motifs|DNA binding sites|Gene transcripts					9			pmid:16845063	tfbscluster	https://bio.tools/tfbscluster	2024-11-25	bio.tools		
triform	triform	Finds enriched regions in transcription factor ChIP-seq data using an R package	peak-calling	peak-calling	core	http://bioconductor.org/packages/release/bioc/html/triform.html							Command-line tool|Library	Transcription factors and regulatory sites|ChIP-seq	R	GPL-2.0			9		2012	pmid:22827163	triform	https://bio.tools/triform	2019-01-09	bio.tools		
unpairreg	UnpairReg	Integrates single-cell multi-omics data by regression analysis on unpaired observations	regulatory-elements|single-cell	regulatory-elements	core	https://github.com/Durenlab/UnpairReg	https://github.com/Durenlab/UnpairReg	4	2023-02-08	False	R		Command-line tool	Chromosome conformation capture|Gene expression|Cell biology|RNA-Seq|Mapping	R	Not licensed		Free of charge	9		2022	pmid:35854350	unpairreg	https://bio.tools/unpairreg	2024-11-24	bio.tools		
vivarium-collective	Vivarium Collective	Registers open-source simulation modules for the Vivarium ecosystem	grn-inference	grn-inference	core	https://vivarium-collective.github.io/							Workbench	Physics|Statistics and probability|Computational biology	Python	MIT			9			doi:10.1101/2021.04.27.441657	vivarium-collective	https://bio.tools/vivarium-collective	2022-01-02	bio.tools		
bayesmd	BayesMD	Flexible Bayesian model for motif discovery using motif, background and alignment modules	motif-discovery	motif-discovery	core	http://bayesmd.binf.ku.dk/							Command-line tool|Library	Sequence analysis					8		2008	pmid:19040368	bayesmd	https://bio.tools/bayesmd	2024-11-25	bio.tools		
binquasi	BinQuasi	Detects peaks in ChIP-sequencing data with biological replicates	peak-calling	peak-calling	core	https://cran.r-project.org/web/packages/BinQuasi/index.html	https://github.com/emilygoren/BinQuasi	0	2018-07-27	False			Library	ChIP-seq|DNA replication and recombination|Sequencing	R	GPL-2.0			8		2018	pmid:29684098	binquasi	https://bio.tools/binquasi	2024-11-25	bio.tools		
cagefightr	CAGEfightR	Performs common CAGE data analysis tasks including peak detection, normalisation, and visualisation	regulatory-elements|peak-calling|peak-annotation	regulatory-elements	extended	http://bioconductor.org/packages/release/bioc/html/CAGEfightR.html	https://github.com/MalteThodberg/CAGEfightR	10	2026-03-19	False	R	GPL-3.0	Library	Gene expression|Gene regulation|Sequencing|Transcriptomics	R	GPL-3.0			8			doi:10.1101/310623	cagefightr	https://bio.tools/cagefightr	2018-12-10	bio.tools		
cancer_crc	Cancer CRC	A comprehensive database of human core regulatory circuitry for enrichment analysis, gene expression profiling, and peak calling	regulatory-elements|chip-resources	regulatory-elements	core	http://bio.liclab.net/Cancer_crc/index.html							Bioinformatics portal|Database portal	Oncology|Transcription factors and regulatory sites|ChIP-seq|Chromosome conformation capture|Molecular interactions, pathways and networks				Free of charge	8		2021	pmid:34712617	cancer_crc	https://bio.tools/cancer_crc	2022-04-02	bio.tools		
cenhancer	CenhANCER	Comprehensive database of cancer enhancers from primary tissues and cell lines	regulatory-elements|chip-resources	regulatory-elements	core	http://cenhancer.chenzxlab.cn/							Database portal	Oncology|Transcription factors and regulatory sites|ChIP-seq|DNA polymorphism|Epigenomics				Free of charge	8		2023	pmid:37207350	cenhancer	https://bio.tools/cenhancer	2024-11-24	bio.tools		
cheap	ChEAP	Processes raw ChIP-exo sequencing reads through trimming, alignment, and visualization	motif-discovery|peak-calling	motif-discovery	core	https://github.com/SBML-Kimlab/ChEAP	https://github.com/SBML-Kimlab/ChEAP	0	2024-10-08	False	Jupyter Notebook		Workflow	ChIP-seq|ChIP-on-chip|Protein interactions|Workflows|Exome sequencing	Python	Not licensed		Free of charge	8		2023	pmid:36544470	cheap	https://bio.tools/cheap	2024-11-24	bio.tools		
diniro	DiNiro	Reconstructs and identifies transcriptional gene regulatory network modules from single-cell clusters	grn-inference|single-cell	grn-inference	extended	https://exbio.wzw.tum.de/diniro/	https://gitlab.com/mhanedd/diniro						Web application	Molecular interactions, pathways and networks|Gene expression|RNA-Seq|Epigenetics|Pathology				Free of charge	8		2023	pmid:36879901	diniro	https://bio.tools/diniro	2024-11-24	bio.tools		
DROPA	DROPA	Annotates DRIP-seq peaks using gene expression information for fine gene annotation	peak-annotation	peak-annotation	core	https://github.com/marcrusso/DROPA	https://github.com/marcrusso/DROPA	5	2024-03-26	False	Python	MIT	Command-line tool	Sequencing|Gene expression|Gene transcripts	R|Python	MIT			8		2019	pmid:31387525	DROPA	https://bio.tools/DROPA	2020-12-22	bio.tools		
grand-database	GRAND	Explore gene regulatory networks from human tissues, cancer, cell lines, and drugs	grn-inference	grn-inference	core	https://grand.networkmedicine.org	https://github.com/QuackenbushLab/grand	6	2025-10-23	False	JavaScript		Web application	Functional, regulatory and non-coding RNA|Molecular interactions, pathways and networks|Transcription factors and regulatory sites|Oncology|Transcriptomics	JavaScript|Python				8			doi:10.1101/2021.06.18.448997	grand-database	https://bio.tools/grand-database	2021-11-08	bio.tools		
hgetgi	HGETGI	Predicts interactions between transcription factors and target genes using heterogeneous graph embedding	grn-inference	grn-inference	core	https://github.com/PGTSING/HGETGI	https://github.com/PGTSING/HGETGI	4	2022-02-12	False	Python		Workbench	Gene expression|Pathology|Gene transcripts|ChIP-seq|Molecular interactions, pathways and networks	Python	Not licensed		Free of charge	8		2022	pmid:35266510	hgetgi	https://bio.tools/hgetgi	2024-11-24	bio.tools		
hTFtarget	hTFtarget	Predicts human transcription factor targets and regulatory elements from ChIP-seq data	tfbs-prediction|chip-resources	tfbs-prediction	core	http://bioinfo.life.hust.edu.cn/hTFtarget							Web application	Transcription factors and regulatory sites|Functional, regulatory and non-coding RNA|ChIP-seq|Gene regulation|Epigenomics					8			doi:10.1101/843656	hTFtarget	https://bio.tools/hTFtarget	2020-12-10	bio.tools		
idbp-dep	iDBP-DEP	Predicts DNA-binding proteins from sequence using multiple-view features and feature selection	tfbs-prediction	tfbs-prediction	core	https://github.com/Zll-codeside/iDBP-DEP	https://github.com/Zll-codeside/iDBP-DEP	3	2019-12-13	False	Java		Command-line tool|Library	Gene regulation|Proteins|Small molecules|Proteomics					8		2020	pmid:32144887	idbp-dep	https://bio.tools/idbp-dep	2021-02-02	bio.tools		
ischip	isChIP	Simulates ChIP-seq data with superior versatility for peak calling and transcription factor binding site prediction	tfbs-prediction|peak-calling	tfbs-prediction	core	https://github.com/fnaumenko/isChIP	https://github.com/fnaumenko/isChIP	9	2025-03-18	False	C++	GPL-3.0	Command-line tool	ChIP-seq|Transcription factors and regulatory sites|ChIP-on-chip|DNA polymorphism|Probes and primers	C++	GPL-3.0			8		2021	pmid:33320934	ischip	https://bio.tools/ischip	2021-02-11	bio.tools		
mitsu	MITSU	Discovers transcription factor binding site motifs from DNA sequences via command line	motif-discovery	motif-discovery	core	http://sourceforge.net/projects/mitsu-motif/	http://sourceforge.net/projects/mitsu-motif/						Command-line tool	Nucleic acid sites, features and motifs|Transcription factors and regulatory sites|DNA binding sites	Java				8			pmid:24931999	mitsu	https://bio.tools/mitsu	2024-11-25	bio.tools		
motif-raptor	Motif-Raptor	Prioritises causal regulators from GWAS data using cell type-specific transcription factor motifs	motif-scanning|regulatory-variants	motif-scanning	extended	https://github.com/pinellolab/MotifRaptor	https://github.com/pinellolab/MotifRaptor	8	2021-06-04	False	Python	AGPL-3.0	Command-line tool	GWAS study|Transcription factors and regulatory sites|DNA polymorphism|Epigenomics|Genotype and phenotype	Python	AGPL-3.0			8		2021	pmid:33532840	motif-raptor	https://bio.tools/motif-raptor	2024-11-24	bio.tools		
nae	NAE	Evaluates gene regulatory network activity from dynamic expression data using regularized constraint programming	grn-inference	grn-inference	core	https://github.com/zpliulab/NAE	https://github.com/zpliulab/NAE	2	2023-09-25	False	MATLAB	MIT	Script	Functional, regulatory and non-coding RNA|Molecular interactions, pathways and networks|Gene expression|Mathematics	MATLAB	MIT		Free of charge	8		2022	pmid:35976846	nae	https://bio.tools/nae	2022-10-11	bio.tools		
nplb	NPLB	Characterises promoter architectures from genome-wide TSSs without relying on known promoter elements	regulatory-elements	regulatory-elements	core	http://nplb.ncl.res.in/							Web application	DNA|Transcription factors and regulatory sites|Sequence analysis	Python				8			pmid:26530723	nplb	https://bio.tools/nplb	2024-11-25	bio.tools		
pegs	PEGS	Calculates enrichments of gene cluster enrichments from peak data at different genomic distances	peak-annotation	peak-annotation	core	https://pegs.readthedocs.io/en/latest/							Command-line tool	Epigenomics|ChIP-seq|Transcription factors and regulatory sites|RNA-Seq|Gene regulation	Python	Not licensed		Free of charge	8			pmid:34504687	pegs	https://bio.tools/pegs	2022-02-10	bio.tools		
plantfunco	PlantFUNCO	Integrative functional genomics database reveals clues into duplicates divergence evolution	peak-calling|comparative	peak-calling	core	https://rocesv.github.io/PlantFUNCO	https://github.com/RocesV/PlantFUNCO_browser	0	2023-04-11	False	C++		Web application	Epigenomics|Plant biology|Evolutionary biology|Genotype and phenotype|RNA-Seq	C++			Free of charge	8		2024	pmid:38411627	plantfunco	https://bio.tools/plantfunco	2024-06-17	bio.tools		
pol3base	Pol3Base	Decodes the interactome, expression, evolution, epitranscriptome and disease variations of Pol III-transcribed ncRNAs	regulatory-elements	regulatory-elements	core	http://rna.sysu.edu.cn/pol3base/							Web application|Database portal	Functional, regulatory and non-coding RNA|Molecular interactions, pathways and networks|RNA immunoprecipitation|Evolutionary biology|Gene expression				Free of charge	8		2022	pmid:34747466	pol3base	https://bio.tools/pol3base	2022-04-03	bio.tools		
pyspade	pySpade	Analyzes single-cell perturbation data to identify differential gene expression and enhancer regulatory networks in breast cancer	grn-inference|single-cell	grn-inference	core	https://pypi.org/project/pySpade/	https://github.com/Hon-lab/pySpade	8	2025-02-10	False	Python	MIT		Oncology|Transcriptomics|Molecular interactions, pathways and networks|Transcription factors and regulatory sites|Genotype and phenotype	Python				8			pmid:39825430	pyspade	https://bio.tools/pyspade	2026-02-22	bio.tools		
rhizobindingsites	RhizoBindingSites	Database of DNA-binding motifs in nitrogen-fixing bacteria inferred via footprint discovery	motif-discovery|motif-databases|footprinting	motif-discovery	core	http://rhizobindingsites.ccg.unam.mx								Transcription factors and regulatory sites|Plant biology|Gene regulation|Phylogenetics|Sequencing					8		2020	pmid:33250866	rhizobindingsites	https://bio.tools/rhizobindingsites	2021-02-06	bio.tools		
rSeqTU-A	rSeqTU-A	Predicts bacterial transcription units using machine learning on RNA-seq data	regulatory-elements	regulatory-elements	core	https://s18692001.github.io/rSeqTU/	https://github.com/s18692001/rSeqTU	9	2019-04-29	False	R	MIT	Library	Transcriptomics|RNA-seq|Machine learning	R	MIT	Mature	Free of charge	8		2019	pmid:31156694	rSeqTU-A	https://bio.tools/rSeqTU-A	2020-06-16	bio.tools		
tca	TCA	Identifies age-specific gene signatures of the human cerebral cortex by jointly analysing transcriptomes and functional connectomes	grn-inference	grn-inference	core	https://github.com/Soulnature/TCA	https://github.com/Soulnature/TCA	2	2020-09-27	False	R			MRI|Transcriptomics|Psychiatry|Neurobiology|Molecular interactions, pathways and networks	R				8		2021	pmid:33367491	tca	https://bio.tools/tca	2021-02-26	bio.tools		
tfsyntax	TFSyntax	Searches a database of transcription factor binding syntax in mammalian genomes	motif-databases|tfbs-prediction|footprinting	motif-databases	core	https://tfsyntax.zhaopage.com							Database portal	Transcription factors and regulatory sites|ChIP-seq|Transcriptomics|Model organisms|RNA-Seq				Free of charge	8		2023	pmid:36200824	tfsyntax	https://bio.tools/tfsyntax	2024-11-24	bio.tools		
tlsea	TLSEA	Performs lncRNA set enrichment analysis using multi-source heterogeneous information fusion	grn-inference	grn-inference	core	http://www.lirmed.com:5003/tlsea							Desktop application	Functional, regulatory and non-coding RNA|Molecular interactions, pathways and networks|Pathology|Gene expression|Oncology				Free of charge	8		2023	pmid:37205123	tlsea	https://bio.tools/tlsea	2024-11-24	bio.tools		
TOBIAS	TOBIAS	Predicts transcription factor binding kinetics from ATAC-seq footprinting data	tfbs-prediction|footprinting	tfbs-prediction	core	https://github.com/loosolab/TOBIAS	https://github.com/loosolab/TOBIAS	251	2026-06-09	False	Python	MIT		Transcription factors and regulatory sites|Gene transcripts|ChIP-seq|RNA-Seq|Mapping	Python	MIT			8			doi:10.1101/869560	TOBIAS	https://bio.tools/TOBIAS	2021-01-16	bio.tools		Differential ATAC-seq footprinting between conditions
web-mcot	Web-MCOT	Searches for motif co-occurrence in ChIP-seq data via a web server	motif-discovery|motif-scanning|tfbs-prediction	motif-discovery	core	https://webmcot.sysbio.cytogen.ru/	https://github.com/academiq/mcot-kernel	0	2024-09-20	False	C	GPL-3.0	Web application	ChIP-seq|Sequence sites, features and motifs|Protein structural motifs and surfaces	C			Free of charge	8		2022	pmid:36012247	web-mcot	https://bio.tools/web-mcot	2024-11-24	bio.tools		
x-cnn	X-CNN	Fine-maps chromatin interactions from Hi-C data using ChIP-seq or DNase signals	peak-calling	peak-calling	core	https://github.com/ernstlab/X-CNN	https://github.com/ernstlab/X-CNN	7	2020-02-21	False	Python	MIT	Script	ChIP-seq|Transcription factors and regulatory sites|Machine learning|Epigenetics	Python	MIT			8		2020	pmid:31742318	x-cnn	https://bio.tools/x-cnn	2024-11-24	bio.tools		
yodel	YODEL	Calls peaks from HITS-CLIP data	peak-calling	peak-calling	core	https://github.com/LancePalmerStJude/YODEL/	https://github.com/LancePalmerStJude/YODEL	1	2017-06-28	False	Python	GPL-3.0	Script	Immunoprecipitation experiment	Python	GPL-3.0			8			doi:10.12688/f1000research.11861.1	yodel	https://bio.tools/yodel	2018-12-10	bio.tools		
augusta	Augusta	Infers Gene Regulatory Networks and Boolean Networks from RNA-Seq gene expression data	grn-inference	grn-inference	core	http://augusta.readthedocs.io	https://github.com/WanluLiuLab/CRISPRTE	1	2023-03-27	False	Python		Library	Molecular interactions, pathways and networks|Transcription factors and regulatory sites|RNA-Seq|Gene regulation|Model organisms	Python			Free of charge	7		2024	pmid:38312198	augusta	https://bio.tools/augusta	2024-05-23	bio.tools		
bardic	BaRDIC	Robustly calls peaks in RNA-DNA interaction data	peak-calling	peak-calling	core	https://github.com/dmitrymyl/BaRDIC	https://github.com/dmitrymyl/BaRDIC	2	2024-02-12	False	Python	MIT	Command-line tool	Functional, regulatory and non-coding RNA|Sequencing|Gene transcripts|Protein interactions|Gene expression	Python	MIT			7		2024	pmid:38774512	bardic	https://bio.tools/bardic	2024-11-24	bio.tools		
biomaster	BioMaster	Integrated database and analytic platform for comprehensive BioBrick part information	motif-databases|tfbs-prediction|regulatory-elements	motif-databases	core	http://www.biomaster-uestc.cn							Bioinformatics portal	Synthetic biology|Transcription factors and regulatory sites|Biological databases|Molecular interactions, pathways and networks					7		2021	pmid:33552037	biomaster	https://bio.tools/biomaster	2021-03-19	bio.tools		
causaldag	CausalDAG	Creates, manipulates, and learns causal directed acyclic graphs from molecular interaction data	grn-inference	grn-inference	core	http://uhlerlab.github.io/causaldag	https://github.com/uhlerlab/causaldag	162	2023-04-12	False	JavaScript	NOASSERTION	Script	Molecular interactions, pathways and networks|RNA-Seq|Gene regulation|Machine learning	Python	BSD-3-Clause			7			doi:10.1101/2020.05.13.093765	causaldag	https://bio.tools/causaldag	2021-03-11	bio.tools		
cellrouter	CellRouter	Infers stem cell fate decisions from single-cell transcriptomics data using trajectory algorithms	grn-inference|single-cell	grn-inference	core	https://github.com/edroaldo/cellrouter	https://github.com/edroaldo/cellrouter	46	2018-12-14	False	R		Command-line tool	Transcriptomics|Cell biology|Molecular interactions, pathways and networks|Genotype and phenotype|RNA-Seq|Rare diseases	R				7		2019	pmid:31062311	cellrouter	https://bio.tools/cellrouter	2021-05-13	bio.tools		
charid	CharID	Predicts OCR-mediated loops using a neural network and ensemble learning model	grn-inference|regulatory-variants	grn-inference	core	https://github.com/Yin-Shen/CharID	https://github.com/Yin-Shen/CharID	1	2021-11-26	False	Python		Web application|Database portal	Chromosome conformation capture|Machine learning|Transcription factors and regulatory sites|ChIP-seq|DNA polymorphism	Python|Shell			Free of charge	7		2022	pmid:35077535	charid	https://bio.tools/charid	2022-06-10	bio.tools		
chipmunk	ChIPMunk	Discovers DNA motifs in ChIP-seq data using a greedy heuristic with bootstrapping	motif-discovery	motif-discovery	core	http://autosome.ru/ChIPMunk/							Web application	ChIP-seq|Sequence sites, features and motifs	Java		Mature		7		2009	pmid:20067172	chipmunk	https://bio.tools/chipmunk	2024-11-24	bio.tools		
dinamo	DiNAMO	Detects over-represented IUPAC motifs in a set of DNA sequences using an exhaustive algorithm	motif-discovery	motif-discovery	core	https://github.com/bonsai-team/DiNAMO	https://github.com/bonsai-team/DiNAMO	5	2018-06-13	False	C++	AGPL-3.0	Command-line tool|Library	Sequence sites, features and motifs|DNA-Seq|ChIP-seq	C++	GPL-3.0			7		2018	pmid:29890948	dinamo	https://bio.tools/dinamo	2024-11-25	bio.tools		
dpprom	DPProm	Predicts promoters and their types on phage genomes using a two-layer model	regulatory-elements	regulatory-elements	core	http://bioinfo.ahu.edu.cn/DPProm							Web application	Transcription factors and regulatory sites|Gene regulation|Workflows|Machine learning|Gene transcripts		Other			7		2022	pmid:35867364	dpprom	https://bio.tools/dpprom	2024-11-24	bio.tools		
epicarousel	EpiCarousel	Identifies metacells in large-scale single-cell chromatin accessibility data with memory and time efficiency	single-cell	single-cell	extended	https://github.com/biox-nku/epicarousel	https://github.com/biox-nku/epicarousel	5	2024-03-07	False	Python	MIT		Single-cell sequencing|Chromosome conformation capture|Epigenetics|Proteomics experiment	Python				7			pmid:38588573	epicarousel	https://bio.tools/epicarousel	2026-01-14	bio.tools		
findit2	FindIT2	Identifies influential transcription factors and targets from multi-omics data	peak-calling|peak-annotation|grn-inference	peak-calling	core	https://bioconductor.org/packages/devel/bioc/html/FindIT2.html	https://github.com/shangguandong1996/FindIT2_paper_relatedCode	1	2021-09-22	False	R		Library	ChIP-seq|RNA-Seq|Transcription factors and regulatory sites|Gene regulation|Chromosome conformation capture	R	Artistic-2.0		Free of charge	7		2022	pmid:35392802	findit2	https://bio.tools/findit2	2024-11-24	bio.tools		
greg	GREG	Studies transcriptional regulation using integrative graph databases	grn-inference|regulatory-variants	grn-inference	core	https://mora-lab.github.io/projects/greg.html	https://github.com/mora-lab/GREG	1	2019-12-05	False	R		Web application	Functional, regulatory and non-coding RNA|Gene regulation|Transcription factors and regulatory sites|Molecular interactions, pathways and networks|DNA polymorphism	R|Python				7		2020	pmid:32055858	greg	https://bio.tools/greg	2021-01-25	bio.tools		
grelu	gReLU	Framework for DNA sequence modeling and design, enabling pipelines from preprocessing to regulatory element design	tfbs-prediction|regulatory-elements|regulatory-variants	tfbs-prediction	core	https://genentech.github.io/gReLU/								Machine learning|DNA|Sequencing|Workflows|Gene expression					7			pmid:41094274	grelu	https://bio.tools/grelu	2026-02-22	bio.tools		
manorm_2	MAnorm_2	Quantitatively compares groups of ChIP-seq samples for differential binding analysis	peak-calling|peak-annotation	peak-calling	core	https://pypi.org/project/MAnorm2-utils	https://github.com/tushiqi/MAnorm2_utils	8	2019-04-02	False	Python	GPL-3.0	Library	ChIP-seq|Gene expression|Model organisms|Epigenetics|Microarray experiment	Python	GPL-3.0			7			doi:10.1101/2020.01.07.896894	manorm_2	https://bio.tools/manorm_2	2021-02-19	bio.tools		
imotifbreakr	motifbreakR	Scans genetic variants against position weight matrices to predict disrupted transcription factor binding sites	motif-scanning|regulatory-variants	motif-scanning	core	https://bioconductor.org/packages/release/bioc/html/motifbreakR.html	https://github.com/Simon-Coetzee/motifbreakR	35	2026-05-20	False	R			Transcription factors and regulatory sites|ChIP-seq|Genetic variation|Epigenomics	R	GPL-2.0			7			pmid:39474623	imotifbreakr	https://bio.tools/imotifbreakr	2026-01-15	bio.tools		
netzoo	netZoo	Corrects persistent batch effects in correlation networks for gene expression data	grn-inference	grn-inference	core	https://netzoo.github.io								Molecular interactions, pathways and networks|Gene expression|RNA-Seq	R|Python				7			pmid:39226186	netzoo	https://bio.tools/netzoo	2026-01-15	bio.tools		
nimce	NIMCE	Infers gene regulatory networks from time-series data using multi time delays causal entropy	grn-inference	grn-inference	core	https://github.com/CSUBioGroup/NIMCE	https://github.com/CSUBioGroup/NIMCE	1	2019-08-01	False	MATLAB		Script	Molecular interactions, pathways and networks|Gene expression|Oncology|Cell biology	MATLAB				7			pmid:33035155	nimce	https://bio.tools/nimce	2021-03-08	bio.tools		
osconet	OscoNet	Infers oscillatory gene networks from RNA-Seq or microarray data	grn-inference	grn-inference	core	https://github.com/alexisboukouvalas/OscoNet	https://github.com/alexisboukouvalas/OscoNet	2	2023-03-25	False	Jupyter Notebook	MIT	Command-line tool	Gene transcripts|RNA-Seq|Cell biology|Gene expression|Microarray experiment	R|Python	MIT			7		2020	pmid:32838730	osconet	https://bio.tools/osconet	2021-03-15	bio.tools		
perturbnet	PerturbNet	Learns gene networks underlying clinical phenotypes using SNP perturbation data	grn-inference|regulatory-variants	grn-inference	core	https://github.com/SeyoungKimLab/PerturbNet	https://github.com/SeyoungKimLab/PerturbNet	1	2021-10-17	False	C++	GPL-3.0		Genotype and phenotype|DNA polymorphism|Molecular interactions, pathways and networks|Gene expression|GWAS study	C++|Fortran	GPL-3.0			7		2020	pmid:33095769	perturbnet	https://bio.tools/perturbnet	2021-01-23	bio.tools		
ppml	PPML	Predicts allelic phenotypes of phenylketonuria using machine learning on genetic variation data	regulatory-variants	regulatory-variants	core	http://www.bioinfogenetics.info/PPML/							Web service	Genotype and phenotype|Machine learning|Genetic variation	Python			Free of charge	7		2023	pmid:37004080	ppml	https://bio.tools/ppml	2024-11-24	bio.tools		
precise	Precise	Predicts regulatory cis-acting elements from DNA sequences	regulatory-elements	regulatory-elements	core	http://www.wageningenur.nl/en/show/PRECISE-Prediction-of-REgulatory-CISacting-Elements.htm							Desktop application	Sequence analysis|DNA|Transcription factors and regulatory sites					7			pmid:16135709	precise	https://bio.tools/precise	2024-11-25	bio.tools		
probc	PROBC	Jointly models epigenome and transcriptome effects in 3D genome data	tfbs-prediction|peak-calling	tfbs-prediction	core	http://www.github.com/seferlab/probc	https://github.com/seferlab/probc						Script	Epigenomics|Epistasis|Transcription factors and regulatory sites|Transcriptomics|ChIP-seq	Python	Not licensed		Free of charge	7		2022	pmid:35397520	probc	https://bio.tools/probc	2024-11-24	bio.tools		
RACS	RACS	Rapidly analyses ChIP-Seq data for contig-based genomes	peak-calling	peak-calling	core	https://gitrepos.scinet.utoronto.ca/public/?a=summary&p=RACS	https://bitbucket.org/mjponce/RACS							ChIP-seq|Computer science|ChIP-on-chip|Model organisms|RNA-Seq					7		2019	pmid:31664892	RACS	https://bio.tools/RACS	2021-01-07	bio.tools		
recognicer	RECOGNICER	Identifies multi-scale broad peaks from ChIP-seq data	peak-calling	peak-calling	core	https://github.com/zanglab/recognicer	https://github.com/zanglab/recognicer	3	2020-11-21	False	Python	BSD-2-Clause	Library	ChIP-seq|Epigenetics|Model organisms|Gene expression	Python|Shell	BSD-2-Clause		Free of charge	7		2020	pmid:34327037	recognicer	https://bio.tools/recognicer	2021-11-21	bio.tools		
seatac	SeATAC	Explores the chromatin landscape and role of pioneer factors using dot plots, peak calling, and nucleosome position prediction	regulatory-elements|peak-calling|nucleosome-chromatin	regulatory-elements	core	https://github.com/gongx030/seatac	https://github.com/gongx030/seatac	9	2023-04-05	False	R	GPL-3.0	Library	Chromosome conformation capture|ChIP-seq|Transcription factors and regulatory sites|DNA packaging|RNA-Seq	R	GPL-3.0		Free of charge	7		2023	pmid:37218013	seatac	https://bio.tools/seatac	2024-11-24	bio.tools		
semanticbi	SemanticBI	Quantifies transcription factor-DNA binding intensities from protein binding microarray data	tfbs-prediction	tfbs-prediction	core	http://qianglab.scst.suda.edu.cn/semantic/							Web application	Gene expression|Microarray experiment|Machine learning|DNA binding sites|Proteomics					7		2021	pmid:33571101	semanticbi	https://bio.tools/semanticbi	2021-04-08	bio.tools		
seqsite	SeqSite	Identifies and pinpoints transcription factor binding sites in ChIP-seq data	peak-calling	peak-calling	core	http://bioinfo.au.tsinghua.edu.cn/software/seqsite/							Command-line tool	ChIP-seq	C++|C	GPL-3.0	Mature		7			pmid:22784574	seqsite	https://bio.tools/seqsite	2024-11-25	bio.tools		
specvar	SpecVar	Identifies phenotype-relevant tissues by analysing heritability enrichment in context-specific regulatory networks	grn-inference|regulatory-variants	grn-inference	core	https://github.com/AMSSwanglab/SpecVar	https://github.com/AMSSwanglab/SpecVar	7	2023-05-08	False	Shell	GPL-3.0	Command-line tool	GWAS study|DNA polymorphism|Epigenomics|Genotype and phenotype|Molecular interactions, pathways and networks	Python|Shell	GPL-3.0		Free of charge	7		2022	pmid:36525361	specvar	https://bio.tools/specvar	2024-11-24	bio.tools		
trviz	TRviz	Decomposes and visualizes tandem repeat sequences using a Python library	motif-scanning	motif-scanning	extended	https://github.com/Jong-hun-Park/trviz	https://github.com/Jong-hun-Park/trviz	11	2026-05-26	False	Python	BSD-3-Clause	Library	DNA polymorphism|Sequence composition, complexity and repeats|Sequence sites, features and motifs	Python	BSD-3-Clause		Free of charge	7		2023	pmid:37168281	trviz	https://bio.tools/trviz	2024-11-24	bio.tools		
unibind	UniBind	Maps direct transcription factor-DNA interactions across species	motif-databases|tfbs-prediction|chip-resources	motif-databases	core	https://unibind.uio.no/	https://bitbucket.org/CBGR/unibind_enrichment/							Transcription factors and regulatory sites|ChIP-seq|Mapping|Epigenetics|Gene transcripts	R				7			doi:10.1101/2020.11.17.384578	unibind	https://bio.tools/unibind	2024-11-24	bio.tools		TFBS predictions restricted to ChIP-seq-supported, high-confidence sites
adaliftover	AdaLiftOver	Identifies orthologous regulatory elements using adaptive liftOver on genomic data	regulatory-elements|comparative	regulatory-elements	extended	https://github.com/keleslab/AdaLiftOver	https://github.com/keleslab/AdaLiftOver	1	2023-04-03	False	R	GPL-3.0	Library	Epigenomics|DNA polymorphism|GWAS study|Sequencing|Model organisms	R	GPL-3.0		Free of charge	6		2023	pmid:37004197	adaliftover	https://bio.tools/adaliftover	2024-11-24	bio.tools		
autophagynet	AutophagyNet	Provides high-resolution data for analysing autophagy and its regulation	tfbs-prediction|grn-inference	tfbs-prediction	core	http://autophagynet.org	https://github.com/korcsmarosgroup/AutophagyNetDB	0	2023-03-13	False	Python		Web service	Functional, regulatory and non-coding RNA|Transcription factors and regulatory sites|Molecular interactions, pathways and networks|Proteomics|Protein modifications	Python			Free of charge	6		2024	pmid:37589496	autophagynet	https://bio.tools/autophagynet	2024-11-24	bio.tools		
bicorn	BICORN	Infers context-specific cis-regulatory modules from transcription factor binding and gene expression data	regulatory-elements|grn-inference	regulatory-elements	core	https://cran.r-project.org/package=BICORN							Library	Transcription factors and regulatory sites|Gene regulation|Molecular interactions, pathways and networks|Gene transcripts|RNA-Seq	R	GPL-2.0			6		2020	pmid:32409786	bicorn	https://bio.tools/bicorn	2021-02-03	bio.tools		
BINDER	BINDER	Infers prokaryotic gene regulatory networks by integrating coexpression and comparative genomics	grn-inference	grn-inference	core	http://github.com/ptrcksn/BINDER	https://github.com/ptrcksn/BINDER	0	2019-09-12	False	R	GPL-3.0		Molecular interactions, pathways and networks|Gene regulation|Transcription factors and regulatory sites	R	GPL-3.0			6		2019	pmid:31500560	BINDER	https://bio.tools/BINDER	2020-12-05	bio.tools		
bionero	BioNERO	Comprehensive biological network reconstruction and analysis from gene expression data	grn-inference	grn-inference	core	http://bioconductor.org/packages/BioNERO	https://github.com/almeidasilvaf/BioNERO	38	2025-09-15	False	R		Library	Molecular interactions, pathways and networks|Gene expression|Workflows	R	GPL-3.0			6			doi:10.1101/2021.04.10.439287	bionero	https://bio.tools/bionero	2021-08-18	bio.tools		
blamm	BLAMM	Finds Position Weight Matrix occurrences in DNA sequences using BLAS acceleration	motif-scanning	motif-scanning	extended	https://github.com/biointec/blamm	https://github.com/biointec/blamm	6	2021-09-10	False	C++	GPL-3.0	Command-line tool	Computer science|Sequence sites, features and motifs|Pure mathematics	C++	GPL-3.0			6		2020	pmid:32164557	blamm	https://bio.tools/blamm	2021-02-04	bio.tools		
ccnetviz	ccNetViz	Visualises large network graphs using WebGL in JavaScript	grn-inference	grn-inference	core	http://helikarlab.github.io/ccNetViz/	https://github.com/HelikarLab/ccNetViz	94	2023-10-27	False	JavaScript		Library	Molecular interactions, pathways and networks|Zoology|Mathematics	JavaScript				6		2020	pmid:32516383	ccnetviz	https://bio.tools/ccnetviz	2021-02-09	bio.tools		
chipanalyser	ChIPanalyser	Produces ChIP-seq like profiles using a statistical thermodynamic framework	peak-calling|chip-resources	peak-calling	extended	http://bioconductor.org/packages/release/bioc/html/ChIPanalyser.html	https://git.bioconductor.org/packages/ChIPanalyser						Library	ChIP-seq|ChIP-on-chip|Sequencing|Gene expression	R	GPL-3.0			6		2020	pmid:33304457	chipanalyser	https://bio.tools/chipanalyser	2021-02-11	bio.tools		
ciscross	CisCross	Analyses potential upstream transcription factor regulators for Arabidopsis thaliana genes via a web service	motif-discovery|motif-scanning|tfbs-prediction|grn-inference	motif-discovery	core	https://plamorph.sysbio.ru/ciscross/							Web application	Transcription factors and regulatory sites|RNA-Seq|Gene regulation|Plant biology|ChIP-seq		Not licensed			6		2022	pmid:36061801	ciscross	https://bio.tools/ciscross	2024-11-24	bio.tools		
cobolt	Cobolt	Models multi-omic single-cell sequencing datasets for expression profiling and clustering	single-cell	single-cell	core	https://github.com/boyinggong/cobolt	https://github.com/boyinggong/cobolt	26	2025-01-17	False	Python	GPL-3.0	Library	Chromosome conformation capture|Statistics and probability|Cell biology|RNA-Seq|Gene expression	Python	MIT			6			doi:10.1101/2021.04.03.438329	cobolt	https://bio.tools/cobolt	2021-08-23	bio.tools		
ComHub	ComHub	Predicts hubs in gene regulatory networks using community-based methods	grn-inference	grn-inference	core	https://gitlab.com/Gustafsson-lab/comhub	https://gitlab.com/Gustafsson-lab/comhub						Library	Molecular interactions, pathways and networks|Gene expression|Small molecules|Gene transcripts	Python|MATLAB				6			doi:10.1101/840959	ComHub	https://bio.tools/ComHub	2021-01-14	bio.tools		
crispr-gem	CRISPR-GEM	Predicts downstream effects of CRISPR editing by constructing a synthetic gene regulatory network	grn-inference	grn-inference	core	https://github.com/jog822/CRISPR-GEM.git	https://github.com/jog822/CRISPR-GEM	1	2025-10-18	False	Jupyter Notebook			Machine learning|Molecular interactions, pathways and networks|Transcription factors and regulatory sites|Genotype and phenotype|Transcriptomics					6			pmid:39375864	crispr-gem	https://bio.tools/crispr-gem	2026-01-15	bio.tools		
dbInDel	dbInDel	Catalogues enhancer-associated insertion and deletion variants from H3K27ac ChIP-Seq data	chip-resources|regulatory-variants	chip-resources	core	http://enhancer-indel.cam-su.org/							Database portal	GWAS study|Epigenomics|ChIP-seq|Transcription factors and regulatory sites|Oncology					6		2020	pmid:31603498	dbInDel	https://bio.tools/dbInDel	2020-12-17	bio.tools		
deeptss	DeepTSS	Predicts single-nucleotide transcription start sites from CAGE data using deep learning and genomic features	regulatory-elements	regulatory-elements	core	https://github.com/DianaLaboratory/DeepTSS	https://github.com/DianaLaboratory/DeepTSS	2	2022-12-14	False	Python	MIT	Script|Command-line tool	Transcription factors and regulatory sites|Machine learning|Gene transcripts|ChIP-seq|Epigenomics	Python	MIT		Free of charge	6		2022	pmid:36510136	deeptss	https://bio.tools/deeptss	2024-11-24	bio.tools		
dreg-pathway	dREG	Detects regulatory DNA sequences from GRO-seq data using a web application and R package	regulatory-elements|peak-calling	regulatory-elements	core	https://dREG.dnasequence.org/							Web application|Library	Computer science|Transcription factors and regulatory sites|Model organisms	R			Free of charge	6		2018	pmid:31598610	dreg-pathway	https://bio.tools/dreg-pathway	2021-01-09	bio.tools		
epicompare_r	EpiCompare	Compare and quality control epigenomic peak files using R	peak-calling|peak-annotation|chip-resources	peak-calling	core	https://neurogenomics.github.io/EpiCompare	https://github.com/neurogenomics/EpiCompare	19	2026-05-11	False	HTML		Library	Epigenomics|Sequencing|Gene expression	R	GPL-3.0		Free of charge	6		2023	pmid:37250110	epicompare_r	https://bio.tools/epicompare_r	2023-12-20	bio.tools		
epiconv	epiConv	Clusters scATAC-seq data and corrects batch effects	single-cell	single-cell	core	https://github.com/LiLin-biosoft/epiConv	https://github.com/LiLin-biosoft/epiConv	0	2021-11-25	False	R	MIT	Library	Transcriptomics|RNA-Seq|Cell biology|Immunoprecipitation experiment|Epigenetics	R	MIT		Free of charge	6		2022	pmid:35906531	epiconv	https://bio.tools/epiconv	2024-11-24	bio.tools		
erna-ido	eRNA-IDO	Identifies human enhancer RNAs, discovers their interactome, and annotates their functions	regulatory-elements|grn-inference	regulatory-elements	core	http://bioinfo.szbl.ac.cn/eRNA_IDO/								Molecular interactions, pathways and networks|Transcriptomics|Functional, regulatory and non-coding RNA|Gene regulation|Transcription factors and regulatory sites					6			pmid:39178387	erna-ido	https://bio.tools/erna-ido	2026-01-14	bio.tools		
gdesigner	gDesigner	Designs synthetic gRNAs for CRISPRi applications using a Python pipeline	tfbs-prediction|regulatory-elements	tfbs-prediction	core	https://github.com/jmacdona/gDesigner	https://github.com/jmacdona/gDesigner	0	2018-02-13	False	Python		Command-line tool	Transcription factors and regulatory sites|Workflows|Genotype and phenotype|Gene transcripts|Cytometry	Python	GPL-3.0		Free of charge	6		2022	pmid:36114193	gdesigner	https://bio.tools/gdesigner	2024-11-24	bio.tools		
hyperchip	HyperChIP	Calls hypervariable ChIP-seq signals across multiple samples	peak-calling	peak-calling	core	https://github.com/tushiqi/MAnorm2	https://github.com/tushiqi/MAnorm2	33	2022-11-03	False	HTML		Library	ChIP-seq|Epigenetics|Oncology	Python	GPL-3.0			6		2022	pmid:35227282	hyperchip	https://bio.tools/hyperchip	2024-11-24	bio.tools		
icn	ICN	Extracts interconnected communities from gene co-expression networks	grn-inference|nucleosome-chromatin	grn-inference	core	https://figshare.com/articles/software/ICN-package/13229093	https://github.com/qwu1221/ICN	1	2020-12-18	False	HTML		Library	Statistics and probability|Molecular interactions, pathways and networks|RNA-Seq|Oncology|Epigenomics	MATLAB				6		2021	pmid:33508087	icn	https://bio.tools/icn	2024-11-24	bio.tools		
kas_analyzer	KAS-Analyzer	Explores KAS-seq data with peak calling, trimming, PCA, and essential dynamics	peak-calling	peak-calling	core	https://github.com/Ruitulyu/KAS-Analyzer	https://github.com/Ruitulyu/KAS-Analyzer	16	2023-12-05	False	Shell	MIT	Command-line tool	Transcription factors and regulatory sites|Gene transcripts|ChIP-seq|RNA-Seq|Probes and primers	Shell|R	MIT		Free of charge	6		2023	pmid:37745002	kas_analyzer	https://bio.tools/kas_analyzer	2024-11-24	bio.tools		
magma_motif	Magma	Finds whole regulome motifs in eukaryotic genomes with fast, sensitive performance	motif-discovery|tfbs-prediction	motif-discovery	core	http://stormo.wustl.edu/Magma/							Command-line tool	Gene expression|Gene regulation|Molecular interactions, pathways and networks|Sequence sites, features and motifs	C				6			pmid:22300316	magma_motif	https://bio.tools/magma_motif	2024-11-25	bio.tools		
methodical	methodical	Identifies genomic regions where DNA methylation correlates with transcription to reveal regulatory sites	tfbs-prediction|regulatory-elements|nucleosome-chromatin	tfbs-prediction	core	https://bioconductor.org/packages/methodical								Methylated DNA immunoprecipitation|Epigenetics|Transcription factors and regulatory sites|Microarray experiment|Gene transcripts	R	GPL-3.0			6			pmid:41036619	methodical	https://bio.tools/methodical	2026-02-22	bio.tools		
modalyser	MODalyseR	Identifies disease module regulators and reduces modules to the most disease-associated genes	grn-inference	grn-inference	core	https://gustafsson-lab.gitlab.io/MODalyseR/							Desktop application	Pathology|Personalised medicine|Complementary medicine|ChIP-seq|Transcription factors and regulatory sites				Free of charge	6		2022	pmid:36699378	modalyser	https://bio.tools/modalyser	2024-11-24	bio.tools		
panoromics	PanorOmics	Identifies tumor type specific driver genes from massive molecular profiling of cancer patients	grn-inference	grn-inference	core	https://panoromics.irbbarcelona.org								Complementary medicine|Molecular medicine|Pathology|Molecular interactions, pathways and networks|MRI					6		2017	pmid:28453651	panoromics	https://bio.tools/panoromics	2024-11-24	bio.tools		
peakC	peakC	Benchmarks 4C-seq pipelines using real and simulated data for peak calling	peak-calling	peak-calling	core	https://github.com/deWitLab/peakC	https://github.com/deWitLab/peakC	13	2018-05-04	False	HTML		Library	Epigenetics|Workflows	R	GPL-3.0	Mature	Free of charge	6		2019	pmid:31134276	peakC	https://bio.tools/peakC	2024-11-24	bio.tools		
pmsearch	PMSearch	Searches for putative transcription factor binding sites using position weight matrices	motif-scanning|tfbs-prediction	motif-scanning	core	http://mcube.nju.edu.cn/jwang/lab/soft/PMS/home.html							Web application	Transcription factors and regulatory sites|DNA					6			pmid:17597879	pmsearch	https://bio.tools/pmsearch	2024-11-25	bio.tools		
pparg	PPARG	Integrates single-cell and bulk RNA-seq data to analyse myeloid cell regulons and predict immunotherapy response	grn-inference|single-cell	grn-inference	core	https://pparg.online/PPARG/								Oncology|Transcriptomics|Pathology|RNA-Seq|Transcription factors and regulatory sites					6			pmid:38773508	pparg	https://bio.tools/pparg	2026-01-14	bio.tools		
promotercad	PromoterCAD	Design synthetic promoters in plants with altered transcriptional regulation	regulatory-elements	regulatory-elements	extended	http://promotercad.org/							Web application	Transcription factors and regulatory sites|Gene expression|Plant biology|Data mining|DNA					6			pmid:23766287	promotercad	https://bio.tools/promotercad	2024-11-25	bio.tools		
promoterplot	PromoterPlot	Finds similarities between groups of promoters from TransFac search output to simplify transcription factor search results	motif-comparison|regulatory-elements	motif-comparison	core	http://promoterplot.fmi.ch/							Web application	Transcription factors and regulatory sites|Gene expression|Model organisms					6			pmid:15980503	promoterplot	https://bio.tools/promoterplot	2024-11-25	bio.tools		
re-goa	RE-GOA	Performs functional enrichment analysis of non-coding genomic regions using Regulatory Elements Gene Ontology Annotation	regulatory-elements|peak-annotation	regulatory-elements	core	https://github.com/AMSSwanglab/RE-GOA	https://github.com/AMSSwanglab/RE-GOA	5	2021-09-06	False	Python		Command-line tool	Transcription factors and regulatory sites|Ontology and terminology|Gene regulation|Protein interactions|ChIP-seq	Python	Not licensed		Free of charge	6		2022	pmid:35561169	re-goa	https://bio.tools/re-goa	2024-12-18	bio.tools		
sctenifoldnet	scTenifoldNet	Constructs and compares transcriptome-wide gene regulatory networks from single-cell data using machine learning	grn-inference|single-cell	grn-inference	core	https://github.com/cailab-tamu/scTenifoldNet	https://github.com/cailab-tamu/scTenifoldNet	39	2026-07-10	False	R			Molecular interactions, pathways and networks|RNA-Seq|Transcriptomics|Machine learning|Gene regulation	R|Python|MATLAB	GPL-2.0			6			doi:10.1101/2020.02.12.931469	sctenifoldnet	https://bio.tools/sctenifoldnet	2021-02-13	bio.tools		
seqacademy	SeqAcademy	Jupyter notebook-based educational pipeline for RNA-Seq and epigenomic data analysis	tfbs-prediction|peak-calling	tfbs-prediction	core	http://www.seqacademy.org/	https://github.com/NCBI-Hackathons/seqacademy	15	2020-09-15	False	HTML	MIT	Command-line tool|Library	Sequencing|RNA-seq|ChIP-seq|Sequence analysis	R|Python	MIT			6		2018	doi:10.12688/f1000research.14880.1	seqacademy	https://bio.tools/seqacademy	2018-12-10	bio.tools		
simic	SimiC	Infers single-cell gene regulatory networks using similarity constraints	grn-inference|single-cell	grn-inference	extended	https://github.com/jianhao2016/simicLASSO_git	https://github.com/jianhao2016/simicLASSO_git	7	2023-07-06	False	Jupyter Notebook			RNA-Seq|Molecular interactions, pathways and networks|Transcription factors and regulatory sites|Genotype and phenotype|Protein expression	Python|R				6			doi:10.1101/2020.04.03.023002	simic	https://bio.tools/simic	2021-02-18	bio.tools		
timelessflex	TimelessFlex	A flexible framework for investigating chromatin state trajectories using ChIP-seq and ChIP-on-chip data	regulatory-elements|peak-calling|nucleosome-chromatin	regulatory-elements	core	https://github.com/henriettemiko/TimelessFlex	https://github.com/henriettemiko/TimelessFlex	1	2021-01-31	False	Shell	GPL-3.0	Command-line tool|Library	Epigenetics|Transcription factors and regulatory sites|ChIP-seq|ChIP-on-chip|Gene regulation	Shell|R|MATLAB	GPL-3.0			6		2021	pmid:33509077	timelessflex	https://bio.tools/timelessflex	2021-04-23	bio.tools		
timeor	TIMEOR	Uncover temporal regulatory mechanisms from multi-omics data using a web-based tool	grn-inference	grn-inference	core	https://github.com/ashleymaeconard/TIMEOR.git	https://github.com/ashleymaeconard/TIMEOR	18	2022-02-22	False	R	GPL-3.0		Transcription factors and regulatory sites|RNA-Seq|Molecular interactions, pathways and networks|Functional, regulatory and non-coding RNA|ChIP-seq					6			doi:10.1101/2020.09.14.296418	timeor	https://bio.tools/timeor	2021-02-27	bio.tools		
tipr	TIPR	Identifies transcription start sites with high accuracy for multiple spatial distribution patterns along the genome using sequence-based machine learning	regulatory-elements	regulatory-elements	core	http://megraw.cgrb.oregonstate.edu/software/TIPR/							Command-line tool	Data mining|Machine learning|Transcription factors and regulatory sites|DNA|Transcriptomics	Shell|Perl|Python				6			pmid:26254489	tipr	https://bio.tools/tipr	2024-11-25	bio.tools		
universal_TTSs	universal TTSs	Identifies universal Triplex Target Sites DNA regions for enrichment, expression, and peak analysis	motif-discovery|motif-scanning|regulatory-elements	motif-discovery	core	https://github.com/vanya-antonov/universal_tts	https://github.com/vanya-antonov/universal_tts	1	2020-06-12	False	R	GPL-3.0	Script	Functional, regulatory and non-coding RNA|DNA binding sites|Gene transcripts	R|Python	GPL-3.0	Mature	Free of charge	6		2019	pmid:31131080	universal_TTSs	https://bio.tools/universal_TTSs	2020-06-16	bio.tools		
virhostlncr	VirhostlncR	Explore lncRNAs and their targets in viral infections through a comprehensive database	regulatory-elements	regulatory-elements	core	http://ciods.in/VirhostlncR/							Database portal	Functional, regulatory and non-coding RNA|Gene transcripts|Pathology|Gene expression|Structural variation				Free of charge	6		2023	pmid:37572440	virhostlncr	https://bio.tools/virhostlncr	2024-11-24	bio.tools		
vista_enhancer_browser	VISTA Enhancer Browser	Search and browse experimentally validated human and mouse enhancers	regulatory-elements|chip-resources	regulatory-elements	core	https://enhancer.lbl.gov/frnt_page_n.shtml							Web application|Database portal	Data governance|Transcription factors and regulatory sites|Laboratory information management|Rare diseases			Emerging	Free of charge	6		2007	pmid:17130149	vista_enhancer_browser	https://bio.tools/vista_enhancer_browser	2020-06-16	bio.tools		
4accpred	4acCPred	Predicts N4-acetyldeoxycytosine DNA modification from sequences using weakly supervised learning	motif-discovery	motif-discovery	core	http://www.rnamd.org/4accpred							Database portal|Web application	Epigenetics|Machine learning|Gene expression|Sequence sites, features and motifs|Methylated DNA immunoprecipitation		Other		Free of charge	5		2022	pmid:36381577	4accpred	https://bio.tools/4accpred	2024-11-24	bio.tools		
bacpp	BacPP	Predicts promoters in Gram-negative bacterial sequences via a web interface	regulatory-elements	regulatory-elements	core	http://www.bacpp.bioinfoucs.com/home							Web application	Transcription factors and regulatory sites|Microbiology|Sequence analysis					5		2016	pmid:27173187	bacpp	https://bio.tools/bacpp	2018-12-10	bio.tools		
boostdiff	BoostDiff	Infers differential gene regulatory networks using boosted differential trees	grn-inference	grn-inference	core	https://github.com/scibiome/boostdiff_inference	https://github.com/scibiome/boostdiff_inference	13	2024-01-11	False	Jupyter Notebook	GPL-3.0	Library	Molecular interactions, pathways and networks|Gene expression|Pathology|Microarray experiment|RNA-Seq	Python	GPL-3.0		Free of charge	5		2024	pmid:38505804	boostdiff	https://bio.tools/boostdiff	2024-11-24	bio.tools		
cagexplorer	CAGExploreR	Detects and visualises changes in relative transcription from promoter regions in multi-promoter genes	regulatory-elements	regulatory-elements	core	http://fantom.gsc.riken.jp/software/							Library	Gene expression|Genetics|Sample collections	R				5		2014	pmid:24675730	cagexplorer	https://bio.tools/cagexplorer	2024-11-25	bio.tools		
cemig	CEMIG	Predicts cis-regulatory motifs from ATAC-seq data using a de Bruijn graph	motif-discovery|regulatory-elements	motif-discovery	core	https://github.com/OSU-BMBL/CEMIG	https://github.com/OSU-BMBL/CEMIG	1	2023-11-26	False	C++		Workflow	Sequence sites, features and motifs|Chromosome conformation capture|ChIP-seq|Gene expression|RNA-Seq	C++			Free of charge	5		2024	pmid:38189539	cemig	https://bio.tools/cemig	2024-11-24	bio.tools		
interface_cengenorg	CeNGEN	Provides gene expression atlases of C. elegans for expression profiling and regulatory network analysis	grn-inference	grn-inference	core	http://CeNGEN.org								Gene expression|Functional, regulatory and non-coding RNA|Molecular interactions, pathways and networks|RNA-Seq|Zoology					5			doi:10.1101/2025.11.21.689793	interface_cengenorg	https://bio.tools/interface_cengenorg	2026-02-22	bio.tools		
chip-gsm	ChIP-GSM	Infers active transcription factor modules to predict functional regulatory elements from ChIP-seq data	motif-discovery|regulatory-elements|footprinting	motif-discovery	core	https://sourceforge.net/projects/chipgsm/	https://sourceforge.net/projects/chipgsm/						Workbench	Transcription factors and regulatory sites|ChIP-seq|Gene regulation|Tomography|Gene transcripts					5		2021	pmid:34292930	chip-gsm	https://bio.tools/chip-gsm	2021-11-20	bio.tools		
chip-seq-analysis	ChIP-Seq	Estimates population size for quality control of ChIP-Seq datasets	tfbs-prediction|peak-calling	tfbs-prediction	extended	https://ict.biouml.org/bioumlweb/chipseq_analysis.html								ChIP-seq|Transcription factors and regulatory sites|Protein interactions					5		2019	pmid:31465497	chip-seq-analysis	https://bio.tools/chip-seq-analysis	2020-12-11	bio.tools		
combind	ComBind	Models binding specificities of transcription factor pairs using random forests	tfbs-prediction	tfbs-prediction	core	https://github.com/AnniAleksandra/ComBind	https://github.com/AnniAleksandra/ComBind	1	2022-06-12	False	R		Command-line tool	Transcription factors and regulatory sites|ChIP-seq|Protein binding sites	R	Not licensed			5		2022	pmid:35659235	combind	https://bio.tools/combind	2024-11-24	bio.tools		
CSI_NGS_Portal	CSI NGS Portal	Automates NGS data analysis and sharing through an online platform	peak-calling	peak-calling	core	https://csibioinfo.nus.edu.sg/csingsportal							Web application|Workflow|Database portal	Sequencing|RNA immunoprecipitation|Workflows|Data security|Medical informatics	PHP|JavaScript				5			doi:10.20944/PREPRINTS201910.0146.V1	CSI_NGS_Portal	https://bio.tools/CSI_NGS_Portal	2020-12-17	bio.tools		
dataremix	DataRemix	Transforms gene expression data for optimal inference using normalisation and correlation analysis	grn-inference	grn-inference	core	https://github.com/wgmao/DataRemix	https://github.com/wgmao/DataRemix	8	2020-08-01	False	R		Library	Gene expression|Microarray experiment|RNA-Seq|Molecular interactions, pathways and networks|Gene transcripts	R				5		2021	pmid:32821903	dataremix	https://bio.tools/dataremix	2024-11-24	bio.tools		
DIpartite	DIpartite	Detects bipartite motifs in DNA sequences using dinucleotide weight matrices	motif-discovery|tfbs-prediction	motif-discovery	core	https://github.com/Mohammad-Vahed/DIpartite	https://github.com/Mohammad-Vahed/DIpartite	0	2019-06-13	False	C++	GPL-3.0	Command-line tool	Transcription factors and regulatory sites|ChIP-seq	C++	GPL-3.0			5		2019	pmid:31469855	DIpartite	https://bio.tools/DIpartite	2020-12-22	bio.tools		
DRV	DNA Readout Viewer	Visualises sequence-specific DNA-protein interactions with intuitive online display modes	motif-scanning	motif-scanning	extended	https://drv.brc.hu							Web application	Small molecules|Sequence sites, features and motifs|Protein structural motifs and surfaces					5		2020	pmid:31793988	DRV	https://bio.tools/DRV	2024-11-24	bio.tools		
funchip	FunChIP	Preprocesses and smooths ChIP-Seq peaks, then classifies them with k-mean alignment	peak-calling|peak-annotation	peak-calling	core	http://bioconductor.org/packages/release/bioc/html/FunChIP.html							Command-line tool|Library	ChIP-seq	R	Artistic-2.0			5			pmid:28398543	funchip	https://bio.tools/funchip	2024-11-25	bio.tools		
gnet2	GNET2	Constructs gene regulatory networks from transcriptomic data using machine learning	grn-inference	grn-inference	core	https://github.com/jianlin-cheng/GNET2	https://github.com/jianlin-cheng/GNET2	6	2020-10-17	False	R		Library	Molecular interactions, pathways and networks|Transcriptomics|Gene regulation|RNA-Seq|Machine learning	R|C++				5		2021	pmid:33270838	gnet2	https://bio.tools/gnet2	2021-01-25	bio.tools		
GRAM	GRAM	Predicts molecular effects of non-coding variants in a cell-type specific manner	regulatory-variants	regulatory-variants	core	https://github.com/gersteinlab/GRAM	https://github.com/gersteinlab/GRAM	2	2019-05-03	False	R		Command-line tool	Transcription factors and regulatory sites|Epigenetics|ChIP-seq	R|Shell				5		2019	pmid:31469829	GRAM	https://bio.tools/GRAM	2020-12-03	bio.tools		
icr	iCR	Predicts regulatory binding sites using conservation across multiple species	tfbs-prediction|regulatory-elements|footprinting	tfbs-prediction	core	http://210.212.215.199/icr/index.html							Web application	Transcription factors and regulatory sites|Nucleic acid sites, features and motifs|Protein binding sites|DNA binding sites|Sequence sites, features and motifs					5		2006	pmid:16845075	icr	https://bio.tools/icr	2024-11-25	bio.tools		
insistc	INSISTC	Classifies single-cell types by incorporating network structure information into gene regulatory network analysis	grn-inference|single-cell	grn-inference	core	https://hulab.ucf.edu/research/projects/INSISTC/							Command-line tool	Molecular interactions, pathways and networks|Gene regulation|Cell biology	Python	Not licensed		Free of charge	5		2022	pmid:36075505	insistc	https://bio.tools/insistc	2024-11-24	bio.tools		
iprom-sigma54	iProm-Sigma54	Predicts σ54 promoters using a convolutional neural network	regulatory-elements	regulatory-elements	core	http://nsclbio.jbnu.ac.kr/tools/iProm-Sigma54/	https://github.com/Shujaatmalik/iProm-Sigma54	0	2022-11-14	False	Python		Web application	Transcription factors and regulatory sites|Machine learning|Gene transcripts|Bioinformatics	Python			Free of charge	5		2023	pmid:36980170	iprom-sigma54	https://bio.tools/iprom-sigma54	2024-11-24	bio.tools		
kimi	KIMI	Identifies sequence motifs from molecular sequences while controlling the false discovery rate	motif-discovery	motif-discovery	core	https://github.com/xinbaiusc/KIMI	https://github.com/xinbaiusc/KIMI	1	2020-01-24	False	C++		Library	Metagenomics|Sequence sites, features and motifs|Metagenomic sequencing|Sequence assembly	C++|R				5		2021	pmid:33119059	kimi	https://bio.tools/kimi	2024-11-24	bio.tools		
logomotif	LogoMotif	Database of transcription factor binding site profiles for Actinobacteria	motif-databases	motif-databases	core	https://logomotif.bioinformatics.nl	https://github.com/HAugustijn/MiniMotif	8	2024-11-28	False	Python	GPL-3.0	Database portal	Transcription factors and regulatory sites|Molecular interactions, pathways and networks|Gene regulation|Chemistry|Metabolomics	Python	GPL-3.0		Free of charge	5		2024	pmid:38580076	logomotif	https://bio.tools/logomotif	2024-11-24	bio.tools		
miprip	MIPRIP	Models TERT regulation across 19 cancer types using a gene regulatory network approach	grn-inference	grn-inference	core	https://github.com/KoenigLabNM/MIPRIP	https://github.com/KoenigLabNM/MIPRIP	0	2019-11-13	False			Library	Molecular interactions, pathways and networks|Oncology|Gene regulation|Transcription factors and regulatory sites|ChIP-on-chip	R				5		2019	pmid:31888467	miprip	https://bio.tools/miprip	2021-02-24	bio.tools		
monet_R	MoNET	Analyses -omics data through gene regulatory, metabolic, and protein interaction networks	grn-inference	grn-inference	core	https://github.com/JW-Yan/MONET	https://github.com/JW-Yan/MONET	6	2021-10-13	False	R		Library	Metabolomics|Biomarkers|DNA polymorphism|Small molecules|Molecular interactions, pathways and networks	R	GPL-3.0		Free of charge	5		2022	pmid:34694378	monet_R	https://bio.tools/monet_R	2024-11-24	bio.tools		
motifgenie	MotifGenie	Searches transcription factor binding motif sequences in merged ChIP-Seq binding sites	motif-scanning|tfbs-prediction	motif-scanning	core	https://github.com/ceragoguztuzun/MotifGenie	https://github.com/ceragoguztuzun/MotifGenie	11	2021-06-13	False	Python		Command-line tool|Workflow	ChIP-seq|Transcription factors and regulatory sites|ChIP-on-chip|Workflows	Python				5			pmid:33999190	motifgenie	https://bio.tools/motifgenie	2021-10-11	bio.tools		
patscanui	PatScanUI	Interactively search sequence patterns via a web interface to PatScan	motif-discovery|motif-scanning	motif-discovery	core	https://patscan.secondarymetabolites.org							Web application	Data mining|Data visualisation	JavaScript|Python	AGPL-3.0			5		2018	pmid:29722870	patscanui	https://bio.tools/patscanui	2024-11-25	bio.tools		
predrem	PreDREM	Predicts DNA regulatory motifs and motif modules from DNase I hypersensitive sites in human cell and tissue samples	motif-databases	motif-databases	core	http://server.cs.ucf.edu/predrem/							Database portal	Transcription factors and regulatory sites|Protein sites, features and motifs|Protein structural motifs and surfaces					5		2015	pmid:25725063	predrem	https://bio.tools/predrem	2018-12-10	bio.tools		
regenomics	REGENOMICS	Web-based application for plant regeneration-associated transcriptomics analyses	grn-inference	grn-inference	core	http://plantregeneration.snu.ac.kr/regenomics/?species=Ath							Web application	Plant biology|Molecular interactions, pathways and networks|Transcriptomics|RNA-Seq|Epigenomics				Free of charge	5		2022	pmid:35832616	regenomics	https://bio.tools/regenomics	2024-11-24	bio.tools		
robocop	RoboCOP	Integrates nucleotide sequence and chromatin accessibility data to compute genome-wide probabilistic occupancy of nucleosomes and transcription factors	tfbs-prediction|peak-calling|nucleosome-chromatin	tfbs-prediction	core	https://github.com/HarteminkLab/RoboCOP	https://github.com/HarteminkLab/RoboCOP	4	2025-10-20	False	Jupyter Notebook		Library	Epigenomics|Transcription factors and regulatory sites|Sequencing|DNA packaging|ChIP-seq	Python|C|Other	Not licensed		Free of charge	5		2021	pmid:34255854	robocop	https://bio.tools/robocop	2021-11-21	bio.tools		
sci-l3	sci-L3Pipe	Pipeline for single-cell combinatorial indexing with linear amplification to sequence genome conformation, RNA, and chromatin accessibility	single-cell	single-cell	extended	https://github.com/recombinationlab/sciL3Pipe	https://github.com/recombinationlab/sciL3Pipe	1	2026-02-27	False	Python			Single-cell sequencing|Chromosome conformation capture|RNA|Multiomics|ChIP-seq					5			pmid:39997216	sci-l3	https://bio.tools/sci-l3	2026-02-22	bio.tools		
scour	SCOUR	Predicts metabolite-dependent regulatory interactions using a stepwise machine learning framework	grn-inference	grn-inference	core	http://github.com/gtStyLab/SCOUR	https://github.com/gtStyLab/SCOUR	0	2021-06-03	False	MATLAB		Library	Fluxomics|Metabolomics|Machine learning|Molecular interactions, pathways and networks|Small molecules	MATLAB	Not licensed		Free of charge	5		2021	pmid:34238207	scour	https://bio.tools/scour	2021-11-21	bio.tools		
segene	SEgene	Identifies links between super enhancers and gene expression across cell types	regulatory-elements|peak-annotation|grn-inference	regulatory-elements	core	https://github.com/hamamoto-lab/SEgene	https://github.com/hamamoto-lab/SEgene	4	2025-07-25	False	Python	MIT		Oncology|Biomarkers|Gene expression|Immunoprecipitation experiment|Molecular medicine					5			pmid:40389443	segene	https://bio.tools/segene	2026-02-22	bio.tools		
sexannodb	SexAnnoDB	Curates sex-specific regulatory data from multi-omics analyses of human cancers	grn-inference|regulatory-variants	grn-inference	core	https://ccsm.uth.edu/SexAnnoDB/								Multiomics|Oncology|Functional, regulatory and non-coding RNA|Epigenetics|Gene transcripts					5			pmid:39175079	sexannodb	https://bio.tools/sexannodb	2026-01-14	bio.tools		
statepaintr	StatePaintR	Rapidly evaluates chromatin states for custom genome annotations	peak-annotation|nucleosome-chromatin	peak-annotation	core	http://www.statehub.org	https://github.com/Simon-Coetzee/StatePaintR	10	2018-01-08	False	R			Epigenomics|ChIP-seq|Mapping|Model organisms|Public health and epidemiology	R				5			doi:10.12688/F1000RESEARCH.13535.2	statepaintr	https://bio.tools/statepaintr	2021-02-24	bio.tools		
tf_prioritizer	TF-Prioritizer	Prioritizes condition-specific transcription factors from ChIP-seq or ChIP-on-chip data	tfbs-prediction|peak-calling|regulatory-variants	tfbs-prediction	core	https://github.com/biomedbigdata/TF-Prioritizer	https://github.com/biomedbigdata/TF-Prioritizer	14	2024-03-12	False	Java	GPL-3.0	Workflow	Transcription factors and regulatory sites|ChIP-seq|Gene regulation|ChIP-on-chip|Epigenetics	Java|Python	GPL-3.0		Free of charge	5		2023	pmid:37132521	tf_prioritizer	https://bio.tools/tf_prioritizer	2024-11-24	bio.tools		
tREMAP	tREMAP	Predicts target genes of transcription factors using collaborative filtering on regulatory data	grn-inference	grn-inference	core	https://github.com/hansaimlim/REMAP/tree/master/TriFacREMAP	https://github.com/hansaimlim/REMAP	4	2020-08-23	False	MATLAB	NOASSERTION	Script	Protein interactions|Transcription factors and regulatory sites|Small molecules	MATLAB	Unlicense	Mature	Free of charge	5		2018	pmid:31061989	tREMAP	https://bio.tools/tREMAP	2020-06-16	bio.tools		
activetf	activeTF	Finds coordinately activated transcription factors from gene expression data	grn-inference	grn-inference	core	http://hulab.ucf.edu/software							Desktop application	Transcription factors and regulatory sites|Gene expression|Transcription factors and regulatory sites					4			pmid:20060041	activetf	https://bio.tools/activetf	2024-11-25	bio.tools		
agent	AGENT	Explores and analyzes gene regulatory networks in Arabidopsis using sequence motif recognition and network visualisation	motif-discovery|grn-inference	motif-discovery	core	https://bar.utoronto.ca/AGENT							Web application	Molecular interactions, pathways and networks|Plant biology|Transcription factors and regulatory sites|Protein interaction experiment|Gene transcripts					4			doi:10.1101/2021.04.28.441830	agent	https://bio.tools/agent	2021-08-09	bio.tools		
agreg-snpdb-plants	agReg-SNPdb-Plants	Stores SNPs and predicts their impact on transcription factor binding in crop promoter regions	motif-scanning|chip-resources|regulatory-variants	motif-scanning	core	https://azifi.tz.agrar.uni-goettingen.de/agreg-snpdb-plants/							Database portal|Web application	Agricultural science|Transcription factors and regulatory sites|DNA polymorphism|GWAS study|Plant biology		Not licensed			4		2022	pmid:35625412	agreg-snpdb-plants	https://bio.tools/agreg-snpdb-plants	2024-11-24	bio.tools		
ananse	ANANSE	Infers enhancer-based gene regulatory networks and identifies key transcription factors in cell fate determination	tfbs-prediction|regulatory-elements|grn-inference	tfbs-prediction	core	https://github.com/vanheeringen-lab/ANANSE	https://github.com/vanheeringen-lab/ANANSE	93	2026-06-23	False	Python	MIT	Command-line tool	Transcription factors and regulatory sites|Molecular interactions, pathways and networks|Cell biology|ChIP-seq|Gene transcripts	Python	MIT			4			doi:10.1101/2020.06.05.135798	ananse	https://bio.tools/ananse	2021-01-23	bio.tools		
bom	Bag-of-Motifs (BOM)	Predicts cell-type-specific enhancers by representing distal cis-regulatory elements as counts of transcription factor motifs	motif-scanning|regulatory-elements	motif-scanning	core	https://github.com/ewonglab/BOM_package/	https://github.com/ewonglab/BOM_package	5	2025-05-18	False	R	GPL-3.0		Transcription factors and regulatory sites|Gene regulation|Plant biology|ATAC-seq|ChIP-seq					4			pmid:41285795	bom	https://bio.tools/bom	2026-02-22	bio.tools		
chromatinhd	ChromatinHD	Analyzes single-cell ATAC+RNA data to connect chromatin accessibility and gene expression	peak-calling|grn-inference|single-cell	peak-calling	core	https://chromatinhd.org	https://github.com/DeplanckeLab/ChromatinHD	26	2026-01-27	False	Python	MIT		Transcription factors and regulatory sites|Transcriptomics|Gene regulation|Machine learning|Chromosome conformation capture					4			pmid:39747019	chromatinhd	https://bio.tools/chromatinhd	2026-02-22	bio.tools		
cisformer	Cisformer	Generates cross-modality data between gene expression and chromatin accessibility at single-cell resolution	regulatory-elements|single-cell	regulatory-elements	core	https://github.com/wanglabtongji/Cisformer	https://github.com/wanglabtongji/Cisformer	2	2025-08-29	False	Python	MIT		Multiomics|Transcription factors and regulatory sites|Gene regulation|Chromosome conformation capture|Protein expression					4			pmid:41053815	cisformer	https://bio.tools/cisformer	2026-02-22	bio.tools		
atac-seq	Cloud ATAC	Analyses ATAC-seq data from pooled-cell and single-cell populations with peak calling and visualisation	peak-calling|single-cell	peak-calling	core	https://github.com/NIGMS/ATAC-Seq-and-Single-Cell-ATAC-Seq-Analysis	https://github.com/NIGMS/ATAC-Seq-and-Single-Cell-ATAC-Seq-Analysis	10	2025-06-06	False	Jupyter Notebook			Epigenetics|Cybersecurity|Single-cell sequencing|Computer science|Immunoprecipitation experiment					4			pmid:39041910	atac-seq	https://bio.tools/atac-seq	2026-01-14	bio.tools		
cobra	CoBRA	Analyses ChIP/ATAC-seq data with scalable, reproducible workflows for peak calling and normalisation	peak-calling|peak-annotation|chip-resources	peak-calling	core	https://bitbucket.org/cfce/cobra	https://bitbucket.org/cfce/cobra							ChIP-on-chip|ChIP-seq|Workflows|Protein interactions|Chromosome conformation capture					4			doi:10.1101/2020.11.06.367409	cobra	https://bio.tools/cobra	2021-02-13	bio.tools		
cpdseqer	CPDSeqer	Processes, elucidates and quality controls cyclobutane pyrimidine dimer sequencing data	tfbs-prediction|nucleosome-chromatin	tfbs-prediction	core	https://github.com/shengqh/cpdseqer	https://github.com/shengqh/cpdseqer	2	2026-01-09	False	Python	MIT	Script|Command-line tool	Exome sequencing|Oncology|Genomics|RNA-Seq|Transcription factors and regulatory sites	Python|R	MIT			4		2021	pmid:33731963	cpdseqer	https://bio.tools/cpdseqer	2021-08-23	bio.tools		
crinet	Crinet	Infers genome-wide competing endogenous RNA interactions and groups from expression data	grn-inference	grn-inference	core	https://github.com/bozdaglab/crinet	https://github.com/bozdaglab/crinet	3	2021-09-23	False	R	NOASSERTION	Library	Functional, regulatory and non-coding RNA|Gene transcripts|Protein interactions|Gene regulation|Oncology	R	CC-BY-NC-4.0			4			doi:10.1101/2020.06.18.160408	crinet	https://bio.tools/crinet	2021-02-18	bio.tools		
crunch	CRUNCH	Automated pipeline for ChIP-seq data analysis from raw reads to motif analysis	motif-discovery|motif-scanning|peak-calling|peak-annotation	motif-discovery	core	https://crunch.unibas.ch							Web application	Sequence sites, features and motifs|Systems biology|ChIP-seq					4			doi:10.1101/042903	crunch	https://bio.tools/crunch	2018-12-10	bio.tools		
deepnd	DeepND	Analyzes comorbid neurodevelopmental disorders to learn shared and disorder-specific genetic features using multitask learning	grn-inference	grn-inference	core	http://github.com/ciceklab/deepnd	https://github.com/ciceklab/deepnd	13	2022-04-29	False	Python		Script	Gene expression|Machine learning|Neurology|Molecular interactions, pathways and networks|Exome sequencing	Python				4			doi:10.1101/2020.06.13.150201	deepnd	https://bio.tools/deepnd	2021-02-27	bio.tools		
EAT-Rice	EAT-Rice	Predicts flanking gene expression in T-DNA insertion activation-tagged rice mutants using machine learning	regulatory-elements	regulatory-elements	core	http://predictor.nchu.edu.tw/EAT-Rice							Web application	Machine learning|Transcription factors and regulatory sites|Gene transcripts		Unlicense	Mature	Free of charge	4		2019	pmid:31067213	EAT-Rice	https://bio.tools/EAT-Rice	2020-06-16	bio.tools		
exodiversity	ExoDiversity	Resolves diverse protein-DNA footprints from exonuclease-based ChIP experiments like ChIP-exo or ChIP-nexus	motif-discovery|footprinting|peak-calling	motif-discovery	core	https://github.com/NarlikarLab/exoDIVERSITY	https://github.com/NarlikarLab/exoDIVERSITY	2	2021-10-05	False	HTML		Workbench	ChIP-seq|ChIP-on-chip|Transcription factors and regulatory sites	Python|R|C				4		2021	pmid:34252930	exodiversity	https://bio.tools/exodiversity	2021-11-27	bio.tools		
expansion-network	expansion-network	Infers gene regulatory networks automatically using explicit regulatory modules	grn-inference	grn-inference	core	https://github.com/regulomics/expansion-network	https://github.com/regulomics/expansion-network	0	2019-08-09	False	Python	MIT	Library	Molecular interactions, pathways and networks|Transcription factors and regulatory sites|Gene regulation	R|Python	MIT			4		2020	pmid:31790679	expansion-network	https://bio.tools/expansion-network	2020-12-28	bio.tools		
flyode	FLyOde	Systematically assembles data on Drosophila melanogaster eye development	grn-inference	grn-inference	core	http://flyode.boun.edu.tr	https://github.com/begum-alaybeyoglu/FlyOde	0	2015-12-10	False	PHP	MIT	Web application	Molecular interactions, pathways and networks|Ontology and terminology|Model organisms	JavaScript	MIT			4		2015	pmid:26998229	flyode	https://bio.tools/flyode	2019-01-13	bio.tools		
gpsa	GPSAdb 2.0	Provides transcriptomic data from gene perturbations in human cell lines for exploring gene function and regulatory networks	grn-inference	grn-inference	core	https://www.gpsadb.com/								Molecular interactions, pathways and networks|Genetic variation|RNA-Seq|Transcriptomics|Endocrinology and metabolism					4			pmid:40104737	gpsa	https://bio.tools/gpsa	2026-02-22	bio.tools		
HLMethy	HLMethy	Identifies hidden labels of m6A candidates using a machine learning model	peak-calling	peak-calling	core	https://github.com/liuze-nwafu/HLMethy	https://github.com/liuze-nwafu/HLMethy	0	2019-10-14	False	Python		Command-line tool	Machine learning|Gene expression|Mapping	Python				4		2019	pmid:31722090	HLMethy	https://bio.tools/HLMethy	2020-12-10	bio.tools		
iform	iFORM	Identifies regulatory motifs in nucleic acid sequences	motif-scanning	motif-scanning	extended	https://github.com/wenjiegroup/iFORM	https://github.com/wenjiegroup/iFORM	0	2016-09-27	False	C		Command-line tool	Transcription factors and regulatory sites|Gene regulation|Nucleic acid sites, features and motifs					4		2016	pmid:27992540	iform	https://bio.tools/iform	2018-12-10	bio.tools		
imi-driver	IMI-driver	Integrates multi-omics data into eight biological networks to identify cancer driver genes	grn-inference	grn-inference	core	https://github.com/coding0lion/IMI-Driver.git	https://github.com/coding0lion/IMI-Driver	2	2024-01-07	False	Python			Oncology|Multiomics|Functional, regulatory and non-coding RNA|Epigenetics|Molecular interactions, pathways and networks					4			pmid:39186807	imi-driver	https://bio.tools/imi-driver	2026-01-14	bio.tools		
inferloop	InferLoop	Leverages single-cell chromatin accessibility to detect chromatin loop signals	peak-calling|single-cell	peak-calling	core	https://github.com/jumphone/inferloop	https://github.com/jumphone/inferloop	4	2023-06-12	False	R	MIT	Script	Chromosome conformation capture|GWAS study|Cell biology|Gene expression|Zoology	R|Python|Shell	MIT		Free of charge	4		2023	pmid:37139553	inferloop	https://bio.tools/inferloop	2024-11-24	bio.tools		
mepp	MEPP	Quantifies positional profiles of motif enrichment along DNA sequences centered on genomic sites	motif-discovery|motif-scanning	motif-discovery	core	https://github.com/npdeloss/mepp	https://github.com/npdeloss/mepp	7	2022-08-01	False	Jupyter Notebook	MIT	Command-line tool	Sequence sites, features and motifs|Gene expression|ChIP-seq|ChIP-on-chip|Epigenetics	Python	MIT		Free of charge	4		2022	pmid:36267125	mepp	https://bio.tools/mepp	2024-11-24	bio.tools		
metaron	MetaRon	Predicts operons in metagenomes and whole genomes using a command-line pipeline	regulatory-elements	regulatory-elements	core	https://github.com/zaidissa/MetaRon	https://github.com/zaidissa/MetaRon	7	2024-08-05	False	Python	NOASSERTION	Command-line tool	Gene structure|Metagenomics|Microbial ecology|Metabolomics|Small molecules	Python				4		2021	pmid:33468056	metaron	https://bio.tools/metaron	2021-04-11	bio.tools		
moder2	MODER2	Discovers monomeric and dimeric binding motifs using first-order Markov modeling	motif-discovery|motif-scanning	motif-discovery	core	https://github.com/jttoivon/moder2	https://github.com/jttoivon/moder2	4	2020-03-30	False	C++	GPL-2.0	Command-line tool	Drug metabolism|Sequence sites, features and motifs|Statistics and probability|ChIP-seq	C++|C|Python	GPL-2.0			4		2020	pmid:31999322	moder2	https://bio.tools/moder2	2021-02-26	bio.tools		
motif_prob	motif_prob	Quantifies motif occurrences in biological sequences exactly and quickly	motif-discovery|motif-scanning	motif-discovery	core	https://github.com/DataIntellSystLab/motif_prob	https://github.com/DataIntellSystLab/motif_prob	2	2021-12-03	False	C++		Command-line tool	Sequence sites, features and motifs|Gene expression|Sequence analysis|Statistics and probability|Bioinformatics	C++|Perl	MIT		Free of charge	4		2021	pmid:34537012	motif_prob	https://bio.tools/motif_prob	2022-02-16	bio.tools		
mscdpb	mscDPB	Predicts DNA-protein binding using multi-scale complementary features and Chou's 5-step rule	tfbs-prediction	tfbs-prediction	core	http://121.5.71.120/mscDPB/							Web application	ChIP-seq|Sequence sites, features and motifs					4		2021	pmid:33522829	mscdpb	https://bio.tools/mscdpb	2021-04-10	bio.tools		
ngs-integrator	NGS-Integrator	Combines multiple NGS data tracks using minimum Bayes' factors	regulatory-elements|peak-calling	regulatory-elements	core	https://hpcwebapps.cit.nih.gov/ESBL/NGS-Integrator/	https://github.com/ESBL/NGS-Integrator	0	2020-04-12	False	Java	MIT	Command-line tool	Sequencing|Gene expression|Gene transcripts	Java	MIT			4		2020	pmid:33213365	ngs-integrator	https://bio.tools/ngs-integrator	2021-03-08	bio.tools		
polygraph	Polygraph	Assesses synthetic regulatory DNA elements using features like diversity, motif composition, and similarity to endogenous sequences	regulatory-elements	regulatory-elements	core	https://genentech.github.io/polygraph								Synthetic biology|DNA|Gene regulation|Machine learning|Epigenetics	Python				4			pmid:40329378	polygraph	https://bio.tools/polygraph	2026-02-22	bio.tools		
ppnet	PPNet	Identifies functional association networks by phylogenetic profiling of prokaryotic genomes	grn-inference	grn-inference	core	https://github.com/liyangjie/PPNet	https://github.com/liyangjie/PPNet	2	2022-11-24	False	Python	GPL-3.0	Command-line tool	Phylogenetics|Molecular interactions, pathways and networks|Genotype and phenotype|DNA polymorphism|Gene structure	Python	GPL-3.0		Free of charge	4		2023	pmid:36602356	ppnet	https://bio.tools/ppnet	2024-11-24	bio.tools		
pycallingcards	Pycallingcards	Visualizes, analyzes, and interprets Calling Cards data in an integrated environment	peak-calling|peak-annotation	peak-calling	core	https://pycallingcards.readthedocs.io/en/latest/	https://github.com/The-Mitra-Lab/pycallingcards	16	2025-06-08	False	Python	BSD-3-Clause	Library	ChIP-seq|Transcription factors and regulatory sites|RNA-Seq|Gene transcripts|Mobile genetic elements	Python	BSD-3-Clause		Free of charge	4		2024	pmid:38323623	pycallingcards	https://bio.tools/pycallingcards	2024-05-23	bio.tools		
sacsann	SACSANN	Identifies sequence-based determinants of chromosomal compartments using machine learning on DNA and epigenomic data	tfbs-prediction|regulatory-elements	tfbs-prediction	core	https://github.com/BlanchetteLab/SACSANN	https://github.com/BlanchetteLab/SACSANN	0	2023-08-03	False	Python	GPL-2.0		DNA|Machine learning|Sequencing|Epigenomics|Model organisms	Python	GPL-2.0			4			doi:10.1101/2020.10.06.328039	sacsann	https://bio.tools/sacsann	2021-02-10	bio.tools		
satori	SATORI	Infers cooperativity between regulatory features using a self-attention model	motif-discovery|tfbs-prediction|regulatory-elements	motif-discovery	core	https://github.com/fahadahaf/SATORI	https://github.com/fahadahaf/SATORI	8	2026-04-22	False	HTML	MIT		Transcription factors and regulatory sites|ChIP-seq|Gene regulation|Epigenetics	Python	MIT			4			doi:10.1101/2020.01.31.927996	satori	https://bio.tools/satori	2021-02-11	bio.tools		
scATAC-pro	scATAC-pro	Aggregates, calls peaks, and trims sequences from single-cell chromatin accessibility sequencing data	regulatory-elements|peak-calling|single-cell	regulatory-elements	core	https://github.com/tanlabcode/scATAC-pro	https://github.com/tanlabcode/scATAC-pro	24	2024-09-23	False	R	MIT		Epigenomics|Transcription factors and regulatory sites|Workflows|Sequencing					4			doi:10.1101/824326	scATAC-pro	https://bio.tools/scATAC-pro	2020-12-17	bio.tools		
scmomentum	scMomentum	Infers cell-type-specific regulatory networks and energy landscapes from transcriptomic data	grn-inference|single-cell	grn-inference	core	https://github.com/larisa-msoto/scMomentum.git	https://github.com/larisa-msoto/scMomentum	3	2021-05-28	False	Jupyter Notebook			Molecular interactions, pathways and networks|RNA-Seq|Transcriptomics	Python				4			doi:10.1101/2020.12.30.424887	scmomentum	https://bio.tools/scmomentum	2021-02-13	bio.tools		
sctenifoldknk	scTenifoldKnk	Performs virtual knockout experiments on single-cell gene regulatory networks using machine learning	grn-inference|single-cell	grn-inference	core	https://github.com/cailab-tamu/scTenifoldKnk	https://github.com/cailab-tamu/scTenifoldKnk	273	2026-07-10	False	R		Library	Molecular interactions, pathways and networks|Machine learning|Functional, regulatory and non-coding RNA|Genotype and phenotype|RNA-Seq	R|Python	GPL-2.0			4			doi:10.1101/2021.03.22.436484	sctenifoldknk	https://bio.tools/sctenifoldknk	2021-11-29	bio.tools		
semanticcs	SemanticCS	Learns DNA sequence representations from ChIP-seq data to explore transcription factor binding specificities	motif-discovery|tfbs-prediction	motif-discovery	core	http://qianglab.scst.suda.edu.cn/semanticCS/								ChIP-seq|Transcription factors and regulatory sites|Machine learning					4			pmid:32976105	semanticcs	https://bio.tools/semanticcs	2021-02-16	bio.tools		
simatac	simATAC	Simulates single-cell ATAC-seq data for benchmarking analysis workflows	peak-calling|single-cell	peak-calling	core	https://github.com/bowang-lab/simATAC	https://github.com/bowang-lab/simATAC	7	2021-01-23	False	R	GPL-3.0		Chromosome conformation capture|Workflows|Cell biology	R	GPL-3.0			4			doi:10.1101/2020.08.14.251488	simatac	https://bio.tools/simatac	2021-02-18	bio.tools		
tempomage	TempoMAGE	Exploits causal dependencies in time-series data to predict histone marks in open chromatin regions with missing ChIP-seq data	regulatory-elements|peak-calling	regulatory-elements	core	https://github.com/pkhoueiry/TempoMAGE	https://github.com/pkhoueiry/TempoMAGE	1	2021-06-23	False	Python	MIT	Command-line tool	Epigenetics|ChIP-seq|Chromosome conformation capture|Machine learning	Python	MIT		Free of charge	4			pmid:34255822	tempomage	https://bio.tools/tempomage	2021-11-17	bio.tools		
treegibbssampler	TreeGibbsSampler	Identifies motifs by combining overrepresentation and evolutionary conservation in DNA sequences	motif-discovery|footprinting	motif-discovery	extended	http://hulab.ucf.edu/software							Desktop application	Sequence analysis|DNA|Nucleic acid sites, features and motifs|Genomics					4			pmid:17540681	treegibbssampler	https://bio.tools/treegibbssampler	2024-11-25	bio.tools		
ytlr	YTLR	Extracts yeast transcription factor-gene associations from literature using automated readers	chip-resources|grn-inference	chip-resources	core	https://github.com/cobisLab/YTLR/	https://github.com/cobisLab/YTLR	2	2022-10-16	False		Apache-2.0	Command-line tool	Transcription factors and regulatory sites|Tomography|Literature and language|Model organisms|Immunoprecipitation experiment	Python	Apache-2.0		Free of charge	4		2022	pmid:36090812	ytlr	https://bio.tools/ytlr	2024-11-24	bio.tools		
abc4pwm	abc4pwm	Clusters and classifies PWMs to DNA binding domains, and searches for motifs	motif-scanning|motif-comparison	motif-scanning	core	https://omer0191.github.io/abc4pwm/	https://github.com/abc4pwm/abc4pwm	3	2024-12-19	False	Python		Workflow|Command-line tool	Transcription factors and regulatory sites|ChIP-seq|RNA-Seq|ChIP-on-chip|Protein interactions	Python	MIT		Free of charge	3		2022	pmid:35240993	abc4pwm	https://bio.tools/abc4pwm	2022-06-20	bio.tools		
bartweb	BARTweb	Predicts functional factors binding at cis-regulatory regions from a gene list or ChIP-seq data in human or mouse	regulatory-elements|grn-inference	regulatory-elements	core	http://bartweb.org							Web application	ChIP-seq|Transcription factors and regulatory sites|Gene regulation|Epigenomics|RNA-Seq					3			doi:10.1101/2020.02.17.952838	bartweb	https://bio.tools/bartweb	2021-01-31	bio.tools		
bij	BIJ Database	Provides genomic data on Brassica juncea seed development across contrasting genotypes	grn-inference	grn-inference	core	https://bij.cuh.ac.in/								Functional, regulatory and non-coding RNA|Genotype and phenotype|Transcriptomics|Plant biology|Molecular interactions, pathways and networks					3			pmid:39404887	bij	https://bio.tools/bij	2026-01-15	bio.tools		
bmf	Bipartite Motif Finder	Finds multivalent sequence motifs and their distance dependency in RNA or DNA sequences	motif-discovery|motif-scanning	motif-discovery	core	https://bmf.soedinglab.org	https://github.com/soedinglab/bipartite_motif_finder	1	2021-03-25	False	Python	GPL-3.0	Web application	Sequence sites, features and motifs|Protein interactions|RNA	Python	GPL-3.0			3			doi:10.1101/2021.01.30.428941	bmf	https://bio.tools/bmf	2021-04-21	bio.tools		
bit	BIT	Bayesian hierarchical model identifying transcriptional regulators from ChIP-seq and epigenomic data	motif-discovery|tfbs-prediction|peak-calling	motif-discovery	core	https://github.com/ZeyuL01/BIT	https://github.com/ZeyuL01/BIT	1	2026-04-14	False	C++	GPL-3.0		Epigenomics|Gene expression|ChIP-seq|Oncology|ATAC-seq					3			pmid:40436897	bit	https://bio.tools/bit	2026-02-22	bio.tools		
cainet	CaiNet	Stochastically simulates gene regulatory networks for modelling and pathway analysis	grn-inference	grn-inference	extended	https://gitlab.com/GebhardtLab/CaiNet	https://gitlab.com/GebhardtLab/CaiNet						Workbench	Molecular interactions, pathways and networks|Gene expression|Machine learning|Gene transcripts|Enzymes		AGPL-3.0		Free of charge	3		2022	pmid:34986805	cainet	https://bio.tools/cainet	2022-06-09	bio.tools		
canasm	CanASM	Identifies and annotates allele-specific DNA methylation in cancer	regulatory-elements|regulatory-variants	regulatory-elements	core	https://bioinfor.nefu.edu.cn/CanASM/								Epigenetics|Methylated DNA immunoprecipitation|Transcription factors and regulatory sites|DNA polymorphism|Oncology					3			pmid:40634835	canasm	https://bio.tools/canasm	2026-02-22	bio.tools		
cantata	CANTATA	Finds missing interactions in Boolean networks using prior knowledge and experimental results	grn-inference	grn-inference	core	https://github.com/sysbio-bioinf/Cantata	https://github.com/sysbio-bioinf/Cantata	1	2022-05-24	False	C++	GPL-3.0	Script	Mathematics|Genotype and phenotype|Molecular interactions, pathways and networks|Model organisms	C++|R	GPL-3.0		Free of charge	3		2022	pmid:36094334	cantata	https://bio.tools/cantata	2024-11-24	bio.tools		
cat_e	Cat-E	Explore cancer targeting strategies through a comprehensive web tool for oncology and protein interactions	grn-inference	grn-inference	core	https://cat-e.bioinfo-wuerz.eu/							Web application	Oncology|Protein interactions|Small molecules|Endocrinology and metabolism|Allergy, clinical immunology and immunotherapeutics	R			Free of charge	3		2024	pmid:38596315	cat_e	https://bio.tools/cat_e	2024-11-24	bio.tools		
cfsp	CFSP	Discovers collaborative frequent sequence patterns for nucleic acid sequence classification	motif-discovery|motif-scanning	motif-discovery	core	https://github.com/HePeng2016/CFSP	https://github.com/HePeng2016/CFSP	0	2021-08-16	False	Shell	MIT		Functional, regulatory and non-coding RNA|Nucleic acid sites, features and motifs|Gene and protein families|Sequence analysis|Genetic variation	Shell|C|C++	MIT			3			pmid:32341900	cfsp	https://bio.tools/cfsp	2021-02-10	bio.tools		
copy-scat	Copy-scAT	Deconvolutes single-cell chromatin accessibility of genetic subclones in cancer	single-cell	single-cell	extended	https://github.com/spcdot/CopyscAT	https://github.com/spcdot/CopyscAT	28	2025-06-24	False	R	GPL-3.0	Library	Epigenomics|Chromosome conformation capture|Genotype and phenotype|Gene expression|Oncology	R	GPL-3.0		Free of charge	3		2021	pmid:34644115	copy-scat	https://bio.tools/copy-scat	2022-04-25	bio.tools		
corto	corto	Infers gene regulatory networks and performs master regulator analysis on expression data	grn-inference	grn-inference	core	https://cran.r-project.org/package=corto	https://github.com/federicogiorgi/corto	20	2026-03-05	False	R		Library	Gene expression|RNA-Seq|Microarray experiment|Molecular interactions, pathways and networks	R	LGPL-3.0			3			doi:10.1101/2020.02.10.942623	corto	https://bio.tools/corto	2021-02-17	bio.tools		
csa-chip	CSA	A web service for the complete process of ChIP-Seq analysis	peak-calling|peak-annotation	peak-calling	core	http://compubio.csu.edu.cn							Web application|Web service	ChIP-seq|ChIP-on-chip|Mapping|Transcription factors and regulatory sites|DNA polymorphism					3		2019	pmid:31874601	csa-chip	https://bio.tools/csa-chip	2020-12-17	bio.tools		
cssq	CSSQ	Quantifies and normalises ChIP-seq signals for differential binding analysis	peak-annotation	peak-annotation	core	http://bioconductor.org/packages/release/bioc/html/CSSQ.html							Library	ChIP-seq|Epigenomics|Workflows|RNA-Seq|Transcription factors and regulatory sites	R	Artistic-2.0		Free of charge	3		2023	pmid:37305684	cssq	https://bio.tools/cssq	2024-11-24	bio.tools		
deform-nu	Deform-nu	Predicts nucleosome positioning using DNA deformation energy	nucleosome-chromatin	nucleosome-chromatin	core	http://lin-group.cn/server/deform-nu/							Web application	DNA packaging|DNA binding sites|DNA replication and recombination					3		2020	pmid:33425904	deform-nu	https://bio.tools/deform-nu	2021-03-27	bio.tools		
evoprinter	EvoPrinter	Discovers conserved DNA sequences shared among three or more orthologous DNAs	motif-discovery|comparative	motif-discovery	core	https://evoprinter.ninds.nih.gov/evoprintprogramHD/evphd.html							Web application	DNA|RNA|Nucleic acid sites, features and motifs					3		2017	pmid:28622346	evoprinter	https://bio.tools/evoprinter	2024-11-25	bio.tools		
genenetfinder	GeneNetFinder	Qualitatively infers dynamic gene regulatory interactions from gene expression data	grn-inference	grn-inference	core	http://bclab.inha.ac.kr/GeneNetFinder/							Desktop application	Systems biology|Molecular interactions, pathways and networks|Gene expression					3			pmid:26886731	genenetfinder	https://bio.tools/genenetfinder	2024-11-25	bio.tools		
genextender	geneXtendeR	Annotates histone modification ChIP-seq peaks with functionally important genomic features using optimisation calculations	peak-annotation	peak-annotation	extended	http://bioconductor.org/packages/release/bioc/html/geneXtendeR.html	https://github.com/Bohdan-Khomtchouk/geneXtendeR	10	2019-05-15	False	R		Command-line tool|Library	ChIP-seq	R	GPL-3.0			3			doi:10.1101/082347	genextender	https://bio.tools/genextender	2018-12-10	bio.tools		
icis_i-cardio	iCis i-Cardio	Analyse cardiovascular cis-regulation in human and mouse via enrichment, expression, and variation data	regulatory-elements|chip-resources	regulatory-elements	core	http://www.licpathway.net/Cis-Cardio/index.html							Database portal	ChIP-seq|Transcription factors and regulatory sites|Epigenetics|Functional, regulatory and non-coding RNA|RNA-Seq				Free of charge	3		2023	pmid:37637211	icis_i-cardio	https://bio.tools/icis_i-cardio	2024-11-24	bio.tools		
irena	IReNA	Performs regulatory network analysis on transcriptomics data using an R package	grn-inference	grn-inference	core	https://github.com/jiang-junyao/IReNA	https://github.com/jiang-junyao/IReNA	31	2024-11-13	False	R	GPL-3.0	Library	Molecular interactions, pathways and networks|Transcription factors and regulatory sites|Transcriptomics|RNA-Seq|Functional, regulatory and non-coding RNA	R	GPL-3.0		Free of charge	3			doi:10.1101/2021.11.22.469628	irena	https://bio.tools/irena	2022-04-29	bio.tools		
itar	iTAR	Identifies target genes of transcription factors from ChIP-seq or ChIP-chip data via a web server	regulatory-elements|peak-annotation	regulatory-elements	core	http://syslab3.nchu.edu.tw/iTAR/							Web application	ChIP-seq|Gene expression|Transcription factors and regulatory sites	R|Java				3		2016	pmid:27519564	itar	https://bio.tools/itar	2018-12-10	bio.tools		
liquorice	LIQUORICE	Detects epigenetic signatures in liquid biopsies using whole-genome sequencing data	regulatory-variants|nucleosome-chromatin	regulatory-variants	extended	http://liquorice.computational-epigenetics.org							Command-line tool	Epigenetics|Whole genome sequencing|ChIP-seq|Sequence assembly|Gene expression	Python			Free of charge	3		2022	pmid:36699368	liquorice	https://bio.tools/liquorice	2024-11-24	bio.tools		
MariaOsmala	MariaOsmala	Predicts enhancers in the human genome by probabilistically modeling chromatin feature patterns	regulatory-elements	regulatory-elements	core	https://github.com/MariaOsmala/preprint	https://github.com/MariaOsmala/preprint	3	2022-08-29	False	R	MIT	Command-line tool	ChIP-seq|Transcription factors and regulatory sites|Epigenetics|Machine learning|ChIP-on-chip	R|Shell	MIT			3			doi:10.1101/804625	MariaOsmala	https://bio.tools/MariaOsmala	2020-12-22	bio.tools		
msdb_h	MSdb	An integrated expression atlas of the human musculoskeletal system	grn-inference	grn-inference	core	https://www.msdb.org.cn/	https://github.com/wanluliuLab/MSdb	2	2023-04-27	False	Python		Database portal	RNA-Seq|Transcriptomics|Musculoskeletal medicine|Functional, regulatory and non-coding RNA|Pathology	Python			Free of charge	3		2023	pmid:37378342	msdb_h	https://bio.tools/msdb_h	2024-11-24	bio.tools		
netview	Netview	Explore human and mouse gene regulatory networks through a free web tool	grn-inference	grn-inference	core	http://netview.tigem.it/netview_project/netview_tools.html							Web application	Systems biology|Molecular interactions, pathways and networks|Model organisms|Human biology|Gene regulation					3			pmid:24233783	netview	https://bio.tools/netview	2024-11-25	bio.tools		
nucmap_20	NucMap	Provides genome-wide nucleosome positioning maps across species for querying, visualization, enrichment, and comparative analysis	nucleosome-chromatin|comparative	nucleosome-chromatin	core	https://ngdc.cncb.ac.cn/nucmap								Multiomics|DNA packaging|Epigenetics|Transcription factors and regulatory sites|RNA-Seq					3			pmid:38878855	nucmap_20	https://bio.tools/nucmap_20	2026-01-14	bio.tools		
nucome	NUCOME	A comprehensive database of nucleosome organization referenced landscapes in mammalian genomes	chip-resources|nucleosome-chromatin	chip-resources	core	http://compbio-zhanglab.org/NUCOME							Database portal|Web application	DNA packaging|Model organisms|Genomics|Transcription factors and regulatory sites|Database management		Not licensed			3		2021	pmid:34120586	nucome	https://bio.tools/nucome	2021-10-28	bio.tools		
numbat-multiome	Numbat-multiome	Infers copy number variations from single-cell RNA and chromatin accessibility data	nucleosome-chromatin|single-cell	nucleosome-chromatin	extended	https://kharchenkolab.github.io/numbat/articles/numbat-multiome.html								Multiomics|Epigenomics|Copy number variation|ATAC-seq|Mapping					3			pmid:41104806	numbat-multiome	https://bio.tools/numbat-multiome	2026-02-22	bio.tools		
pallas	PALLAS	Infer gene regulatory networks from time series data using penalized maximum likelihood and particle swarms	grn-inference	grn-inference	core	https://github.com/yukuntan92/PALLAS	https://github.com/yukuntan92/PALLAS	4	2020-08-17	False	Python		Command-line tool	Molecular interactions, pathways and networks|Model organisms|Microarray experiment|RNA-Seq|Gene expression	Python				3			doi:10.1101/2020.05.13.093674	pallas	https://bio.tools/pallas	2021-03-15	bio.tools		
pcgima	PCGIMA	Analyses methylation of position-defined CpG islands in human genomes via a web server	regulatory-elements	regulatory-elements	core	http://www.combio-lezhang.online/pcgima/home.html							Web application	Transcription factors and regulatory sites|Epigenomics|Gene regulation|Model organisms				Free of charge	3		2024	pmid:38544801	pcgima	https://bio.tools/pcgima	2024-11-24	bio.tools		
peakhood	Peakhood	Extracts the most likely site context for each CLIP-seq peak region	peak-calling	peak-calling	core	https://github.com/BackofenLab/Peakhood	https://github.com/BackofenLab/Peakhood	3	2022-09-01	False	Python	MIT	Command-line tool	RNA immunoprecipitation|Gene transcripts|RNA splicing|Protein binding sites|RNA-Seq	Python	MIT		Free of charge	3			pmid:34734974	peakhood	https://bio.tools/peakhood	2022-04-09	bio.tools		
PhysMPrePro	PhysMPrePro	Recognizes prokaryotic promoters using an energy model based on molecular structure	regulatory-elements	regulatory-elements	core	http://202.207.14.87:8032/bioinformation/PhysMPrePro/index.asp								Transcription factors and regulatory sites|Physics|Gene transcripts|Structure analysis					3		2020	pmid:31809797	PhysMPrePro	https://bio.tools/PhysMPrePro	2021-01-10	bio.tools		
scan_db	SCAN	Combines single cell transcriptome and spatial transcriptome data in a neural database	motif-databases	motif-databases	extended	http://scanatlas.net							Database portal	Neurobiology|Neurology|Pathology|Transcriptomics|Transcription factors and regulatory sites				Free of charge	3		2024	pmid:37930842	scan_db	https://bio.tools/scan_db	2024-11-24	bio.tools		
segcond	SEGCOND	Integrates multi-omics data to predict transcriptional condensate-associated genomic regions	regulatory-elements	regulatory-elements	core	https://github.com/AntonisK95/SEGCOND	https://github.com/AntonisK95/SEGCOND	1	2024-06-17	False	R		Script	Gene expression|Genomics|Model organisms|ChIP-seq|Sequence assembly	R	Not licensed		Free of charge	3		2023	pmid:36394233	segcond	https://bio.tools/segcond	2024-11-24	bio.tools		
spagtl	SpaGTL	Infers context-specific spatial gene regulatory networks from spatial transcriptomics data using graph transfer learning	grn-inference	grn-inference	core	https://spagtl.readthedocs.io/								Transcriptomics|Molecular interactions, pathways and networks|Transcription factors and regulatory sites|Machine learning|Multiomics					3			pmid:39841593	spagtl	https://bio.tools/spagtl	2026-02-22	bio.tools		
srgs	SRGS	Infers gene regulatory networks using sparse partial least squares-based recursive gene selection	grn-inference	grn-inference	core	https://github.com/JGuan-lab/SRGS	https://github.com/JGuan-lab/SRGS	1	2026-06-02	False	R		Library	Molecular interactions, pathways and networks|Gene expression|RNA-Seq|Exome sequencing|Pathology	R	Not licensed		Free of charge	3		2022	pmid:36451086	srgs	https://bio.tools/srgs	2024-11-24	bio.tools		
timenexus	TimeNexus	Analyzes time-series data using temporal multilayer networks in Cytoscape	grn-inference	grn-inference	core	https://apps.cytoscape.org/apps/TimeNexus							Desktop application	Molecular interactions, pathways and networks|Gene expression|Model organisms|Microarray experiment|RNA-Seq	Java				3			doi:10.21203/RS.3.RS-133258/V1	timenexus	https://bio.tools/timenexus	2021-04-23	bio.tools		
aaakb	AAAKB	Manually curated database for tracking and predicting abdominal aortic aneurysm genes	grn-inference	grn-inference	core	http://www.lqlgroup.cn:3838/AAAKB/							Database portal	Molecular interactions, pathways and networks|Gene expression|Pathology|DNA polymorphism|Machine learning				Free of charge	2		2023	pmid:38100461	aaakb	https://bio.tools/aaakb	2024-11-24	bio.tools		
agingreg	AgingReG	Curated database of aging regulatory relationships in humans	chip-resources|grn-inference	chip-resources	core	https://bio.liclab.net/Aging-ReG/							Database portal	Molecular interactions, pathways and networks|Data submission, annotation and curation|Pathology|Physiology|Literature and language		CC-BY-4.0		Free of charge	2		2023	pmid:37805704	agingreg	https://bio.tools/agingreg	2024-03-08	bio.tools		
AIKYATAN	AIKYATAN	Maps distal regulatory elements using convolutional learning on GPU	regulatory-elements	regulatory-elements	core	https://bitbucket.org/cellsandmachines/aikyatan	https://bitbucket.org/cellsandmachines/aikyatan							Epigenomics|Transcription factors and regulatory sites|Machine learning|Functional, regulatory and non-coding RNA					2		2019	pmid:31590652	AIKYATAN	https://bio.tools/AIKYATAN	2020-12-01	bio.tools		
bdetools	BDEtools	Models Boolean delay equations for gene regulatory network analysis in MATLAB	grn-inference	grn-inference	core	https://github.com/oeakman/BDEtools	https://github.com/oeakman/BDEtools	1	2022-06-24	False	MATLAB	MIT	Library	Molecular interactions, pathways and networks|Mathematics|Biology|Computer science	MATLAB	MIT		Free of charge	2		2023	pmid:36099206	bdetools	https://bio.tools/bdetools	2024-11-24	bio.tools		
biovizseq	BioVizSeq	Visualises types and distribution of elements within bio-sequences using R	regulatory-elements	regulatory-elements	core	https://cran.r-project.org/package=BioVizSeq								Transcription factors and regulatory sites|Small molecules|Protein folds and structural domains|Sequencing	R	Artistic-2.0			2			pmid:40904866	biovizseq	https://bio.tools/biovizseq	2026-02-22	bio.tools		
cata	CATA	Explore cancer ATAC-seq data for genotyping, peak calling, and SNP annotation	peak-calling|chip-resources	peak-calling	core	http://bio.licpathway.net/cata/							Database portal	Oncology|Chromosome conformation capture|Transcription factors and regulatory sites|DNA polymorphism|Epigenetics					2			doi:10.1101/2020.05.16.099325	cata	https://bio.tools/cata	2021-02-09	bio.tools		
centre	CENTRE	Predicts cell-type-specific enhancer targets using gradient boosting	regulatory-elements|grn-inference	regulatory-elements	core	https://github.com/slrvv/CENTRE	https://github.com/slrvv/CENTRE	4	2025-12-07	False	R		Library	ChIP-seq|Epigenomics|Transcription factors and regulatory sites|Machine learning|RNA-Seq	R			Free of charge	2		2023	pmid:37982748	centre	https://bio.tools/centre	2024-11-24	bio.tools		
chas	CHAS	Infers cell type-specific signatures in bulk brain histone acetylation studies	regulatory-elements|peak-calling	regulatory-elements	core	https://github.com/Marzi-lab/CHAS	https://github.com/Marzi-lab/CHAS	4	2025-04-01	False	R	GPL-3.0		Epigenomics|Neurology|Psychiatry|Cell biology|Molecular interactions, pathways and networks					2			pmid:40300607	chas	https://bio.tools/chas	2026-02-22	bio.tools		
ChIA-PET	ChIA-PET	Processes next-generation sequence data from ChIA-PET experiments for enrichment analysis and peak calling	peak-calling|peak-annotation|grn-inference	peak-calling	core	https://github.com/GuoliangLi-HZAU/ChIA-PET_Tool_V3/	https://github.com/GuoliangLi-HZAU/ChIA-PET_Tool_V3	23	2024-07-19	False	Java		Command-line tool	Molecular interactions, pathways and networks|ChIP-seq|ChIP-on-chip	JavaScript|R	Unlicense	Mature	Free of charge	2			doi:10.1101/627257	ChIA-PET	https://bio.tools/ChIA-PET	2020-06-16	bio.tools		
ChIPdig	ChIPdig	Mines and analyses multi-sample ChIP-seq data for enrichment, peak calling, and sequence trimming	peak-calling|peak-annotation|chip-resources	peak-calling	core	https://github.com/rmesse/ChIPdig	https://github.com/rmesse/ChIPdig	1	2019-07-22	False	R	GPL-3.0		ChIP-seq|Epigenetics|Transcription factors and regulatory sites	R	GPL-3.0			2			doi:10.12688/F1000RESEARCH.20027.1	ChIPdig	https://bio.tools/ChIPdig	2020-12-11	bio.tools		
chromdmm	ChromDMM	Clusters heterogeneous epigenetic data using a Dirichlet-Multinomial Mixture Model	regulatory-elements|nucleosome-chromatin	regulatory-elements	core	https://github.com/MariaOsmala/ChromDMM	https://github.com/MariaOsmala/ChromDMM	1	2022-12-09	False	R	LGPL-3.0	Command-line tool	Epigenetics|Transcription factors and regulatory sites|Gene regulation	R|C++	LGPL-3.0		Free of charge	2		2022	pmid:35786716	chromdmm	https://bio.tools/chromdmm	2024-11-24	bio.tools		
citl	CITL	Infers time-lagged causal gene relationships from single-cell RNA-seq data	grn-inference	grn-inference	core	https://github.com/wJDKnight/CITL-Rpackage	https://github.com/wJDKnight/CITL-Rpackage	0	2021-12-30	False	HTML	GPL-3.0	Library|Command-line tool	Gene expression|Molecular interactions, pathways and networks|RNA|Literature and language	R	GPL-3.0		Free of charge	2		2022	pmid:35328768	citl	https://bio.tools/citl	2024-11-24	bio.tools		
combsafe	CombSAFE	Analyses ChIP-seq data through combinatorial and semantic analysis of functional elements	regulatory-elements|peak-calling|peak-annotation	regulatory-elements	core	https://github.com/DEIB-GECO/CombSAFE	https://github.com/DEIB-GECO/CombSAFE	2	2021-10-18	False	Python	MIT	Workflow	ChIP-seq|Transcription factors and regulatory sites|Genomics|Natural language processing|Epigenetics	Python	MIT		Free of charge	2		2022	pmid:34864898	combsafe	https://bio.tools/combsafe	2024-11-24	bio.tools		
comparipssm	CompariPSSM	Quantifies similarity between motif-binding determinants using sliding window PSSM-PSSM comparison and a probabilistic framework	motif-comparison	motif-comparison	core	https://slim.icr.ac.uk/projects/comparipssm								Small molecules|Proteomics|Protein interactions|Sequence sites, features and motifs|Sequence analysis					2			pmid:39471470	comparipssm	https://bio.tools/comparipssm	2026-01-15	bio.tools		
connectf	ConnecTF	Builds gene networks by integrating transcription factor-target gene interactions	chip-resources|grn-inference	chip-resources	core	https://ConnecTF.org	https://github.com/coruzzilab/connectf_server	2	2024-10-22	False	Python	NOASSERTION	Database portal	Gene expression|Plant biology|Molecular interactions, pathways and networks|Gene transcripts|ChIP-seq	Python				2			doi:10.1101/2020.07.07.191627	connectf	https://bio.tools/connectf	2021-02-17	bio.tools		
conrel	CONREL	Explore consensus regulatory elements at different levels of abstraction in a genome browser	regulatory-elements|peak-calling	regulatory-elements	core	https://bcglab.cibio.unitn.it/conrel	https://github.com/cibiobcg/CONREL	0	2022-09-06	False	R		Database portal	Transcription factors and regulatory sites|Gene regulation|Epigenomics|Gene transcripts|Genotype and phenotype	R				2		2020	pmid:33186463	conrel	https://bio.tools/conrel	2024-11-24	bio.tools		
cpgmotifs	CpGmotifs	Discovers DNA motifs associated with CpG methylation events	motif-discovery|motif-scanning	motif-discovery	core	https://github.com/Greco-Lab/CpGmotifs	https://github.com/Greco-Lab/CpGmotifs	2	2020-03-27	False	R	GPL-3.0	Database portal	Transcription factors and regulatory sites|Epigenetics|Imaging|Methylated DNA immunoprecipitation|ChIP-seq	R	GPL-3.0			2		2021	pmid:34039269	cpgmotifs	https://bio.tools/cpgmotifs	2021-08-23	bio.tools		
dagbagm	DAGBagM	Learns directed acyclic graphs via bootstrap aggregation for mixed continuous and binary variables	grn-inference	grn-inference	core	https://github.com/jie108/dagbagM	https://github.com/jie108/dagbagM	1	2026-05-06	False	C++	GPL-3.0	Script	Biomarkers|Oncology|Proteogenomics|Proteomics|Molecular interactions, pathways and networks	C|R|C++				2			doi:10.1101/2020.10.26.349076	dagbagm	https://bio.tools/dagbagm	2021-02-22	bio.tools		
deepg4	DeepG4	Predicts the probability of DNA sequences to form active G-Quadruplexes using deep learning	tfbs-prediction	tfbs-prediction	extended	https://github.com/morphos30/DeepG4	https://github.com/morphos30/DeepG4	14	2022-05-31	False	R		Library	DNA polymorphism|Machine learning|Transcription factors and regulatory sites|Epigenetics|Workflows	R|Python				2			doi:10.1101/2020.07.22.215699	deepg4	https://bio.tools/deepg4	2021-02-24	bio.tools		
destin2	Destin2	Integrates and cross-modally analyses single-cell chromatin accessibility data	single-cell	single-cell	extended	https://github.com/yuchaojiang/Destin2	https://github.com/yuchaojiang/Destin2	1	2023-10-23	False	HTML		Library	Epigenomics|Chromosome conformation capture|Statistics and probability|Transcriptomics	R			Free of charge	2		2023	pmid:36873935	destin2	https://bio.tools/destin2	2024-11-24	bio.tools		
dipwmsearch	dipwmsearch	Searches di-PWM motifs in genomic sequences	motif-scanning|tfbs-prediction	motif-scanning	core	https://gite.lirmm.fr/rivals/dipwmsearch/							Library	Sequence sites, features and motifs|Whole genome sequencing|ChIP-seq|Genomics|Epigenetics	Python	CECILL-B		Free of charge	2		2023	pmid:37010504	dipwmsearch	https://bio.tools/dipwmsearch	2024-11-24	bio.tools		
dnalongbench	DNALONGBENCH	Benchmark suite for evaluating long-range DNA prediction tasks like enhancer-target gene interaction and 3D genome organization	regulatory-elements	regulatory-elements	core	https://github.com/ma-compbio/DNALONGBENCH	https://github.com/ma-compbio/DNALONGBENCH	12	2026-03-31	False	HTML	BSD-3-Clause		Gene expression|DNA|Machine learning|ChIP-seq|Hi-C					2			pmid:41253815	dnalongbench	https://bio.tools/dnalongbench	2026-02-22	bio.tools		
eagle-enhancer	EAGLE	Predicts tissue-specific enhancer-gene interactions using a small number of genomic features	regulatory-elements|grn-inference	regulatory-elements	core	https://github.com/EvansGao/EAGLE	https://github.com/EvansGao/EAGLE	2	2019-12-09	False	Perl			Epigenetics|Transcription factors and regulatory sites|Molecular interactions, pathways and networks	MATLAB|Perl				2		2019	doi:10.1101/781427	eagle-enhancer	https://bio.tools/eagle-enhancer	2020-12-25	bio.tools		
element_2023	ElemeNT 2023	Detects and curates core promoter elements from genomic sequences	regulatory-elements	regulatory-elements	core	https://www.juven-gershonlab.org/resources/element-v2023/	https://github.com/OritAdato/ElemeNT	3	2025-11-04	False	Python		Web application|Command-line tool	Transcription factors and regulatory sites|Model organisms|Transcriptomics|Workflows	Python|R|Perl|Shell			Free of charge	2		2024	pmid:38407414	element_2023	https://bio.tools/element_2023	2024-11-24	bio.tools		
epdrna	EPDRNA	Identifies DNA-RNA binding sites in disease-related proteins using a machine learning model	tfbs-prediction	tfbs-prediction	core	http://www.s-bioinformatics.cn/epdrna							Web application	DNA binding sites|Protein interactions|Protein binding sites|Machine learning|RNA				Free of charge	2		2024	pmid:38491248	epdrna	https://bio.tools/epdrna	2024-11-24	bio.tools		
epiromics	epiRomics	Integrates and visualises epigenomic data from ChIP, Histone, ATAC, and RNA sequencing	regulatory-elements|peak-calling|peak-annotation|nucleosome-chromatin	regulatory-elements	core	https://github.com/Huising-Lab/epiRomics	https://github.com/Huising-Lab/epiRomics	5	2026-04-20	False	R	NOASSERTION	Library	Epigenomics|ChIP-on-chip|ChIP-seq|Gene expression|RNA-Seq	R	MIT		Free of charge	2			doi:10.1101/2021.08.19.456732	epiromics	https://bio.tools/epiromics	2022-01-04	bio.tools		
fcscan	fcScan	Clusters genomic features based on a defined window size and combination of sites	tfbs-prediction|regulatory-variants	tfbs-prediction	core	https://bioconductor.org/packages/fcScan	https://github.com/pkhoueiry/fcScan	3	2021-07-26	False	R		Library	Transcription factors and regulatory sites|ChIP-seq|Genomics|Genetic variation	R	Artistic-2.0			2		2020	pmid:32429868	fcscan	https://bio.tools/fcscan	2021-03-10	bio.tools		
FINET	FINET	Infer any network from molecular interaction data	grn-inference	grn-inference	core	https://github.com/anyouwang/finet	https://github.com/anyouwang/finet	2	2023-06-01	False	Julia		Command-line tool	Molecular interactions, pathways and networks|Plant biology|Microbiology	Julia				2		2020	doi:10.1101/733683	FINET	https://bio.tools/FINET	2020-12-28	bio.tools		
gnocis	Gnocis	Streamlines analysis and modelling of cis-regulatory element sequences with extensible APIs for genome-wide prediction	tfbs-prediction|regulatory-elements	tfbs-prediction	core	https://github.com/bjornbredesen/gnocis	https://github.com/bjornbredesen/gnocis	2	2022-09-16	False	Jupyter Notebook	MIT	Library	Machine learning|Transcription factors and regulatory sites|Model organisms|Sequencing|Epigenetics	Python	MIT		Free of charge	2		2022	pmid:36084008	gnocis	https://bio.tools/gnocis	2024-11-24	bio.tools		
gpuzoo	gpuZoo	Estimates gene regulatory networks cost-effectively using a Graphics Processing Unit	grn-inference	grn-inference	core	https://netzoo.github.io/zooanimals/gpuzoo/	https://github.com/QuackenbushLab/gpuzoo	0	2022-03-10	False	MATLAB	GPL-3.0	Library	Molecular interactions, pathways and networks|Gene expression|Pathology|Functional, regulatory and non-coding RNA	MATLAB|Python	GPL-3.0		Free of charge	2			doi:10.1101/2021.07.13.452214	gpuzoo	https://bio.tools/gpuzoo	2021-11-29	bio.tools		
graphsim	graphsim	Simulates gene expression data from graph structures of biological pathways	grn-inference|nucleosome-chromatin	grn-inference	core	https://github.com/TomKellyGenetics/graphsim	https://github.com/TomKellyGenetics/graphsim	25	2025-05-12	False	HTML	GPL-3.0	Library|Command-line tool	Molecular interactions, pathways and networks|Gene expression|Microarray experiment|Epigenetics|RNA-Seq	R	GPL-3.0			2			doi:10.1101/2020.03.02.972471	graphsim	https://bio.tools/graphsim	2021-01-25	bio.tools		
grgnn	GRGNN	Infers gene regulatory networks from expression data using supervised and semi-supervised graph neural networks	grn-inference	grn-inference	core	https://github.com/juexinwang/GRGNN	https://github.com/juexinwang/GRGNN	37	2022-06-21	False	Python		Command-line tool	Machine learning|Molecular interactions, pathways and networks|Gene expression|Microarray experiment	Python|Scala|C++				2			doi:10.1101/2020.09.27.315382	grgnn	https://bio.tools/grgnn	2021-01-25	bio.tools		
grins	GRiNS	Simulates gene regulatory network dynamics using RACIPE and Boolean Ising formalism	grn-inference	grn-inference	core	https://moltenecdysone09.github.io/GRiNS/								Molecular interactions, pathways and networks|Genetics|Cell biology|Mathematics|Systems biology	Python				2			pmid:41107706	grins	https://bio.tools/grins	2026-02-22	bio.tools		
grnsight	GRNsight	Visualizes small- to medium-scale models of gene regulatory networks as a web application	grn-inference	grn-inference	core	http://dondi.github.io/GRNsight/	https://github.com/dondi/GRNsight	17	2026-07-21	False	JavaScript	BSD-3-Clause	Web application	Molecular interactions, pathways and networks|Gene regulation	JavaScript	BSD-3-Clause	Mature	Free of charge	2			doi:10.7717/peerj-cs.85	grnsight	https://bio.tools/grnsight	2026-06-07	bio.tools		
iddn	iDDN	Integrative differential dependency network inference for robust multi-omics network analysis to identify differentially wired molecules	grn-inference	grn-inference	core	https://iddn.readthedocs.io/								Molecular interactions, pathways and networks|Multiomics|Genotype and phenotype	Python				2			pmid:40365110	iddn	https://bio.tools/iddn	2026-02-22	bio.tools		
joda	joda	Computes gene deregulation scores using the JODA algorithm	grn-inference	grn-inference	core	http://bioconductor.org/packages/release/bioc/html/joda.html							Command-line tool|Library	Gene regulation|Molecular genetics	R	GPL-2.0			2		2011	pmid:21693013	joda	https://bio.tools/joda	2018-12-30	bio.tools		
kboost	KBoost	Infers gene regulatory networks from gene expression data using R	grn-inference	grn-inference	core	https://github.com/Luisiglm/KBoost	https://github.com/Luisiglm/KBoost	4	2021-05-12	False	R		Library	Molecular interactions, pathways and networks|Gene expression|Gene transcripts|Oncology|RNA-Seq	R				2			doi:10.1101/2021.04.01.438059	kboost	https://bio.tools/kboost	2021-10-04	bio.tools		
lstrap-cloud	LSTrAP-Cloud	Infers co-functional and regulatory networks from transcriptomics data via a cloud computing pipeline	grn-inference	grn-inference	core	https://github.com/tqiaowen/LSTrAP-Cloud	https://github.com/tqiaowen/LSTrAP-Cloud	6	2023-11-08	False	Jupyter Notebook		Web service	Transcriptomics|RNA-Seq|Transcription factors and regulatory sites|Workflows|Molecular interactions, pathways and networks					2			doi:10.1101/2020.03.11.986794	lstrap-cloud	https://bio.tools/lstrap-cloud	2021-02-19	bio.tools		
maga	MAGA	Detects motifs from annotated groups in sequence alignments using a supervised method	motif-discovery	motif-discovery	extended	http://cbdm-01.zdv.uni-mainz.de/~munoz/maga/							Web service	Phylogenetics|Sequence sites, features and motifs|Structure analysis|Gene and protein families|Model organisms					2		2020	pmid:32425492	maga	https://bio.tools/maga	2021-02-19	bio.tools		
MASSIF	MASSIF	Links sequence motifs to transcription factors using domain information	motif-discovery|motif-scanning|motif-comparison	motif-discovery	core	https://github.com/SchulzLab/MASSIF	https://github.com/SchulzLab/MASSIF	2	2023-07-21	False	HTML	MIT	Command-line tool	Sequence sites, features and motifs|ChIP-seq|Protein folds and structural domains		MIT			2		2020	pmid:31742324	MASSIF	https://bio.tools/MASSIF	2024-11-24	bio.tools		
mcland	MCLand	Models and visualises Waddington's epigenetic landscape using Monte Carlo simulations	grn-inference|nucleosome-chromatin	grn-inference	core	https://mcland-ntu.github.io/MCLand/index.html								Epigenetics|Mathematics|Molecular interactions, pathways and networks	Python				2			doi:10.1101/2024.01.15.575795	mcland	https://bio.tools/mcland	2026-01-14	bio.tools		
methreg	MethReg	Estimates the regulatory potential of DNA methylation in gene transcription using regression analysis	grn-inference|regulatory-variants	grn-inference	core	https://bioconductor.org/packages/MethReg/							Library	Epigenetics|Transcription factors and regulatory sites|Gene transcripts|Methylated DNA immunoprecipitation|DNA polymorphism	R	GPL-3.0			2			doi:10.1101/2021.02.18.431696	methreg	https://bio.tools/methreg	2021-04-11	bio.tools		
motifsim	MOTIFSIM	Detects similarity in single or multiple DNA motif datasets	motif-comparison	motif-comparison	core	http://motifsim.org/							Web application	Nucleic acid sites, features and motifs|DNA|Sequence analysis					2		2017	pmid:28632401	motifsim	https://bio.tools/motifsim	2018-12-10	bio.tools		
mugvre	MuGVRE	Web-based workbench for 3D/4D genomics analyses, including modelling, simulation, and visualisation	peak-calling|grn-inference|nucleosome-chromatin	peak-calling	core	https://www.multiscalegenomics.eu/	https://github.com/Multiscale-Genomics/VRE	6	2020-07-07	False	JavaScript	Apache-2.0	Web application|Workbench	DNA packaging|ChIP-seq|Nucleic acid structure analysis|Molecular modelling	PHP|Python	Apache-2.0		Free of charge	2			doi:10.1101/602474	mugvre	https://bio.tools/mugvre	2025-05-29	bio.tools		
multioviz	Multioviz	In silico perturbation and interrogation of gene regulatory networks to bridge computation and wet-lab experimentation	grn-inference	grn-inference	core	https://multioviz.ccv.brown.edu/								Molecular interactions, pathways and networks|Genetics|Mapping|Zoology	R				2			pmid:39080561	multioviz	https://bio.tools/multioviz	2026-01-14	bio.tools		
nasap	nASAP	Analyses nascent RNA profiling data for expression, regulatory networks, and quality control	grn-inference	grn-inference	core	https://grobase.top/nasap/							Web application	Functional, regulatory and non-coding RNA|Gene transcripts|RNA-Seq|Molecular interactions, pathways and networks|Gene expression				Free of charge	2		2023	pmid:37356907	nasap	https://bio.tools/nasap	2024-11-24	bio.tools		
pafway	PAFway	Computes pairwise associations between functional annotations in biological networks and pathways	grn-inference	grn-inference	core	https://github.com/ezer/PAFway	https://github.com/ezer/PAFway	2	2019-12-10	False	R		Library	Molecular interactions, pathways and networks|Plant biology|Bioinformatics|Biotechnology|Systems biology	R				2			pmid:32678900	pafway	https://bio.tools/pafway	2021-09-16	bio.tools		
pathext	PathExt	Mines omics-integrated biological networks using path-based analysis	grn-inference	grn-inference	core	https://github.com/NarmadaSambaturu/PathExt	https://github.com/NarmadaSambaturu/PathExt	4	2020-10-12	False	Python			Molecular interactions, pathways and networks|Transcriptomics|Metabolomics|Genotype and phenotype|Mathematics	Python|Shell				2			doi:10.1101/2020.01.21.913418	pathext	https://bio.tools/pathext	2021-01-22	bio.tools		
precisetad	preciseTAD	Predicts 3D domain boundaries at base-level resolution using a machine learning framework	tfbs-prediction|regulatory-elements	tfbs-prediction	core	https://bioconductor.org/packages/preciseTAD	https://github.com/dozmorovlab/preciseTAD	8	2022-04-22	False	R	NOASSERTION		Transcription factors and regulatory sites|ChIP-seq|Machine learning|Protein expression|Chromosome conformation capture	R	MIT			2			doi:10.1101/2020.09.03.282186	precisetad	https://bio.tools/precisetad	2021-01-27	bio.tools		
PRP	PRP	Integrates regulatory information and analysis for plant genomes, including gene methylation, miRNA expression, and network visualisation	regulatory-elements|chip-resources|grn-inference	regulatory-elements	core	https://scbb.ihbt.res.in/PRP								Functional, regulatory and non-coding RNA|Plant biology|Epigenetics|Transcription factors and regulatory sites|Molecular interactions, pathways and networks					2		2019	pmid:31796964	PRP	https://bio.tools/PRP	2021-01-13	bio.tools		
pyprobound	PyProBound	Benchmarks and builds DNA binding affinity models for allele-specific transcription factor binding data	motif-discovery|tfbs-prediction|regulatory-variants	motif-discovery	core	https://pyprobound.readthedocs.io								ChIP-seq|Transcription factors and regulatory sites|Biophysics|Machine learning					2			pmid:39482734	pyprobound	https://bio.tools/pyprobound	2026-01-15	bio.tools		
pyviper	pyVIPER	Performs rank-based enrichment analysis on single-cell RNASeq data	grn-inference|single-cell	grn-inference	core	https://zenodo.org/records/10059791	https://github.com/alevax/pyviper	15	2026-06-12	False	Jupyter Notebook	NOASSERTION		RNA-Seq|Molecular interactions, pathways and networks|Transcriptomics|Single-cell sequencing|Cell biology	Python				2			doi:10.1101/2024.08.25.609585	pyviper	https://bio.tools/pyviper	2026-01-14	bio.tools		
qhistone	QHistone	Predicts protein synergistic effects and regulatory activity in Arabidopsis thaliana using epigenome profiling	regulatory-elements|peak-calling	regulatory-elements	core	https://qhistone.paoyang.ipmb.sinica.edu.tw								Epigenomics|ChIP-seq|Plant biology|ChIP-on-chip|Gene expression					2			pmid:39448614	qhistone	https://bio.tools/qhistone	2026-01-15	bio.tools		
repentools	RepEnTools	Performs genome-wide repeat element enrichment analysis on ChIP-seq and similar chromatin pulldown data	peak-annotation	peak-annotation	extended	http://github.com/PavelBashtrykov/RepEnTools	https://github.com/PavelBashtrykov/RepEnTools	7	2024-05-04	False	Shell	GPL-3.0		ChIP-seq|Transcription factors and regulatory sites|DNA polymorphism|RNA-Seq|ChIP-on-chip					2			pmid:38570859	repentools	https://bio.tools/repentools	2026-01-14	bio.tools		
ReProMin	ReProMin	Quantifies proteome reallocation using minimal regulatory interventions from gene regulatory networks	grn-inference	grn-inference	core	https://github.com/utrillalab/repromin	https://github.com/utrillalab/repromin	2	2022-05-30	False	Jupyter Notebook			Proteomics|Molecular interactions, pathways and networks|Gene regulation	Python				2			doi:10.1101/733592	ReProMin	https://bio.tools/ReProMin	2020-12-12	bio.tools		
s3v2-ideas	S3V2-IDEAS	Normalizes, denoises, and integrates epigenomic datasets across different cell types	peak-calling|nucleosome-chromatin	peak-calling	core	https://github.com/guanjue/S3V2_IDEAS_ESMP	https://github.com/guanjue/S3V2_IDEAS_ESMP	12	2023-09-22	False	C++	MIT		Epigenomics|Transcription factors and regulatory sites|Cell biology	C++|R|Python	MIT			2			doi:10.1101/2020.09.08.287920	s3v2-ideas	https://bio.tools/s3v2-ideas	2021-02-10	bio.tools		
sharenet	ShareNet	Boosts accuracy of cell type-specific gene regulatory associations using a Bayesian framework	grn-inference	grn-inference	core	https://github.com/alexw16/sharenet	https://github.com/alexw16/sharenet	0	2021-03-31	False	Jupyter Notebook	MIT	Command-line tool	Molecular interactions, pathways and networks|Gene expression|Cell biology|RNA-Seq|Genotype and phenotype	Python|Shell	MIT		Free of charge	2		2021	pmid:34252956	sharenet	https://bio.tools/sharenet	2021-11-20	bio.tools		
shinyarchr_uio	ShinyArchR UiO	Visualises massive single-cell chromatin accessibility data from scATAC-seq using an interactive Shiny web app	single-cell	single-cell	extended	https://github.com/EskelandLab/ShinyArchRUiO	https://github.com/EskelandLab/ShinyArchRUiO	20	2025-06-26	False	R	GPL-3.0	Command-line tool	Chromosome conformation capture|Transcription factors and regulatory sites|Mapping	R	GPL-3.0		Free of charge	2			doi:10.1101/2021.06.21.449316	shinyarchr_uio	https://bio.tools/shinyarchr_uio	2021-10-15	bio.tools		
snapper	Snapper	Detects methylation motifs in Oxford Nanopore reads using a high-sensitive algorithm	motif-discovery	motif-discovery	extended	https://snapper-tutorial.readthedocs.io							Workflow	Sequence sites, features and motifs|Epigenetics|Methylated DNA immunoprecipitation|Sequencing				Free of charge	2		2023	pmid:37982752	snapper	https://bio.tools/snapper	2024-11-24	bio.tools		
stream	STREAM	Models transcriptional regulation of a specific gene and predicts its transcriptional output in different situations	tfbs-prediction|regulatory-elements	tfbs-prediction	core	http://stream.imb.uq.edu.au/							Web application	Transcription factors and regulatory sites|Gene expression|Gene transcripts|Gene regulation|Molecular interactions, pathways and networks	Java				2			pmid:18776194	stream	https://bio.tools/stream	2024-11-25	bio.tools		
svmatac	svmATAC	Enhances and imputes peak signal for accurate cell type identification in scATAC-seq data	peak-calling|single-cell	peak-calling	core	https://github.com/mrcuizhe/svmATAC	https://github.com/mrcuizhe/svmATAC	3	2021-03-18	False	R	MIT	Script	Machine learning|Chromosome conformation capture|RNA-Seq|Cytometry|Transcription factors and regulatory sites	R|Python	MIT			2		2021	pmid:33889181	svmatac	https://bio.tools/svmatac	2021-12-06	bio.tools		
T-Gene	T-Gene	Predicts target genes by analysing transcription factor binding sites and expression correlations	tfbs-prediction|grn-inference	tfbs-prediction	core	http://meme-suite.org/tools/tgene								Transcription factors and regulatory sites|Epigenetics|Gene regulation|Gene transcripts|Model organisms					2			doi:10.1101/803221	T-Gene	https://bio.tools/T-Gene	2020-12-27	bio.tools		
tmeland	TMELand	Quantifies and visualises Waddington's epigenetic landscape from gene regulatory networks	grn-inference	grn-inference	core	https://github.com/JieZheng-ShanghaiTech/TMELand	https://github.com/JieZheng-ShanghaiTech/TMELand	5	2022-01-28	False	Python	GPL-3.0	Command-line tool	Epigenetics|Molecular interactions, pathways and networks|Workflows|Gene expression|Mathematics	Python	GPL-3.0		Free of charge	2		2023	pmid:37310837	tmeland	https://bio.tools/tmeland	2024-02-09	bio.tools		
tripbase	TRIPBASE	Identifies human genomic DNA and lncRNA triplexes from a database	regulatory-elements	regulatory-elements	core	https://tripbase.iis.sinica.edu.tw/							Database portal	Functional, regulatory and non-coding RNA|DNA|Biological databases|Gene expression				Free of charge	2		2023	pmid:37223317	tripbase	https://bio.tools/tripbase	2024-01-02	bio.tools		
3d-spagnn-e	3D-spaGNN-E	Develops spatially resolved gene neighborhood network embedding to identify subcellular gene proximity and communication motifs	motif-scanning	motif-scanning	extended	https://github.com/coskunlab/3D-spaGNN-E	https://github.com/coskunlab/3D-spaGNN-E	0	2024-06-11	False	Jupyter Notebook			Transcriptomics|Cell biology|Gene transcripts|Imaging|Proteomics					1			pmid:40084126	3d-spagnn-e	https://bio.tools/3d-spagnn-e	2026-02-22	bio.tools		
accuenhancer	accuEnhancer	Integrates multiple cell type data with deep learning for accurate enhancer prediction	regulatory-elements	regulatory-elements	core	https://github.com/callsobing/accuEnhancer	https://github.com/callsobing/accuEnhancer	1	2020-11-14	False	Jupyter Notebook		Command-line tool	Transcription factors and regulatory sites|Epigenetics|Machine learning|Cell biology|Sequencing	Python				1			doi:10.1101/2020.11.10.375717	accuenhancer	https://bio.tools/accuenhancer	2021-01-19	bio.tools		
aiscea	AIscEA	Integrates single-cell gene expression and chromatin accessibility using biological consistency	single-cell	single-cell	extended	https://github.com/elhaam/AIscEA	https://github.com/elhaam/AIscEA	0	2022-01-24	False	Python		Desktop application	Chromosome conformation capture|Gene expression|Epigenomics|RNA-Seq	Python	CC-BY-4.0			1		2022	pmid:36250795	aiscea	https://bio.tools/aiscea	2024-11-24	bio.tools		
annominer	AnnoMiner	Integrates epigenetics, transcription factor occupancy and transcriptomics data to predict transcriptional regulators	regulatory-elements|peak-calling|peak-annotation|grn-inference	regulatory-elements	core	http://chimborazo.ibdm.univ-mrs.fr/AnnoMiner/	https://gitlab.com/habermann_lab/annominer						Web application	Epigenomics|Transcription factors and regulatory sites|Transcriptomics|Gene regulation					1			doi:10.1101/2021.01.28.428613	annominer	https://bio.tools/annominer	2021-04-11	bio.tools		
bart3d	BART3D	Infers transcriptional regulators associated with differential chromatin interactions from Hi-C maps	peak-calling|grn-inference	peak-calling	core	https://github.com/zanglab/bart3d	https://github.com/zanglab/bart3d	4	2021-05-10	False	Python	BSD-3-Clause	Command-line tool	ChIP-seq|Gene expression|ChIP-on-chip|Chromosome conformation capture	Python	BSD-3-Clause			1			doi:10.1101/2020.08.19.258095	bart3d	https://bio.tools/bart3d	2021-01-31	bio.tools		
bimm_sc	BIMM	Discovers hub genes of TGFβ, MYC, and SMAD3 from DEX treatment data using multiscale modeling	grn-inference	grn-inference	core	https://github.com/chenm19/BIMM	https://github.com/chenm19/BIMM	1	2022-06-15	False	MATLAB		Command-line tool	Proteomics|Oncology|Molecular interactions, pathways and networks|Sequence analysis|RNA-Seq	MATLAB|R	Not licensed			1		2022	pmid:35998480	bimm_sc	https://bio.tools/bimm_sc	2024-11-24	bio.tools		
cancercontextualized	Cancer Contextualized	Infers sample-specific transcriptional networks for tumors using contextualized learning	grn-inference	grn-inference	core	https://github.com/cnellington/CancerContextualized	https://github.com/cnellington/CancerContextualized	5	2025-05-23	False	Jupyter Notebook	MIT		Oncology|Molecular interactions, pathways and networks|Genetic variation|Gene expression|Biomarkers	Python				1			pmid:40408406	cancercontextualized	https://bio.tools/cancercontextualized	2026-02-22	bio.tools		
cellregulon	CellRegulonDB	An atlas of transcription factor-driven gene programs across human cells from single-cell data	grn-inference|single-cell	grn-inference	extended	https://www.cellregulondb.org								Gene expression|Cell biology|Multiomics|Molecular interactions, pathways and networks|Pathology					1			doi:10.1101/2025.05.30.657075	cellregulon	https://bio.tools/cellregulon	2026-02-22	bio.tools		
chip-bit2	ChIP-BIT2	Detects weak binding events in ChIP-seq data using a Bayesian integration approach	tfbs-prediction|peak-calling	tfbs-prediction	core	http://sourceforge.net/projects/chipbitc/	http://sourceforge.net/projects/chipbitc/						Command-line tool	Transcription factors and regulatory sites|ChIP-seq|Epigenetics|ChIP-on-chip|Protein binding sites	C++				1		2021	pmid:33858322	chip-bit2	https://bio.tools/chip-bit2	2021-08-20	bio.tools		
ChIPSummitDB	ChIPSummitDB	Explores human transcription factor binding sites and their topological protein arrangements from ChIP-seq data	tfbs-prediction|chip-resources	tfbs-prediction	core	http://summit.med.unideb.hu/summitdb/							Web application	Transcription factors and regulatory sites|ChIP-seq|Protein binding sites	PHP|Perl|Python	Unlicense	Mature	Free of charge	1			doi:10.1101/652420	ChIPSummitDB	https://bio.tools/ChIPSummitDB	2020-06-16	bio.tools		
circe	CIRCE	Infers co-accessibility networks from single-cell ATAC-seq data to predict cis-regulatory DNA interactions	grn-inference|single-cell	grn-inference	core	https://circe.readthedocs.io								ATAC-seq|Hi-C|Transcription factors and regulatory sites|Epigenomics|Single-cell sequencing	Python	AGPL-3.0			1			doi:10.1101/2025.09.23.678054	circe	https://bio.tools/circe	2026-02-22	bio.tools		
crisprware	CRISPRware	Designs context-specific guide RNA libraries from next-generation sequencing data for allele-specific targeting	peak-calling	peak-calling	core	https://www.genome.ucsc.edu/s/CarpenterLab/crisprware_hg38								Sequencing|Ribosome Profiling|Gene transcripts|Functional, regulatory and non-coding RNA|ATAC-seq					1			pmid:40597657	crisprware	https://bio.tools/crisprware	2026-02-22	bio.tools		
damid-seq	DamMapper	Analyzes DamID-seq data using a Snakemake workflow	peak-calling|peak-annotation	peak-calling	core	https://damid-seq.readthedocs.io/								Workflows|ChIP-seq|Computer science|Transcription factors and regulatory sites|Gene regulation		MIT			1			pmid:41087863	damid-seq	https://bio.tools/damid-seq	2026-02-22	bio.tools		
deepregfinder	DeepRegFinder	Identifies DNA regulatory elements from ChIP-seq data using deep learning	tfbs-prediction|regulatory-elements	tfbs-prediction	core	https://github.com/shenlab-sinai/DeepRegFinder	https://github.com/shenlab-sinai/DeepRegFinder	11	2024-03-28	False	Python	NOASSERTION	Script	Transcription factors and regulatory sites|Machine learning|ChIP-seq|Epigenomics	Python	MIT			1			doi:10.1101/2021.04.27.441658	deepregfinder	https://bio.tools/deepregfinder	2021-09-13	bio.tools		
delila-py	Delila-PY	Construct binding site logos using the Delila software packages via a custom pipeline	motif-comparison	motif-comparison	extended	https://github.com/GLBRC/delila	https://github.com/GLBRC/delila	0	2021-02-09	False	C		Command-line tool	Sequence sites, features and motifs|Workflows|Gene expression|DNA|ChIP-seq	C|Python				1			pmid:33858925	delila-py	https://bio.tools/delila-py	2021-09-13	bio.tools		
dynugene	dynUGENE	Infers, simulates, and visualises gene regulatory networks with uncertainty awareness	grn-inference	grn-inference	core	https://tianyulu.shinyapps.io/dynUGENE/	https://github.com/tianyu-lu/dynUGENE	2	2021-01-05	False	R	NOASSERTION	Library|Web application	Molecular interactions, pathways and networks|Gene expression	R				1			doi:10.1101/2021.01.07.425782	dynugene	https://bio.tools/dynugene	2021-04-10	bio.tools		
EpiSAFARI	EpiSAFARI	Detects valley-shaped patterns in epigenetic signal profiles to annotate functional elements	regulatory-elements|peak-calling	regulatory-elements	core	https://github.com/harmancilab/EpiSAFARI	https://github.com/harmancilab/EpiSAFARI	2	2023-03-29	False	C++			Epigenetics|Transcription factors and regulatory sites|ChIP-seq	C++				1		2020	pmid:31501853	EpiSAFARI	https://bio.tools/EpiSAFARI	2024-11-24	bio.tools		
epoch	Epoch	Reconstructs dynamic regulatory networks from transcriptomic data to reveal signaling-induced topology changes	grn-inference	grn-inference	core	https://github.com/pcahan1/epoch	https://github.com/pcahan1/epoch	25	2022-02-10	False	R	MIT	Library	Molecular interactions, pathways and networks|Transcriptomics|Transcription factors and regulatory sites|Machine learning	R	MIT			1			doi:10.1101/2021.05.06.443021	epoch	https://bio.tools/epoch	2021-09-13	bio.tools		
eucamod	Eucalyptus Multi-omics Database (EucaMOD)	Integrates genomics, transcriptomics, epigenetics, and variomics data for Eucalyptus trees	tfbs-prediction|regulatory-variants	tfbs-prediction	core	http://eucalyptusggd.net/eucamod								Multiomics|Epigenetics|RNA-Seq|Transcriptomics|Plant biology					1			pmid:41396997	eucamod	https://bio.tools/eucamod	2026-02-22	bio.tools		
fasttenet	FastTENET	Reconstructs gene regulatory networks from single-cell RNA sequencing data using GPU-accelerated TENET algorithm	grn-inference|single-cell	grn-inference	extended	https://github.com/cxinsys/fasttenet	https://github.com/cxinsys/fasttenet	10	2026-03-22	False	Python	BSD-3-Clause		Molecular interactions, pathways and networks|Functional, regulatory and non-coding RNA|Single-cell sequencing					1			pmid:39570606	fasttenet	https://bio.tools/fasttenet	2026-01-15	bio.tools		
g4snvhunter	G4SNVHunter	Identifies G4-forming sequences and screens SNVs for G4 destabilization potential	motif-scanning|tfbs-prediction|nucleosome-chromatin	motif-scanning	extended	https://bioconductor.org/packages/devel/bioc/html/G4SNVHunter.html	https://github.com/rongxinzh/G4SNVHunter	0	2025-05-28	False	R	MIT		Nucleic acid structure analysis|DNA polymorphism|Epigenetics|Gene transcripts|Transcription factors and regulatory sites	R	MIT			1			pmid:40825076	g4snvhunter	https://bio.tools/g4snvhunter	2026-02-22	bio.tools		
genavos	GENAVOS	Models and analyses cancer gene regulatory networks using delayed nonlinear variable order fractional systems	grn-inference	grn-inference	core	https://github.com/hanif-y/GENAVOS	https://github.com/hanif-y/GENAVOS	0	2020-08-31	False		Apache-2.0	Library	Molecular interactions, pathways and networks|Epigenetics|Oncology|Gene expression|Mathematics	MATLAB	Apache-2.0			1			doi:10.20944/PREPRINTS202011.0199.V1	genavos	https://bio.tools/genavos	2021-01-22	bio.tools		
gleaner	GLEANER	Web server for germline cycle expression analysis and epigenetics roadmap visualization	peak-calling|nucleosome-chromatin	peak-calling	extended	http://compbio-zhanglab.org/GLEANER							Web application	Epigenetics|Methylated DNA immunoprecipitation|Gene expression|ChIP-seq|RNA-Seq				Free of charge	1		2021	pmid:34058973	gleaner	https://bio.tools/gleaner	2021-11-08	bio.tools		
grafimo	GRAFIMO	Identifies individual motif occurrences in genomic sequences using a graph-based approach	motif-scanning|tfbs-prediction	motif-scanning	core	https://github.com/pinellolab/GRAFIMO	https://github.com/pinellolab/GRAFIMO	31	2024-08-29	False	Python	MIT	Command-line tool	Transcription factors and regulatory sites|DNA polymorphism|Structural variation|ChIP-seq|Epigenetics	Python	MIT			1			doi:10.1101/2021.02.04.429752	grafimo	https://bio.tools/grafimo	2021-03-30	bio.tools		
green-db	GREEN-DB	Annotates and prioritizes non-coding regulatory variants in whole-genome sequencing data	regulatory-variants	regulatory-variants	core	https://github.com/edg1983/GREEN-VARAN	https://github.com/edg1983/GREEN-VARAN	21	2025-06-13	False	R	MIT	Database portal	Transcription factors and regulatory sites|Whole genome sequencing|Gene regulation|Genotype and phenotype|Genomics	Python|Shell	MIT			1			doi:10.1101/2020.09.17.301960	green-db	https://bio.tools/green-db	2021-01-25	bio.tools		
GRN	GRN	Infers gene regulatory networks from perturbation data to uncover oncogenic mechanisms	grn-inference	grn-inference	core	https://dcolin.shinyapps.io/CancerGRN/	https://bitbucket.org/sonnhammergrni/genespider/src/BFECV/						Web application	Molecular interactions, pathways and networks|Oncology|Functional, regulatory and non-coding RNA					1			doi:10.1101/735514	GRN	https://bio.tools/GRN	2020-12-07	bio.tools		
hematlas	HemAtlas	Maps hematopoiesis across species and developmental stages using multi-omics data	regulatory-elements|single-cell	regulatory-elements	core	https://ngdc.cncb.ac.cn/hematlas/								Multiomics|Epigenomics|RNA-Seq|Transcriptomics|Single-cell sequencing					1			pmid:40106419	hematlas	https://bio.tools/hematlas	2026-02-22	bio.tools		
icgec	ICGEC	Measures epigenetic conservation of genes using integrated histone modification signals between cell types	comparative	comparative	extended	https://github.com/FionaTJ/ICGEC	https://github.com/FionaTJ/ICGEC	0	2019-02-16	False	R		Library	Epigenetics|Transcription factors and regulatory sites|Cell biology|Genotype and phenotype|Protein modifications	R				1		2020	pmid:32398001	icgec	https://bio.tools/icgec	2021-02-01	bio.tools		
inpherno-chip	InPheRNo-ChIP	Reconstructs phenotype-relevant gene regulatory networks from ChIP-seq and RNA-seq data for endoderm development	grn-inference	grn-inference	core	https://github.com/Emad-COMBINE-lab/InPheRNo-ChIP	https://github.com/Emad-COMBINE-lab/InPheRNo-ChIP	0	2024-10-13	False	Python	AGPL-3.0		ChIP-seq|Molecular interactions, pathways and networks|RNA-Seq|Genotype and phenotype|Transcription factors and regulatory sites					1			pmid:39535258	inpherno-chip	https://bio.tools/inpherno-chip	2026-01-15	bio.tools		
ispace-log	ispace-log	Infers gene-gene networks using a SPACE model with log penalty	grn-inference	grn-inference	core	https://github.com/wuqian77/SpaceLog	https://github.com/wuqian77/SpaceLog	0	2021-12-08	False	R		Library	Molecular interactions, pathways and networks|Gene regulation|RNA-Seq	R|C	GPL-3.0		Free of charge	1		2022	pmid:35083040	ispace-log	https://bio.tools/ispace-log	2022-06-16	bio.tools		
LiPLike	LiPLike	Predicts high-certainty gene regulatory networks from expression data	grn-inference	grn-inference	core	https://gitlab.com/Gustafsson-lab/liplike	https://gitlab.com/Gustafsson-lab/liplike						Library	Molecular interactions, pathways and networks|Machine learning|Oncology	Python	AGPL-3.0	Mature	Free of charge	1			doi:10.1101/651596	LiPLike	https://bio.tools/LiPLike	2020-06-16	bio.tools		
mireya	MIREyA	Detects miRNA-directed gene activation through enhancer activation using computational analysis	regulatory-elements	regulatory-elements	core	https://github.com/veania/MIREyA	https://github.com/veania/MIREyA	0	2021-07-08	False	Python		Workflow	Functional, regulatory and non-coding RNA|Transcription factors and regulatory sites|Proteomics experiment|Epigenetics|Gene transcripts	Python|R|Shell				1		2021	doi:10.12688/F1000RESEARCH.28142.2	mireya	https://bio.tools/mireya	2021-10-10	bio.tools		
mixchip	MixChIP	Identifies cell type specific TF binding sites from heterogeneous ChIP-seq data using a probabilistic method	tfbs-prediction|peak-calling	tfbs-prediction	extended	http://research.ics.aalto.fi/csb/software/							Command-line tool	DNA binding sites|Protein interactions|ChIP-seq	R				1			pmid:26703974	mixchip	https://bio.tools/mixchip	2024-11-25	bio.tools		
mocca	MOCCA	Models DNA cis-regulatory element sequences using motif occurrence combinatorics	motif-discovery|motif-scanning|regulatory-elements	motif-discovery	core	https://github.com/bjornbredesen/MOCCA	https://github.com/bjornbredesen/MOCCA	2	2021-06-24	False	C++	MIT	Suite	Sequence sites, features and motifs|Machine learning|Epigenetics	C++	MIT			1		2021	pmid:33962556	mocca	https://bio.tools/mocca	2021-10-10	bio.tools		
moonlight2r	Moonlight2R	Integrates gene expression and DNA methylation data to identify cancer driver genes	grn-inference	grn-inference	core	https://bioconductor.org/packages/release/bioc/html/Moonlight2R.html	https://github.com/ELELAB/Moonlight2R	5	2026-07-10	False	R			Epigenomics|Oncology|Multiomics|Pathology|Gene expression	R	GPL-3.0			1			doi:10.1101/2024.03.14.584946	moonlight2r	https://bio.tools/moonlight2r	2026-01-14	bio.tools		
multi_locus_view	Multi_Locus_View	Analyses genomic data with dimensionality reduction, filtering, visualisation, and peak calling for ChIP-seq, RNA-Seq, and imaging	peak-calling	peak-calling	core	https://github.com/Hughes-Genome-Group/mlv	https://github.com/Hughes-Genome-Group/mlv	2	2022-12-08	False	Python	GPL-3.0	Command-line tool	ChIP-seq|RNA-Seq|Imaging|Machine learning	Python|JavaScript	GPL-3.0			1			doi:10.1101/2020.06.15.151837	multi_locus_view	https://bio.tools/multi_locus_view	2021-03-02	bio.tools		
necare	NECARE	Predicts cancer gene relationships and reveals network perturbations using gene expression data	grn-inference	grn-inference	core	https://github.com/JiajunQiu/NECARE	https://github.com/JiajunQiu/NECARE	3	2021-08-24	False	Python	MIT	Command-line tool	Oncology|Molecular interactions, pathways and networks|Protein interaction experiment|Gene expression|Machine learning	Python	MIT			1			doi:10.1101/2020.07.01.181776	necare	https://bio.tools/necare	2021-03-08	bio.tools		
netactivity	NetActivity	Computes gene set activity scores from previously trained sparsely-connected autoencoders	grn-inference	grn-inference	core	http://www.bioconductor.org/packages/NetActivity								Gene expression|RNA-Seq|Microarray experiment|Molecular interactions, pathways and networks|Oncology	R	MIT			1			pmid:38597610	netactivity	https://bio.tools/netactivity	2026-01-14	bio.tools		
netzoor	netZooR	Predicts genotype-specific gene regulatory networks from ChIP-seq data	grn-inference	grn-inference	core	http://netzoo.github.io							Library	Molecular interactions, pathways and networks|Transcription factors and regulatory sites|Genotype and phenotype|ChIP-seq|Pathology	R				1			doi:10.1101/2021.01.18.427134	netzoor	https://bio.tools/netzoor	2021-04-11	bio.tools		
nucleomap	NucleoMap	Identifies nucleosomes in ultra-high resolution contact maps	peak-calling|nucleosome-chromatin	peak-calling	core	https://github.com/liu-bioinfo-lab/NucleoMap	https://github.com/liu-bioinfo-lab/NucleoMap	1	2023-10-02	False	Jupyter Notebook	Apache-2.0	Command-line tool	DNA packaging|Epigenetics|Model organisms|ChIP-seq|Transcription factors and regulatory sites	Python	Apache-2.0		Free of charge	1		2022	pmid:35834552	nucleomap	https://bio.tools/nucleomap	2024-11-24	bio.tools		
oncoenrichr	oncoEnrichR	Interrogate human gene sets functionally in the context of cancer using an R package	grn-inference	grn-inference	core	https://github.com/sigven/oncoEnrichR	https://github.com/sigven/oncoEnrichR	55	2026-05-31	False	R	NOASSERTION	Web application|Command-line tool	Functional genomics|Data identity and mapping|Bioinformatics|Data visualisation|Data integration and warehousing|Copy number variation|DNA mutation|Oncology|Pharmacogenomics	R	MIT	Mature	Free of charge	1			doi:10.48550/arXiv.2107.13247	oncoenrichr	https://bio.tools/oncoenrichr	2022-04-08	bio.tools		
phylopgm	PhyloPGM	Predicts regulatory functions by boosting accuracy with evolutionary information	tfbs-prediction|grn-inference|comparative	tfbs-prediction	core	https://github.com/BlanchetteLab/PhyloPGM	https://github.com/BlanchetteLab/PhyloPGM	3	2022-03-20	False	Python	MIT	Command-line tool	Transcription factors and regulatory sites|RNA immunoprecipitation|Gene transcripts|ChIP-seq|Molecular interactions, pathways and networks	Python	MIT		Free of charge	1		2022	pmid:35758792	phylopgm	https://bio.tools/phylopgm	2024-11-24	bio.tools		
pique	Pique	Finds peaks in high coverage ChIP-seq data using an efficient Python algorithm	peak-calling	peak-calling	core	http://ryneches.github.io/pique/	https://github.com/ryneches/pique	9	2013-06-14	False	Python		Command-line tool	ChIP-seq|Transcription factors and regulatory sites|Model organisms|Bioinformatics|Gene structure	Python	BSD-3-Clause			1			doi:10.7287/PEERJ.PREPRINTS.290V2	pique	https://bio.tools/pique	2020-12-28	bio.tools		
ipredict	PREDICT	Predicts gene expression and identifies transcription factor binding motifs in plants under stress conditions using a k-mer pipeline	motif-discovery|tfbs-prediction|grn-inference	motif-discovery	core	http://predict.southerngenomics.org/kmers/kmers.php								Gene expression|Plant biology|Molecular interactions, pathways and networks|Database management					1			doi:10.1101/2024.03.28.587275	ipredict	https://bio.tools/ipredict	2026-01-14	bio.tools		
predictf	PredicTF	Predicts bacterial transcription factors in complex microbial communities	tfbs-prediction	tfbs-prediction	core	https://github.com/mdsufz/PredicTF	https://github.com/mdsufz/PredicTF	6	2023-04-20	False	Python	GPL-3.0	Script	Metatranscriptomics|Transcription factors and regulatory sites|Metagenomics|Microbial ecology|Taxonomy	Python	GPL-3.0			1			doi:10.1101/2021.01.28.428666	predictf	https://bio.tools/predictf	2021-03-28	bio.tools		
qpromoters	QPromoters	Predicts promoter strength in Saccharomyces cerevisiae from sequence data	regulatory-elements	regulatory-elements	core	https://qpromoters.com/	https://github.com/DevangLiya/QPromoters	3	2021-07-18	False	Python	GPL-3.0	Web application	Transcription factors and regulatory sites|Gene transcripts|Model organisms	Python	GPL-3.0			1			doi:10.1101/2021.04.27.441621	qpromoters	https://bio.tools/qpromoters	2021-11-29	bio.tools		
REPIC	REPIC	Explores N6-methyladenosine methylome data for genome visualisation, peak calling, and query retrieval	peak-calling|nucleosome-chromatin	peak-calling	core	https://repicmod.uchicago.edu/repic/								Sequencing|Epigenetics|Transcriptomics|Workflows|Gene transcripts					1			doi:10.1101/2019.12.11.873299	REPIC	https://bio.tools/REPIC	2021-01-15	bio.tools		
rlbase	RLBase	Explore and analyse R-loop mapping data through a database portal and web application	peak-calling|chip-resources	peak-calling	core	https://gccri.bishop-lab.uthscsa.edu/rlbase/	https://github.com/Bishop-Laboratory/RLBase	2	2022-06-28	False	R	MIT	Database portal|Web application	Mapping|RNA-Seq|Nucleic acid structure analysis|Gene expression	R|JavaScript|Python	MIT		Free of charge	1			doi:10.1101/2021.11.01.466854	rlbase	https://bio.tools/rlbase	2022-03-29	bio.tools		
scnucmap	scNucMap	Analyzes single-cell MNase-seq data to map nucleosome landscapes	nucleosome-chromatin|single-cell	nucleosome-chromatin	core	https://github.com/qianming-bioinfo/scNucMap	https://github.com/qianming-bioinfo/scNucMap	3	2026-03-20	False	C++	MIT		DNA packaging|Epigenetics|Molecular interactions, pathways and networks|ATAC-seq|Single-cell sequencing					1			pmid:40424338	scnucmap	https://bio.tools/scnucmap	2026-02-22	bio.tools		
scsgl	scSGL	Infers gene regulatory networks from single-cell RNA-seq data using signed graph learning and graph signal processing	grn-inference|single-cell	grn-inference	core	https://github.com/Single-Cell-Graph-Learning/scSGL	https://github.com/Single-Cell-Graph-Learning/scSGL	8	2022-04-27	False	Python	GPL-3.0	Library	Molecular interactions, pathways and networks|Machine learning|Mathematics|Microarray experiment	Python|R	GPL-3.0		Free of charge	1			doi:10.1101/2021.07.08.451697	scsgl	https://bio.tools/scsgl	2021-11-20	bio.tools		
semplme	SEMplMe	Integrates DNA methylation effects into transcription factor binding affinity predictions	tfbs-prediction|regulatory-variants	tfbs-prediction	core	https://github.com/Boyle-Lab/SEMplMe	https://github.com/Boyle-Lab/SEMplMe	1	2021-06-03	False	C			Methylated DNA immunoprecipitation|Transcription factors and regulatory sites|Epigenetics|ChIP-seq|Electron microscopy	C				1			doi:10.1101/2020.08.13.250118	semplme	https://bio.tools/semplme	2021-02-16	bio.tools		
senies	SENIES	Predicts enhancers and their strength from DNA sequence and shape features using deep learning	regulatory-elements	regulatory-elements	core	https://github.com/hlju-liye/SENIES	https://github.com/hlju-liye/SENIES	3	2021-10-28	False	Python	MIT	Script	Transcription factors and regulatory sites|ChIP-seq|Epigenetics|Gene transcripts|Machine learning	Python	MIT			1			doi:10.1101/2021.05.14.444093	senies	https://bio.tools/senies	2021-11-29	bio.tools		
seqsim	SEQSIM	Compares promoter regions using an optimized Needleman-Wunsch algorithm for high-speed sequence alignment	regulatory-elements	regulatory-elements	core	https://sites.ualberta.ca/~joyramie/SEQSIM.html								Transcription factors and regulatory sites|Gene regulation|Molecular interactions, pathways and networks|Gene transcripts|Epigenetics					1			pmid:40490738	seqsim	https://bio.tools/seqsim	2026-02-22	bio.tools		
sevenc	sevenC	Predicts target genes of regulatory sequences using chromatin looping data	regulatory-elements|peak-annotation	regulatory-elements	extended	http://bioconductor.org/packages/release/bioc/html/sevenC.html	https://github.com/ibn-salem/sevenC	13	2025-10-15	False	R		Library	ChIP-seq|ChIP-on-chip|Epigenetics|Functional genomics	R	GPL-3.0		Free of charge	1			doi:10.1101/257584	sevenc	https://bio.tools/sevenc	2018-12-10	bio.tools		
sigma70pred	Sigma70Pred	Predicts sigma70 promoters in prokaryotic genomes with high accuracy	tfbs-prediction|regulatory-elements	tfbs-prediction	core	https://webs.iiitd.edu.in/raghava/sigma70pred/							Web application	Transcription factors and regulatory sites|Gene transcripts|Model organisms				Free of charge	1			doi:10.1101/2021.06.29.450448	sigma70pred	https://bio.tools/sigma70pred	2024-11-24	bio.tools		
spacelog	spacelog	Infers gene-gene networks using a SPACE model with log penalty	grn-inference	grn-inference	core	https://github.com/wuqian77/SpaceLog	https://github.com/wuqian77/SpaceLog	0	2021-12-08	False	R			Gene regulation|Molecular interactions, pathways and networks|RNA-Seq	R|C				1			doi:10.12688/F1000RESEARCH.26128.1	spacelog	https://bio.tools/spacelog	2021-02-20	bio.tools		
StoatyDive	StoatyDive	Evaluates and classifies peak profiles from sequencing data	peak-calling|peak-annotation	peak-calling	core	https://anaconda.org/bioconda/stoatydive	https://github.com/BackofenLab/StoatyDive	3	2022-06-21	False	Python	GPL-3.0		RNA immunoprecipitation|ChIP-seq|ChIP-on-chip|Sequence sites, features and motifs|Protein structural motifs and surfaces	R|Python	GPL-3.0			1			doi:10.1101/799114	StoatyDive	https://bio.tools/StoatyDive	2020-12-26	bio.tools		
subfeat	SubFeat	Ensemble classifier for function prediction of DNA, RNA and protein sequences using feature subspacing	regulatory-elements	regulatory-elements	core	https://github.com/fazlulhaquejony/SubFeat	https://github.com/fazlulhaquejony/SubFeat	12	2020-09-13	False	Python			Epigenetics|Machine learning|Transcription factors and regulatory sites|RNA|Protein expression	Python				1			doi:10.1101/2020.08.04.228536	subfeat	https://bio.tools/subfeat	2021-02-24	bio.tools		
tfhaz	TFHAZ	Identifies transcription factor high accumulation DNA zones along the genome	tfbs-prediction	tfbs-prediction	core	http://bioconductor.org/packages/release/bioc/html/TFHAZ.html	https://git.bioconductor.org/packages/TFHAZ						Library	ChIP-seq|Gene expression	R	Artistic-2.0			1		2023	pmid:37864168	tfhaz	https://bio.tools/tfhaz	2024-11-24	bio.tools		
TGS-Lite	TGS-Lite	Reconstructs time-varying gene regulatory networks from time-series gene expression data with limited main memory	grn-inference	grn-inference	core	https://github.com/sap01/TGS-Lite-supplem/blob/master/README.md	https://github.com/sap01/TGS-Lite-supplem	1	2019-08-08	False	Shell			Molecular interactions, pathways and networks|Machine learning|Microarray experiment					1			doi:10.1101/755249	TGS-Lite	https://bio.tools/TGS-Lite	2020-12-28	bio.tools		
tritan	TriTan	Integrates single-cell multiomics data to cluster cells, identify signature features, and predict regulatory networks	grn-inference|single-cell	grn-inference	core	https://tritan-tutorial.readthedocs.io/en/latest/								Multiomics|Epigenomics|Proteomics|Transcriptomics|Machine learning					1			pmid:39581871	tritan	https://bio.tools/tritan	2026-01-15	bio.tools		
tscre	TSCRE	Comprehensive database for tumor-specific cis-regulatory elements	regulatory-elements|chip-resources	regulatory-elements	core	http://tscre.zsqylab.com/							Database portal	Transcription factors and regulatory sites|Epigenetics|Biomarkers|Oncology|Pharmacogenomics				Free of charge	1		2024	pmid:38213995	tscre	https://bio.tools/tscre	2024-11-24	bio.tools		
Tulip	Tulip	Simulates ChIP-seq data using statistical models of experimental steps	peak-calling	peak-calling	core	https://github.com/gymreklab/Tulip	https://github.com/gymreklab/Tulip	14	2023-03-13	False	Jupyter Notebook	GPL-3.0	Command-line tool	ChIP-seq|Gene transcripts|Epigenomics	C++	GPL-3.0	Mature	Free of charge	1			doi:10.1101/624486	Tulip	https://bio.tools/Tulip	2020-06-16	bio.tools		
varmole	Varmole	Prioritises disease risk variants and genes using a biologically drop-connect deep neural network	grn-inference|regulatory-variants	grn-inference	core	https://github.com/daifengwanglab/Varmole	https://github.com/daifengwanglab/Varmole	7	2020-10-27	False	Python			GWAS study|Genotype and phenotype|Mapping|Machine learning|Molecular interactions, pathways and networks	Python				1			doi:10.1101/2020.03.02.973743	varmole	https://bio.tools/varmole	2021-03-11	bio.tools		
YAPP	YAPP	Identifies novel long non-coding RNAs within RUNX1 intron 5 using expression and regulatory element analysis	regulatory-elements	regulatory-elements	core	http://www.bioinformatics.org/yapp/cgi-bin/yapp.cgi								Gene transcripts|Functional, regulatory and non-coding RNA|Sequencing					1		2019	pmid:31366376	YAPP	https://bio.tools/YAPP	2021-01-07	bio.tools		
abasy-atlas	Abasy Atlas	Deposits and analyses bacterial gene regulatory networks for system-level studies	regulatory-elements|grn-inference	regulatory-elements	core	https://abasy.ccg.unam.mx/								Molecular interactions, pathways and networks|Gene regulation|Synthetic biology|Transcription factors and regulatory sites|Gene structure					0			doi:10.1101/2020.05.04.077420	abasy-atlas	https://bio.tools/abasy-atlas	2021-01-19	bio.tools		
aimodules	AIModules	Find transcription factor binding sites and modules on DNA using own matrices or JASPAR	motif-scanning|tfbs-prediction	motif-scanning	core	https://bioinfo-wuerz.de/aimodules/	https://github.com/muharrem-aydinli/AIModules	1	2024-07-25	False	C		Web application|Desktop application	Transcription factors and regulatory sites|Gene transcripts|Functional, regulatory and non-coding RNA|ChIP-seq|Model organisms	Java|JavaScript|C|Python	GPL-2.0		Free of charge	0			doi:10.21203/RS.3.RS-1284479/V1	aimodules	https://bio.tools/aimodules	2022-06-08	bio.tools		
AME	AME	Analysis of Motif Enrichment - tests whether known motifs are enriched in a sequence set relative to a control	motif-scanning	motif-scanning	seed	https://meme-suite.org/meme/tools/ame																doi:10.1186/1471-2105-11-165				curated	meme-suite	
annotategenes	annotategenes	Annotates peaks with genomic features and creates a distribution PNG file	peak-annotation	peak-annotation	core	https://galaxy.pasteur.fr/tool_runner?tool_id=toolshed.pasteur.fr/repos/fmareuil/annotategenes/annotateGenes/1.0							Web application	Sequencing|Gene expression|ChIP-seq			Mature			primary publication shared by 5 tools	2016	pmid:27137889	annotategenes	https://bio.tools/annotategenes	2024-11-25	bio.tools		
aracne	ARACNE	Reconstructs cellular networks from microarray expression profiles using an algorithm for network deconvolution	grn-inference	grn-inference	core	http://wiki.c2b2.columbia.edu/califanolab/index.php/Software/ARACNE?							Command-line tool	Systems biology|Interactions|Networks	Java|C++				0		2006	doi:10.1186/1471-2105-7-S1-S7	aracne	https://bio.tools/aracne	2018-12-10	bio.tools		
asseq	asSeq	Studies allele-specific expression in RNA-seq and ChIP-seq data	peak-annotation|regulatory-variants	peak-annotation	extended	http://www.bios.unc.edu/~weisun/software/asSeq.htm							Library	Sequencing|Mapping|RNA|ChIP-seq|RNA-Seq|Genetics					0			pmid:21838806	asseq	https://bio.tools/asseq	2024-11-25	bio.tools		
atsnp	atSNP	Computes and tests large-scale motif-SNP interactions for regulatory SNP detection	motif-scanning|regulatory-variants	motif-scanning	core	https://github.com/chandlerzuo/atsnp	https://github.com/chandlerzuo/atsnp	5	2020-10-31	False	R		Library	DNA polymorphism|Statistics and probability	R|C++				0			pmid:26092860	atsnp	https://bio.tools/atsnp	2024-11-25	bio.tools		
aucell	AUCell	Identifies cells with active gene sets in single-cell RNA-seq data	grn-inference|single-cell	grn-inference	core	http://bioconductor.org/packages/release/bioc/html/AUCell.html	https://git.bioconductor.org/packages/AUCell						Library	Gene expression|Transcriptomics	R	GPL-3.0				primary publication shared by 3 tools	2017	pmid:28991892	aucell	https://bio.tools/aucell	2024-11-25	bio.tools		
autorelacs	AutoRELACS	Generates and analyses ultra-parallel ChIP-seq data with automated peak calling and normalisation	peak-calling	peak-calling	core	https://github.com/FrancescoFerrari88/AutoRELACS	https://github.com/FrancescoFerrari88/AutoRELACS	0	2020-03-27	False	Jupyter Notebook	MIT	Script	ChIP-seq|ChIP-on-chip|Epigenetics|Protein interactions|Workflows		MIT			0		2020	doi:10.1101/2020.03.30.016287	autorelacs	https://bio.tools/autorelacs	2024-11-24	bio.tools		
baalchip	BaalChIP	Process multiple ChIP-seq BAM files and detect allele-specific events	peak-calling|regulatory-variants	peak-calling	extended	http://bioconductor.org/packages/release/bioc/html/BaalChIP.html							Command-line tool|Library	Sequencing|ChIP-seq|Data quality management	R	Artistic-2.0			0			pmid:28235418	baalchip	https://bio.tools/baalchip	2024-11-25	bio.tools		
bamscale	BAMscale	Quantifies and normalises peak coverage or generates scaled BigWig files from BAM data	peak-calling|peak-annotation	peak-calling	core	https://github.com/ncbi/BAMscale	https://github.com/ncbi/BAMscale	74	2024-12-04	False	C	NOASSERTION	Command-line tool|Workflow	ChIP-seq|RNA-Seq|Epigenetics|Gene expression|DNA	C|R				0		2020	doi:10.21203/RS.2.20856/V2	bamscale	https://bio.tools/bamscale	2021-01-31	bio.tools		
bart-cancer	BART Cancer	Displays transcriptional regulators responsible for gene expression changes in 15 cancer types from TCGA	grn-inference|regulatory-variants	grn-inference	extended	https://zanglab.github.io/bartcancer/							Database portal	Oncology|Gene expression|Epigenetics|RNA-Seq|ChIP-seq					0			doi:10.1101/2020.12.17.423327	bart-cancer	https://bio.tools/bart-cancer	2021-01-31	bio.tools		
Basenji	Basenji	Dilated convolutional model predicting cell-type-specific epigenetic and transcriptional profiles from long DNA sequences	regulatory-elements|nucleosome-chromatin	regulatory-elements	seed	https://github.com/calico/basenji	https://github.com/calico/basenji															doi:10.1101/gr.227819.117				curated	deep-learning	
basicstarrseq	BasicSTARRseq	Call peaks on STARR-seq data from the command line	peak-calling	peak-calling	core	http://bioconductor.org/packages/release/bioc/html/BasicSTARRseq.html							Command-line tool|Library	Sequencing|Sequence analysis|Mapping	R	GPL-3.0				primary publication shared by 22 tools		pmid:25633503	basicstarrseq	https://bio.tools/basicstarrseq	2024-11-25	bio.tools		
Basset	Basset	Convolutional neural network for learning the regulatory code of accessible genomes from DNase-seq	tfbs-prediction|nucleosome-chromatin	tfbs-prediction	seed	https://github.com/davek44/Basset	https://github.com/davek44/Basset															doi:10.1101/gr.200535.115				curated	deep-learning	
beads	BEADS	Normalizes ChIP-seq data from Illumina sequencing runs	peak-calling	peak-calling	extended	http://beads.sourceforge.net/							Command-line tool	ChIP-seq	Python				0			pmid:21646344	beads	https://bio.tools/beads	2024-11-25	bio.tools		
bidchips	BIDCHIPS	Quantifies and removes biases in ChIP-seq signals	peak-calling	peak-calling	extended	https://www.perkinslab.ca/software							Command-line tool	Genomics|ChIP-seq|Laboratory techniques	R|MATLAB				0			pmid:26388941	bidchips	https://bio.tools/bidchips	2018-12-10	bio.tools		
bindcompare	BindCompare	Analyzes protein-nucleic acid binding datasets to identify combinatorial associations between transcription factors and RNA binding proteins	tfbs-prediction|grn-inference	tfbs-prediction	core	https://pypi.org/project/bindcompare/	https://github.com/pranavmahabs/bindcompare	3	2025-04-22	False	Jupyter Notebook	GPL-3.0		Protein binding sites|Transcription factors and regulatory sites|RNA|ChIP-seq|Molecular interactions, pathways and networks	Python				0			pmid:39520544	bindcompare	https://bio.tools/bindcompare	2026-01-15	bio.tools		
bioswitch-grn	BioSWITCH	Switches static regulatory networks into executable GINML models using BioPAX to predict cellular behaviour	grn-inference	grn-inference	core	https://github.com/CBigOxf/BioSWITCH	https://github.com/CBigOxf/BioSWITCH						Command-line tool	Molecular interactions, pathways and networks|Cell biology|Gene regulation|Genotype and phenotype|Protein expression	Python	MIT			0			doi:10.1101/2020.05.29.122200	bioswitch-grn	https://bio.tools/bioswitch-grn	2021-02-04	bio.tools		
bml	BML	Discovers bipartite motifs in sequences via a web server	motif-discovery|motif-comparison	motif-discovery	core	http://motif.t-ridership.com/	https://github.com/Mohammad-Vahed/BML	1	2021-06-14	False	JavaScript		Web application	Sequence sites, features and motifs|Gene regulation|Sequence analysis|Machine learning	JavaScript|C#				0			doi:10.1101/2021.05.28.446236	bml	https://bio.tools/bml	2021-10-27	bio.tools		
Borzoi	Borzoi	Sequence model predicting RNA-seq coverage, capturing transcription, splicing and polyadenylation regulation	regulatory-elements	regulatory-elements	seed	https://github.com/calico/borzoi	https://github.com/calico/borzoi															doi:10.1038/s41588-024-02053-6				curated	deep-learning	
BPNet	BPNet	Base-resolution model of TF binding profiles from ChIP-nexus that learns interpretable motif syntax	motif-discovery|tfbs-prediction	motif-discovery	seed	https://github.com/kundajelab/bpnet	https://github.com/kundajelab/bpnet															doi:10.1038/s41588-021-00782-6				curated	deep-learning|base-resolution	Base-resolution TF binding model that recovers motif syntax
carrie	CARRIE	Analyzes microarray and promoter sequence data to identify responses to specific stimuli	regulatory-elements|grn-inference	regulatory-elements	core	http://zlab.bu.edu/CARRIE-web							Web application	Transcription factors and regulatory sites|Gene expression|Gene regulation|Molecular interactions, pathways and networks|Microarray experiment	R				0			pmid:1470435	carrie	https://bio.tools/carrie	2024-11-25	bio.tools		
castnet	CastNet	Simulates sequence evolution at the systems level using gene regulatory networks	grn-inference	grn-inference	core	https://github.com/carlosj-rr/CastNet	https://github.com/carlosj-rr/CastNet	1	2023-07-11	False	Python	GPL-3.0	Library	Phylogeny|Molecular evolution|Molecular interactions, pathways and networks|Genetic variation|Gene expression	Python	GPL-3.0		Free of charge	0		2023	pmid:37308829	castnet	https://bio.tools/castnet	2024-11-24	bio.tools		
causalr	CausalR	Predicts regulators and reconstructs regulatory networks from high-dimensional data using causal reasoning	grn-inference	grn-inference	core	http://bioconductor.org/packages/release/bioc/html/CausalR.html							Command-line tool|Library	Molecular interactions, pathways and networks	R	GPL-2.0				primary publication shared by 22 tools	2015	pmid:25633503	causalr	https://bio.tools/causalr	2024-11-24	bio.tools		
ccat	CCAT	Analyses ChIP-seq data with a negative control for peak detection	peak-calling	peak-calling	extended	http://cmb.gis.a-star.edu.sg/ChIPSeq/paperCCAT.htm							Command-line tool	ChIP-seq|DNA packaging	C	Not licensed			0		2010	pmid:20371496	ccat	https://bio.tools/ccat	2020-01-19	bio.tools		
cdna-detector	cDNA-detector	Detects and removes contaminating cDNA from DNA-Seq data like ATAC-Seq and ChIP-Seq	peak-calling	peak-calling	core	https://github.com/rheinbaylab/cDNA-detector	https://github.com/rheinbaylab/cDNA-detector	3	2021-11-05	False	Python	BSD-3-Clause	Command-line tool	Gene transcripts|Sequencing|DNA|Gene expression|RNA immunoprecipitation	Python	BSD-3-Clause		Free of charge (with restrictions)	0			doi:10.1101/2021.08.11.455962	cdna-detector	https://bio.tools/cdna-detector	2021-12-15	bio.tools		
cellcraft	CellCraft	Infers gene regulatory networks from single-cell RNA sequencing data via a web-based interface	grn-inference|single-cell	grn-inference	core	https://github.com/cxinsys/cellcraft	https://github.com/cxinsys/cellcraft	6	2026-07-15	False	JavaScript			Molecular interactions, pathways and networks|Single-cell sequencing|Workflows					0			pmid:41452748	cellcraft	https://bio.tools/cellcraft	2026-02-22	bio.tools		
cellwalkr	CellWalkR	Integrates single-cell and bulk data to resolve regulatory elements in R	regulatory-elements|single-cell	regulatory-elements	extended	https://github.com/PFPrzytycki/CellWalkR	https://github.com/PFPrzytycki/CellWalkR	22	2025-10-08	False	R	GPL-2.0	Library	Epigenetics|Cell biology|Transcription factors and regulatory sites	R	GPL-2.0			0			doi:10.1101/2021.02.23.432593	cellwalkr	https://bio.tools/cellwalkr	2021-03-21	bio.tools		
CENTIPEDE	CENTIPEDE	Bayesian mixture model inferring TF occupancy from sequence and chromatin accessibility	tfbs-prediction|footprinting	tfbs-prediction	seed	http://centipede.uchicago.edu/																doi:10.1101/gr.112623.110				curated		
CentriMo	CentriMo	Local motif enrichment analysis detecting central enrichment of motifs in peak regions	motif-scanning	motif-scanning	seed	https://meme-suite.org/meme/tools/centrimo																doi:10.1093/nar/gks433				curated	meme-suite	
charplant	CharPlant	Predicts open chromatin regions in plants using a deep learning model	regulatory-elements|peak-calling	regulatory-elements	core	https://github.com/Yin-Shen/CharPlant	https://github.com/Yin-Shen/CharPlant	10	2021-08-12	False	Python			Sequencing|Plant biology|Chromosome conformation capture|Gene transcripts|Gene expression	Python|Shell				0			doi:10.1101/2020.10.27.358218	charplant	https://bio.tools/charplant	2021-02-10	bio.tools		
chic	ChIC	Quality control pipeline for ChIP-seq data using comprehensive enrichment-based metrics	peak-calling	peak-calling	extended	http://bioconductor.org/packages/release/bioc/html/ChIC.html	https://git.bioconductor.org/packages/ChIC						Library	Quality affairs|ChIP-seq	R	GPL-2.0			0				chic	https://bio.tools/chic	2018-12-10	bio.tools		
chip-ap	ChIP-AP	An integrated ChIP-Seq analysis pipeline for peak calling and motif discovery	motif-discovery|peak-calling|peak-annotation	motif-discovery	core	https://github.com/JSuryatenggara/ChIP-AP	https://github.com/JSuryatenggara/ChIP-AP	23	2024-10-15	False	Python		Workflow|Command-line tool|Desktop application	ChIP-seq|ChIP-on-chip|Protein interactions|Workflows|Transcription factors and regulatory sites	Python				0			doi:10.1101/2021.04.18.440382	chip-ap	https://bio.tools/chip-ap	2021-08-20	bio.tools		
chip-atlas	ChIP-Atlas	Reveals transcription regulatory landscape architecture through GUI and API data-mining tools	chip-resources|peak-calling	chip-resources	extended	https://chip-atlas.org	https://github.com/inutano/chip-atlas	84	2026-06-20	False	CSS	MIT	Database portal|Suite|Web application	ChIP-seq|Epigenomics|Model organisms|Chromosome conformation capture|DNA polymorphism	JavaScript	MIT		Free of charge	0		2022	pmid:35325188	chip-atlas	https://bio.tools/chip-atlas	2024-11-24	bio.tools		Reprocessed public ChIP-seq, ATAC-seq and Bisulfite-seq across six organisms
chipenrich	chipenrich	Performs gene set enrichment testing using peaks from a ChIP-seq experiment	peak-annotation	peak-annotation	extended	http://bioconductor.org/packages/release/bioc/html/chipenrich.html							Command-line tool|Library	ChIP-seq|Data quality management	R	GPL-3.0			0		2014	pmid:24878920	chipenrich	https://bio.tools/chipenrich	2019-01-10	bio.tools		
chipexoqual	ChIPexoQual	Provides a quality control pipeline for ChIP-exo/nexus data	peak-calling	peak-calling	extended	http://bioconductor.org/packages/release/bioc/html/ChIPexoQual.html	https://github.com/keleslab/ChIPexoQual	1	2018-03-01	False	R		Library	ChIP-seq|Sequencing|Gene expression	R	GPL-2.0			0				chipexoqual	https://bio.tools/chipexoqual	2018-12-10	bio.tools		
chipin	CHIPIN	Normalizes ChIP-seq signals between samples from different conditions using the same antibody	chip-resources	chip-resources	extended	https://github.com/BoevaLab/CHIPIN	https://github.com/BoevaLab/CHIPIN	8	2024-02-01	False	R	GPL-3.0	Library	ChIP-seq|Gene expression|Gene transcripts|ChIP-on-chip|Microarray experiment	R	GPL-3.0		Free of charge	0		2021	pmid:34404353	chipin	https://bio.tools/chipin	2021-12-15	bio.tools		
chippeakanno	ChIPpeakAnno	Retrieves sequences around peaks and finds enriched GO terms, nearest genes, exons, miRNAs, or custom features	peak-annotation	peak-annotation	extended	http://bioconductor.org/packages/release/bioc/html/ChIPpeakAnno.html							Command-line tool|Library	ChIP-seq|ChIP-on-chip	R	GPL-2.0			0		2013	pmid:23975789	chippeakanno	https://bio.tools/chippeakanno	2019-01-10	bio.tools		
chipqc	ChIPQC	Computes quality metrics for ChIP-seq data	peak-calling	peak-calling	extended	http://bioconductor.org/packages/release/bioc/html/ChIPQC.html							Command-line tool|Library	ChIP-seq	R	GPL-3.0			0		2014	pmid:24782889	chipqc	https://bio.tools/chipqc	2019-01-10	bio.tools		
chipseeker	ChIPseeker	Annotates ChIP-seq peaks with nearest genes, genomic regions, and enrichment statistics	peak-annotation	peak-annotation	extended	http://bioconductor.org/packages/release/bioc/html/ChIPseeker.html	https://github.com/YuLab-SMU/ChIPseeker	257	2026-04-29	False	R		Command-line tool|Library	ChIP-seq|Data visualisation|Data mining	R	Artistic-2.0			0		2015	pmid:25765347	chipseeker	https://bio.tools/chipseeker	2019-01-11	bio.tools		
chipseeker_R	ChIPseeker	Annotates, compares, and visualises ChIP-seq peaks in R	peak-annotation	peak-annotation	extended	https://www.bioconductor.org/packages/ChIPseeker							Library	Epigenomics|ChIP-on-chip|Epistasis|Genotype and phenotype	R	Artistic-2.0		Free of charge	0		2022	pmid:36286622	chipseeker_R	https://bio.tools/chipseeker_R	2022-12-27	bio.tools		
chipseq	chipseq	Process short read data for ChIP-seq experiments	peak-calling|peak-annotation	peak-calling	extended	http://bioconductor.org/packages/release/bioc/html/chipseq.html							Command-line tool|Library	ChIP-seq	R	Artistic-2.0				primary publication shared by 22 tools		pmid:25633503	chipseq	https://bio.tools/chipseq	2024-11-25	bio.tools		
chipseqr	ChIPseqR	Identifies protein binding sites from ChIP-seq and nucleosome positioning experiments	tfbs-prediction|peak-calling|nucleosome-chromatin	tfbs-prediction	extended	http://bioconductor.org/packages/release/bioc/html/ChIPseqR.html							Command-line tool|Library	Protein sites, features and motifs|ChIP-seq	R	GPL-2.0			0		2011	pmid:21281468	chipseqr	https://bio.tools/chipseqr	2018-12-30	bio.tools		
chipseqspike	ChIPSeqSpike	Normalises ChIP-seq data using spike-in controls for differential binding analysis	peak-calling	peak-calling	extended	http://bioconductor.org/packages/release/bioc/html/ChIPSeqSpike.html	https://git.bioconductor.org/packages/ChIPSeqSpike						Library	ChIP-seq|Epigenetics|Sequencing|Gene expression	R	Artistic-2.0			0				chipseqspike	https://bio.tools/chipseqspike	2018-12-10	bio.tools		
chipsim	ChIPsim	Simulates ChIP-seq data using a general framework	peak-calling	peak-calling	extended	http://bioconductor.org/packages/release/bioc/html/ChIPsim.html							Command-line tool|Library	ChIP-seq|Simulation experiment	R	GPL-2.0				primary publication shared by 22 tools		pmid:25633503	chipsim	https://bio.tools/chipsim	2024-11-25	bio.tools		
chipuana	ChIPuana	Snakemake workflow for ChIP-seq analysis from raw fastq to differential binding or histone modification analysis	peak-calling|peak-annotation|chip-resources	peak-calling	core	https://gitlab.pasteur.fr/hub/chipuana							Workflow	Epigenomics|ChIP-seq|Transcription factors and regulatory sites|Workflows|RNA-Seq	R|Python	GPL-3.0			0			doi:10.1101/2021.02.02.429342	chipuana	https://bio.tools/chipuana	2021-04-22	bio.tools		
chipwig	ChIPWig	Enables random access with lossless and lossy compression for ChIP-seq data	peak-calling	peak-calling	extended	https://github.com/vidarmehr/ChIPWig-v2	https://github.com/vidarmehr/ChIPWig-v2	6	2017-10-19	False	C++		Library	ChIP-seq|Data governance|Laboratory information management	C++				0		2018	doi:10.1093/bioinformatics/btx685	chipwig	https://bio.tools/chipwig	2018-12-10	bio.tools		
chromstar	chromstaR	Combinatorial and differential analysis of ChIP-seq data	peak-calling|peak-annotation	peak-calling	extended	http://bioconductor.org/packages/release/bioc/html/chromstaR.html							Command-line tool|Library	ChIP-seq	R|C++	Artistic-2.0			0			doi:10.1101/038612	chromstar	https://bio.tools/chromstar	2018-12-10	bio.tools		
CIS-BP	CIS-BP	Catalogue of Inferred Sequence Binding Preferences, inferring motifs across species from DNA-binding domain similarity	motif-databases	motif-databases	seed	http://cisbp.ccbr.utoronto.ca/																doi:10.1016/j.cell.2014.08.009				curated		Motif inference across species by DNA-binding-domain similarity
Cluster-Buster	Cluster-Buster	Finds clusters of co-occurring motifs, the signature of cis-regulatory modules	motif-scanning|regulatory-elements	motif-scanning	seed	https://github.com/weng-lab/cluster-buster	https://github.com/weng-lab/cluster-buster															doi:10.1093/nar/gkg540				curated		
cncdatabase	CNCDatabase	Explore non-coding cancer driver alterations and their associations with gene expression in human cancers	regulatory-elements|regulatory-variants	regulatory-elements	core	https://cncdatabase.med.cornell.edu/							Database portal	Functional, regulatory and non-coding RNA|Oncology|Transcription factors and regulatory sites|Pathology|Biological databases					0			doi:10.1101/2020.04.29.069047	cncdatabase	https://bio.tools/cncdatabase	2021-02-13	bio.tools		
cner	CNEr	Identifies and visualises conserved noncoding elements in large-scale sequence data	regulatory-elements|comparative	regulatory-elements	extended	http://bioconductor.org/packages/release/bioc/html/CNEr.html	https://github.com/ge11232002/CNEr	4	2022-10-23	False	C	NOASSERTION	Command-line tool|Library	Functional, regulatory and non-coding RNA	R	GPL-2.0				primary publication shared by 22 tools		pmid:25633503	cner	https://bio.tools/cner	2024-11-25	bio.tools		
cobindr	cobindR	Finds and analyses co-occurring transcription factor binding site motifs in gene groups	motif-discovery|motif-scanning	motif-discovery	core	http://bioconductor.org/packages/release/bioc/html/cobindR.html							Command-line tool|Library	Nucleic acid sites, features and motifs|Transcription factors and regulatory sites	R	Artistic-2.0				primary publication shared by 22 tools		pmid:25633503	cobindr	https://bio.tools/cobindr	2024-11-25	bio.tools		
cocoa	COCOA	Understands epigenetic variation among samples by analysing DNA methylation and regulatory sites	tfbs-prediction|nucleosome-chromatin	tfbs-prediction	extended	http://bioconductor.org/packages/COCOA	https://github.com/databio/COCOA_paper	1	2022-04-01	False	R	NOASSERTION	Library	Epigenetics|Methylated DNA immunoprecipitation|Transcription factors and regulatory sites|Sequencing|Chromosome conformation capture	R	GPL-3.0			0			doi:10.1101/2020.07.09.195289	cocoa	https://bio.tools/cocoa	2021-02-14	bio.tools		
cogito	Cogito	Compares annotated genomic intervals across diverse data types and conditions for systematic analysis	peak-annotation	peak-annotation	extended	https://bioconductor.org/packages/release/bioc/html/Cogito.html							Library	Epigenomics|ChIP-seq|RNA-Seq|Microarray experiment	R	LGPL-3.0		Free of charge	0		2022	pmid:35927614	cogito	https://bio.tools/cogito	2024-11-24	bio.tools		
CollecTF	CollecTF	Manually curated database of experimentally validated TF binding sites in bacteria	motif-databases	motif-databases	seed	http://www.collectf.org/																doi:10.1093/nar/gkt1123				curated	prokaryote	
coverageview	CoverageView	Visualise genome coverage profiles from read mapping data	peak-calling|nucleosome-chromatin	peak-calling	extended	http://bioconductor.org/packages/release/bioc/html/CoverageView.html							Command-line tool|Library	ChIP-seq|Data visualisation|Nucleic acid sites, features and motifs|Epigenetics	R	Artistic-2.0				primary publication shared by 22 tools		pmid:25633503	coverageview	https://bio.tools/coverageview	2024-11-25	bio.tools		
cpg_transformer	CpG Transformer	Imputes single-cell methylomes using a transformer model on CpG data	tfbs-prediction|regulatory-elements|nucleosome-chromatin|single-cell	tfbs-prediction	core	https://github.com/gdewael/cpg-transformer	https://github.com/gdewael/cpg-transformer	39	2023-09-14	False	Python	MIT	Script	Transcription factors and regulatory sites|Epigenetics|Machine learning|Methylated DNA immunoprecipitation|Molecular interactions, pathways and networks	Python	MIT		Free of charge	0			doi:10.1101/2021.06.08.447547	cpg_transformer	https://bio.tools/cpg_transformer	2021-10-28	bio.tools		
createcontrolsubset	createcontrolsubset	Filter duplicates from ChIP-seq reads and create a control dataset with matching read count	peak-calling	peak-calling	extended	http://www.htslib.org/							Web application	ChIP-seq|Sequencing			Mature		0		2016	doi:10.1093/nar/gkw343	createcontrolsubset	https://bio.tools/createcontrolsubset	2020-06-16	bio.tools		
crema	CREMA	Infers regulatory networks from chromatin accessibility or enhancer mark data	regulatory-elements|peak-calling|grn-inference	regulatory-elements	core	https://crema.unibas.ch							Web service	ChIP-seq|Gene regulation|Transcription factors and regulatory sites|Epigenomics|DNA binding sites		Other	Mature	Free of charge	0				crema	https://bio.tools/crema	2023-07-31	bio.tools		
croconet	CroCoNet	Quantitatively compares gene regulatory networks across species using R	grn-inference|comparative	grn-inference	core	https://hellmann-lab.github.io/CroCoNet/								Molecular interactions, pathways and networks|RNA-Seq|Gene expression|Phylogeny|Genotype and phenotype	R				0			doi:10.1101/2025.11.18.689002	croconet	https://bio.tools/croconet	2026-02-22	bio.tools		
csar	CSAR	Statistical tools for analysing ChIP-seq data	peak-calling|peak-annotation	peak-calling	extended	http://bioconductor.org/packages/release/bioc/html/CSAR.html							Command-line tool|Library	ChIP-seq	R	Artistic-2.0			0		2011	pmid:21554688	csar	https://bio.tools/csar	2018-12-30	bio.tools		
csaw	csaw	Detects differentially bound regions in ChIP-seq data using sliding windows with normalization and FDR control	peak-annotation	peak-annotation	extended	http://bioconductor.org/packages/release/bioc/html/csaw.html							Command-line tool|Library	Data visualisation|ChIP-seq|Sequencing|Nucleic acid sites, features and motifs	R	GPL-3.0			0		2014	pmid:24852250	csaw	https://bio.tools/csaw	2019-01-10	bio.tools		
cssp	CSSP	Computes power for ChIP-Seq data using Bayesian estimation of a local Poisson counting process	peak-calling	peak-calling	extended	http://bioconductor.org/packages/release/bioc/html/CSSP.html							Command-line tool|Library	ChIP-seq|Statistics and probability|Data quality management	R	GPL-2.0			0			pmid:23665773	cssp	https://bio.tools/cssp	2024-11-25	bio.tools		
DanQ	DanQ	Hybrid convolutional and recurrent network for predicting the function of noncoding DNA	tfbs-prediction|regulatory-elements	tfbs-prediction	seed	https://github.com/uci-cbcl/DanQ	https://github.com/uci-cbcl/DanQ															doi:10.1093/nar/gkw226				curated	deep-learning	
dbscatac	dbscATAC	Provides annotations of single-cell super-enhancers, gene markers, and enhancer-gene interactions from scATAC-seq data across thirteen species	regulatory-elements|chip-resources|single-cell	regulatory-elements	core	http://singlecelldb.com/dbscATAC/index.php								ATAC-seq|Epigenomics|Mapping|DNA polymorphism|Transcription factors and regulatory sites					0			pmid:40581357	dbscatac	https://bio.tools/dbscatac	2026-02-22	bio.tools		
dchiprep	DChIPRep	Assesses differences between chromatin modification profiles in replicated ChIP-Seq studies	peak-annotation	peak-annotation	extended	http://bioconductor.org/packages/release/bioc/html/DChIPRep.html							Command-line tool|Library	ChIP-seq	R	MIT			0		2016	pmid:27168989	dchiprep	https://bio.tools/dchiprep	2019-01-13	bio.tools		
decode-framework	DECODE	Condenses enhancers and refines boundaries using deep learning on large-scale functional assays	regulatory-elements	regulatory-elements	core	http://decode.gersteinlab.org							Workbench	Machine learning|Mapping|Transcription factors and regulatory sites					0			doi:10.1101/2021.01.27.428477	decode-framework	https://bio.tools/decode-framework	2021-03-22	bio.tools		
decoden	DecoDen	Learns shared chromatin landscapes and de-biases histone modification assays	peak-calling|nucleosome-chromatin	peak-calling	core	https://github.com/ntanmayee/decoden	https://github.com/ntanmayee/decoden	9	2026-02-11	False	Jupyter Notebook	GPL-3.0		Epigenomics|Immunoprecipitation experiment|ATAC-seq|Genotype and phenotype|Personalised medicine					0			pmid:41424765	decoden	https://bio.tools/decoden	2026-02-22	bio.tools		
DeepBind	DeepBind	Convolutional model of DNA- and RNA-binding protein sequence specificity; the first deep-learning TF binding predictor	tfbs-prediction	tfbs-prediction	seed	https://tools.genes.toronto.edu/deepbind/	https://github.com/jisraeli/DeepBind															doi:10.1038/nbt.3300				curated	deep-learning	
deepmotifsyn	DeepMotifSyn	Synthesizes heterodimeric motifs from monomeric motif pairs using deep learning	motif-discovery	motif-discovery	core	https://github.com/JasonLinjc/deepMotifSyn	https://github.com/JasonLinjc/deepMotifSyn	2	2021-07-01	False	Jupyter Notebook	MIT	Script	Sequence sites, features and motifs|Machine learning|Gene expression|Transcription factors and regulatory sites	Python	MIT			0			doi:10.1101/2021.02.22.432257	deepmotifsyn	https://bio.tools/deepmotifsyn	2021-03-27	bio.tools		
deepRAM	deepRAM	End-to-end deep learning toolkit for predicting protein binding sites and motifs from DNA/RNA sequences	motif-discovery|tfbs-prediction	motif-discovery	extended	https://github.com/MedChaabane/deepRAM	https://github.com/MedChaabane/deepRAM	45	2019-02-26	False	Python		Command-line tool	RNA immunoprecipitation|ChIP-seq|Machine learning	Python				0		2019	pmid:31510640	deepRAM	https://bio.tools/deepRAM	2020-12-20	bio.tools		
DeepSEA	DeepSEA	Predicts chromatin effects of noncoding variants directly from sequence at single-nucleotide resolution	tfbs-prediction|regulatory-variants|nucleosome-chromatin	tfbs-prediction	seed	http://deepsea.princeton.edu/	https://github.com/FunctionLab/selene															doi:10.1038/nmeth.3547				curated	deep-learning	
DeepSTARR	DeepSTARR	Predicts enhancer activity from sequence, trained on genome-wide STARR-seq	regulatory-elements	regulatory-elements	seed	https://github.com/bernardo-de-almeida/DeepSTARR	https://github.com/bernardo-de-almeida/DeepSTARR															doi:10.1038/s41588-022-01048-5				curated	deep-learning|enhancer	
deerect-tss	DeeReCT-TSS	Annotates transcription start sites in multiple cell types using DNA sequences and RNA-seq data	regulatory-elements	regulatory-elements	core	https://github.com/JoshuaChou2018/DeeReCT-TSS_release	https://github.com/JoshuaChou2018/DeeReCT-TSS_release	7	2023-05-14	False	Python		Script	RNA-Seq|Transcription factors and regulatory sites|Epigenomics|Gene transcripts|ChIP-seq	Python|Shell				0			doi:10.21203/RS.3.RS-640669/V1	deerect-tss	https://bio.tools/deerect-tss	2021-11-03	bio.tools		
DeltaNeTS	DeltaNeTS+	Elucidates drug and disease mechanisms using gene expression and transcriptional regulatory networks	grn-inference	grn-inference	core	http://www.github.com/cabsel/deltanetsplus	https://github.com/cabsel/deltanetsplus	1	2023-09-13	False	R	GPL-3.0	Library	Gene expression|Molecular interactions, pathways and networks|Gene transcripts|Pathology|Small molecules	R	GPL-3.0			0			doi:10.1101/788968	DeltaNeTS	https://bio.tools/DeltaNeTS	2020-12-20	bio.tools		
desso-db	DESSO-DB	Web database for sequence and shape motif analyses and identification	motif-discovery|motif-scanning|motif-databases|regulatory-elements	motif-discovery	core	http://cloud.osubmi.com/DESSO/							Database portal|Web application	Sequence sites, features and motifs|RNA immunoprecipitation|ChIP-seq|Cell biology		Other		Free of charge	0		2022	pmid:35782725	desso-db	https://bio.tools/desso-db	2024-11-24	bio.tools		
dexter	DExTER	Identifies long-range regulatory elements in eukaryotic genomes using phylogenetic footprinting	regulatory-elements|footprinting|comparative	regulatory-elements	core	https://gite.lirmm.fr/menichelli/DExTER							Command-line tool	Transcription factors and regulatory sites|Gene regulation|Model organisms|Gene transcripts|Epigenomics	Python	GPL-3.0			0			doi:10.1101/2020.06.02.130468	dexter	https://bio.tools/dexter	2021-03-01	bio.tools		
diffreps	diffReps	Finds different peaks in ChIP-seq data using a command-line tool	peak-calling|peak-annotation	peak-calling	extended	https://github.com/shenlab-sinai/diffreps	https://github.com/shenlab-sinai/diffreps	35	2022-01-05	False	Perl	NOASSERTION	Command-line tool|Script	Genomics|ChIP-seq|Sample collections	Perl	GPL-3.0	Mature		0			pmid:23762400	diffreps	https://bio.tools/diffreps	2024-11-25	bio.tools		
dimont	Dimont	Discovers de-novo motifs in ChIP and ChIP-seq DNA data	motif-discovery	motif-discovery	core	http://www.jstacs.de/index.php/Dimont							Command-line tool	ChiP|ChIP-seq|DNA	Java				0			pmid:24057214	dimont	https://bio.tools/dimont	2024-11-25	bio.tools		
DREME	DREME	Discriminative motif discovery for short motifs in large ChIP-seq datasets (superseded by STREME)	motif-discovery	motif-discovery	seed	https://meme-suite.org/meme/tools/dreme																doi:10.1093/bioinformatics/btr261				curated	meme-suite|deprecated	
drivergroup	DriverGroup	Detects driver gene groups using gene expression and gene interaction data	grn-inference	grn-inference	core	https://github.com/pvvhoang/DriverGroup	https://github.com/pvvhoang/DriverGroup	3	2022-02-08	False	Perl		Script	Oncology|Gene expression|Functional, regulatory and non-coding RNA|Pathology|Informatics	Perl|R				0		2020	doi:10.1101/2020.04.23.058719	drivergroup	https://bio.tools/drivergroup	2024-11-24	bio.tools		
eat-uptf	EAT-UpTF	Conducts enrichment analysis of upstream transcription factors for a given gene set	motif-scanning|grn-inference	motif-scanning	core	https://github.com/sangreashim/EAT-UpTF	https://github.com/sangreashim/EAT-UpTF	2	2021-04-19	False	Python		Command-line tool	Transcription factors and regulatory sites|ChIP-seq|Gene regulation|Gene transcripts|ChIP-on-chip	Python				0			doi:10.1101/2020.03.22.001537	eat-uptf	https://bio.tools/eat-uptf	2021-03-05	bio.tools		
ectracker	EcTracker	Tracks and elucidates ectopic expression using large-scale scRNA-seq data	grn-inference	grn-inference	core	https://the-ahuja-lab.shinyapps.io/ectracker/	https://github.com/the-ahuja-lab/EcTracker	0	2021-06-12	False	R		Library	Gene expression|Pathology|Molecular interactions, pathways and networks|Cell biology|Physiology	R				0			pmid:34184038	ectracker	https://bio.tools/ectracker	2021-11-06	bio.tools		
eliater	Eliater	Estimates perturbation effects on downstream molecules in biomolecular networks	grn-inference	grn-inference	core	https://github.com/y0-causal-inference/eliater	https://github.com/y0-causal-inference/eliater	4	2026-01-05	True	Jupyter Notebook	MIT		Gene expression|Molecular interactions, pathways and networks|Molecular biology	Python		Legacy		0			pmid:39187941	eliater	https://bio.tools/eliater	2026-01-14	bio.tools		
Enformer	Enformer	Transformer integrating long-range enhancer-promoter interactions to predict gene expression from sequence	tfbs-prediction|regulatory-elements	tfbs-prediction	seed	https://github.com/google-deepmind/deepmind-research/tree/master/enformer	https://github.com/google-deepmind/deepmind-research															doi:10.1038/s41592-021-01252-x				curated	deep-learning|transformer	Long-range sequence-to-expression model; a common baseline for regulatory prediction
EPIGENE	EPIGENE	Annotates genome-wide transcription units using a multivariate probabilistic model of histone modifications	regulatory-elements	regulatory-elements	extended	https://github.com/imbbLab/EPIGENE	https://github.com/imbbLab/EPIGENE	3	2020-04-08	False	R	MIT	Command-line tool|Script	Epigenomics|Functional, regulatory and non-coding RNA|Gene expression|Gene transcripts|RNA-Seq	R	MIT			0			doi:10.1101/2019.12.17.878454	EPIGENE	https://bio.tools/EPIGENE	2020-12-25	bio.tools		
Epigenomics_Workflow_on_Galaxy_and_Jupyter	Epigenomics Workflow on Galaxy and Jupyter	Runs reproducible ChIP-Seq and RNA-Seq analysis using Docker images with Galaxy and Jupyter	peak-calling|peak-annotation|chip-resources	peak-calling	core	https://github.com/wilkinsonlab/epigenomics_pipeline	https://github.com/wilkinsonlab/epigenomics_pipeline	3	2020-02-27	False	Jupyter Notebook	MIT	Workflow	Gene transcripts|DNA binding sites|Epigenomics		MIT	Emerging		0			doi:10.5281/zenodo.3298029	Epigenomics_Workflow_on_Galaxy_and_Jupyter	https://bio.tools/Epigenomics_Workflow_on_Galaxy_and_Jupyter	2021-04-17	bio.tools		
erange	ERANGE	Quantify RNA-seq and analyse ChIP-seq data	peak-calling|peak-annotation	peak-calling	extended	http://woldlab.caltech.edu/rnaseq/							Suite	ChIP-seq|RNA-Seq	Python		Mature		0			pmid:18516045	erange	https://bio.tools/erange	2024-11-25	bio.tools		
esatac	esATAC	Quantifies and analyses ATAC-seq reads with a complete preset pipeline	footprinting|peak-calling|single-cell	footprinting	extended	https://www.bioconductor.org/packages/release/bioc/html/esATAC.html	https://github.com/wzthu/esATAC	23	2022-08-08	False	R	GPL-3.0	Library	Genomics|Epigenetics|ChIP-seq	R|C++	GPL-3.0			0		2018	pmid:29522192	esatac	https://bio.tools/esatac	2024-11-25	bio.tools		
extractcentralregions	extractcentralregions	Extract central regions of ChIP-seq peaks	peak-calling	peak-calling	core	https://galaxy.pasteur.fr/tool_runner?tool_id=toolshed.pasteur.fr/repos/fmareuil/extractcentralregions/extractCentralRegions/1.0							Web application	ChIP-seq			Mature			primary publication shared by 5 tools	2016	pmid:27137889	extractcentralregions	https://bio.tools/extractcentralregions	2024-11-25	bio.tools		
ezgeno	ezGeno	Automatically tunes network structures and builds models for genomics data analysis using deep learning	tfbs-prediction|peak-calling	tfbs-prediction	core	https://github.com/ailabstw/ezGeno	https://github.com/ailabstw/ezGeno	21	2023-10-03	False	Python		Library	Epigenetics|Transcription factors and regulatory sites|Machine learning|ChIP-seq	Python				0			doi:10.1101/2020.09.30.319996	ezgeno	https://bio.tools/ezgeno	2021-03-08	bio.tools		
fastsk	FastSK	Fast sequence analysis using gapped string kernels for DNA binding site prediction	tfbs-prediction	tfbs-prediction	core	https://github.com/QData/FastSK	https://github.com/QData/FastSK	21	2022-12-08	False	Python	Apache-2.0	Library	Transcription factors and regulatory sites|Machine learning|ChIP-seq	Python|C++	Apache-2.0			0		2020	doi:10.1101/2020.04.21.053975	fastsk	https://bio.tools/fastsk	2024-11-24	bio.tools		
fccac	fCCAC	Assess covariance of nucleic acid sequencing datasets using functional canonical correlation analysis	peak-calling	peak-calling	extended	http://bioconductor.org/packages/release/bioc/html/fCCAC.html	https://github.com/pmb59/fCCAC	0	2025-04-07	False	R		Command-line tool|Library	Sequencing|ChIP-seq	R	Artistic-2.0			0		2017	pmid:27993776	fccac	https://bio.tools/fccac	2019-01-13	bio.tools		
FIMO	FIMO	Find Individual Motif Occurrences - scans sequences for matches to known motifs with p-values	motif-scanning	motif-scanning	seed	https://meme-suite.org/meme/tools/fimo	https://github.com/cinquin/MEME															doi:10.1093/bioinformatics/btr064				curated	meme-suite	Standard scanner for known motifs with calibrated p-values
find-tfbs	find-tfbs	Identifies functional non-coding variants using open chromatin maps and phased whole-genome sequences	regulatory-variants	regulatory-variants	extended	https://github.com/Helkafen/find-tfbs	https://github.com/Helkafen/find-tfbs	0	2022-06-08	False	Rust	GPL-3.0	Command-line tool	Transcription factors and regulatory sites|Whole genome sequencing|GWAS study|Mapping|Genotype and phenotype	Python	GPL-3.0			0			doi:10.1101/2020.11.23.394296	find-tfbs	https://bio.tools/find-tfbs	2021-03-11	bio.tools		
findpromoter	findpromoter	Searches for a promoter motif and optional adapter sequence from a source species on a target species	motif-scanning|regulatory-elements	motif-scanning	extended	https://galaxy.pasteur.fr/tool_runner?tool_id=toolshed.pasteur.fr/repos/fmareuil/promoteur_tools/findpromoter/1.0							Web application	Sequence analysis|Transcription factors and regulatory sites			Mature			primary publication shared by 5 tools	2016	pmid:27137889	findpromoter	https://bio.tools/findpromoter	2024-11-25	bio.tools		
flowtime	flowTime	Analyses dynamic and steady-state gene regulatory network data from yeast fluorescent reporter cytometry experiments	grn-inference	grn-inference	core	http://bioconductor.org/packages/release/bioc/html/flowTime.html							Library	Gene regulation	R	Artistic-2.0		Free of charge	0				flowtime	https://bio.tools/flowtime	2019-02-26	bio.tools		
fmsclusterfinder	FMSClusterFinder	Detects and identifies clusters of sequential motifs with varying characteristics in genomic sequences	motif-discovery|motif-scanning	motif-discovery	extended	http://fmsclusterfinder.fmsbiog.com							Web application	Sequence sites, features and motifs|Gene expression|Gene transcripts				Free of charge	0			doi:10.1101/2022.01.23.474238	fmsclusterfinder	https://bio.tools/fmsclusterfinder	2024-11-24	bio.tools		
footprintDB	footprintDB	Database of transcription factors and their DNA-binding interfaces, supporting motif transfer by protein similarity	motif-databases	motif-databases	seed	https://floresta.eead.csic.es/footprintdb/																doi:10.1093/bioinformatics/btw401				curated		
funpart	FunPart	Partitions heterogeneous cell populations into functionally distinct subpopulations and identifies relevant gene modules	grn-inference	grn-inference	core	https://github.com/BarlierC/FunPart	https://github.com/BarlierC/FunPart	1	2021-11-08	False	R	GPL-2.0	Web application	Transcriptomics|Function analysis	R				0		2021	pmid:34404761	funpart	https://bio.tools/funpart	2024-11-24	bio.tools		
FunSeq2	FunSeq2	Prioritises noncoding somatic variants using a weighted regulatory network and motif-disruption scores	regulatory-variants	regulatory-variants	seed	http://funseq2.gersteinlab.org/																doi:10.1186/s13059-014-0480-5				curated		
gcmodeller	GCModeller	Genomics CAD modeller system for expression analysis, genome alignment, and metabolic pathway prediction	grn-inference	grn-inference	core	https://gcmodeller.org/	https://github.com/SMRUCC/GCModeller	37	2026-07-25	False	Visual Basic .NET	GPL-3.0	Bioinformatics portal|Command-line tool|Suite|Library|Workflow	Systems biology|Fluxomics|Metabolomics|Phenomics	Visual Basic|R	GPL-3.0	Emerging	Free of charge	0				gcmodeller	https://bio.tools/gcmodeller	2021-11-12	bio.tools		
genenetworkbuilder	GeneNetworkBuilder	Discovers direct or indirect transcription factor targets using ChIP-chip/seq and gene expression data	grn-inference	grn-inference	extended	http://bioconductor.org/packages/release/bioc/html/GeneNetworkBuilder.html							Command-line tool|Library	Gene expression|ChIP-seq|Molecular interactions, pathways and networks	R	GPL-2.0			0			pmid:23975789	genenetworkbuilder	https://bio.tools/genenetworkbuilder	2024-11-25	bio.tools		
genetrank	GENetRank	Prioritizes genes regulating drug pharmacodynamics from single-cell analyses using random walks with restarts and absorbing states	grn-inference	grn-inference	core	https://sbl.inria.fr/doc/Genetrank-user-manual.html							Library	Molecular interactions, pathways and networks|Gene regulation|Pharmacogenomics|Protein folds and structural domains					0			doi:10.1101/2021.02.19.431974	genetrank	https://bio.tools/genetrank	2021-03-26	bio.tools		
genogam	GenoGAM	Analyse genome-wide ChIP-seq data with smooth functions using generalised additive models	peak-calling	peak-calling	extended	http://bioconductor.org/packages/release/bioc/html/GenoGAM.html	https://github.com/gstricker/GenoGAM	7	2019-07-14	False	R		Command-line tool|Library	ChIP-seq	R	GPL-2.0			0			pmid:28369277	genogam	https://bio.tools/genogam	2024-11-25	bio.tools		
Genrich	Genrich	Peak caller for ChIP-seq and ATAC-seq with native replicate handling and an ATAC-seq mode	peak-calling	peak-calling	seed	https://github.com/jsh58/Genrich	https://github.com/jsh58/Genrich																			curated		Peak caller with replicate handling and an ATAC mode
gibbs-motif-sampler	Gibbs Motif Sampler	Finds motifs and the optimum width via Gibbs sampling on DNA sequences	motif-discovery	motif-discovery	extended	https://www.mathworks.com/matlabcentral/fileexchange/27534-gibbs-motif-sampler							Library	Sequence sites, features and motifs|Statistics and probability|DNA	MATLAB			Free of charge (with restrictions)	0				gibbs-motif-sampler	https://bio.tools/gibbs-motif-sampler	2021-05-23	bio.tools		
gkm-SVM / LS-GKM	gkm-SVM / LS-GKM	Gapped k-mer SVM for regulatory sequence classification, scalable to large ChIP-seq and DNase datasets	tfbs-prediction|regulatory-elements	tfbs-prediction	seed	https://github.com/Dongwon-Lee/lsgkm	https://github.com/Dongwon-Lee/lsgkm															doi:10.1093/bioinformatics/btw142				curated	kernel-methods	
gpsmatch	GPSmatch	Compares genomic-binding profile similarity among transcriptional regulators using customizable databases	motif-comparison	motif-comparison	extended	https://github.com/Bao-Lab/GPSmatch	https://github.com/Bao-Lab/GPSmatch	1	2021-09-15	False	R		Library	ChIP-seq|Gene expression|RNA-Seq	R	Not licensed		Free of charge	0			pmid:34672337	gpsmatch	https://bio.tools/gpsmatch	2022-05-07	bio.tools		
greylistchip	GreyListChIP	Identifies regions in ChIP experiments with high input signal causing spurious peaks during peak calling	peak-calling	peak-calling	extended	http://bioconductor.org/packages/release/bioc/html/GreyListChIP.html							Command-line tool|Library	ChIP-seq|Oncology	R	Artistic-2.0				primary publication shared by 22 tools		pmid:25633503	greylistchip	https://bio.tools/greylistchip	2024-11-25	bio.tools		
guidingnet	GuidingNet	Reveals transcriptional cofactors and predicts DNA methyltransferase binding via network regularization	tfbs-prediction|grn-inference	tfbs-prediction	core	https://github.com/AMSSwanglab/GuidingNet	https://github.com/AMSSwanglab/GuidingNet	1	2020-08-09	False	R		Library	Gene expression|ChIP-seq|Protein interactions|DNA binding sites|Epigenetics	R				0			doi:10.1101/2020.06.02.129445	guidingnet	https://bio.tools/guidingnet	2021-01-30	bio.tools		
GWAVA	GWAVA	Random-forest prioritisation of noncoding variants from genomic and epigenomic annotations	regulatory-variants	regulatory-variants	seed	https://www.sanger.ac.uk/tool/gwava/																doi:10.1038/nmeth.2832				curated		
HaploReg	HaploReg	Explores annotations of the noncoding genome at variants on haplotype blocks, such as regulatory SNPs at disease-associated loci	regulatory-variants	regulatory-variants	core	https://pubs.broadinstitute.org/mammals/haploreg/haploreg.php							Web application	DNA polymorphism|Genotype and phenotype|Pathology					0		2012	pmid:22064851	HaploReg	https://bio.tools/HaploReg	2024-11-24	bio.tools		
heat_seq	Heat seq	Compare genome-scale high-throughput experiments like ChIP-seq, RNA-seq and CAGE to public data	peak-annotation|chip-resources	peak-annotation	extended	http://www.heatstarseq.roslin.ed.ac.uk/							Web application	ChIP-seq|RNA|Sequencing|RNA-Seq|Genomics	R				0			pmid:27378302	heat_seq	https://bio.tools/heat_seq	2024-11-25	bio.tools		
heatmaps	heatmaps	Plots heatmaps of genome-wide data across genomic intervals, such as ChIP-seq signals at peaks or across promoters	peak-annotation	peak-annotation	extended	http://bioconductor.org/packages/release/bioc/html/heatmaps.html							Library	Functional genomics|ChIP-seq	R	Artistic-2.0		Free of charge	0				heatmaps	https://bio.tools/heatmaps	2018-12-10	bio.tools		
HINT-ATAC	HINT-ATAC	HMM-based footprinting for ATAC-seq that models the protocol's cleavage bias	footprinting	footprinting	seed	https://reg-gen.readthedocs.io/en/latest/hint/introduction.html	https://github.com/CostaLab/reg-gen															doi:10.1186/s13059-019-1642-2				curated		
histrader	HisTrader	Identifies nucleosome free regions from ChIP-Seq of histone post-translational modifications	peak-calling|nucleosome-chromatin	peak-calling	core	https://github.com/SvenBaileyLab/Histrader	https://github.com/SvenBaileyLab/Histrader	1	2026-07-06	False	Python	GPL-3.0	Command-line tool	ChIP-seq|Epigenetics|Protein modifications|Transcription factors and regulatory sites|DNA packaging	Perl	GPL-3.0			0			doi:10.1101/2020.03.12.989228	histrader	https://bio.tools/histrader	2021-01-30	bio.tools		
hmcan	HMCan	Detects histone modifications in cancer ChIP-seq data using a hidden Markov model	peak-calling	peak-calling	extended	http://www.cbrc.kaust.edu.sa/hmcan/							Command-line tool	Oncology|ChIP-seq|Epigenetics|Genetics	C++				0			pmid:24021381	hmcan	https://bio.tools/hmcan	2024-11-25	bio.tools		
hocomoco	HOCOMOCO	Contains transcription factor binding models as position weight matrices for human and mouse	motif-databases	motif-databases	extended	https://hocomoco.autosome.org							Database portal	DNA binding sites|ChIP-seq			Mature		0		2018	pmid:29140464	hocomoco	https://bio.tools/hocomoco	2024-11-24	bio.tools		Human and mouse motifs derived from uniform ChIP-seq reprocessing
homer	homer	Discovers sequence motifs in genomic DNA for regulatory element analysis	motif-discovery	motif-discovery	core	http://homer.ucsd.edu/homer/motif/													0				homer	https://bio.tools/homer	2021-02-02	bio.tools		Motif discovery plus peak annotation; the pragmatic first stop for ChIP-seq
hsmotifdiscover	HSMotifDiscover	Identifies motifs in sequences composed of non-single-letter elements	motif-discovery	motif-discovery	core	https://hsmotifdiscover.shinyapps.io/HSMotifDiscover_ShinyApp/	https://github.com/bioinfoDZ/HSMotifDiscover	3	2022-05-11	False	R		Web application	Sequence sites, features and motifs|Microarray experiment|Protein interactions|Protein modifications|Gene expression	R	MIT		Free of charge	0		2022	pmid:35771633	hsmotifdiscover	https://bio.tools/hsmotifdiscover	2024-11-24	bio.tools		
htseqtools	htSeqTools	Analyse high-throughput sequencing data including ChIP-seq and RNA-seq	peak-calling|peak-annotation	peak-calling	extended	http://bioconductor.org/packages/release/bioc/html/htSeqTools.html							Command-line tool|Library	Sequencing|ChIP-seq|RNA-Seq	R	GPL-2.0		Free of charge	0		2012	pmid:22199381	htseqtools	https://bio.tools/htseqtools	2024-11-25	bio.tools		
i-cisTarget	i-cisTarget	Web service for cis-regulatory motif and track enrichment in gene sets and genomic regions	motif-scanning|regulatory-elements	motif-scanning	seed	https://gbiomed.kuleuven.be/apps/lcb/i-cisTarget/																doi:10.1093/nar/gkv1114				curated		
iaseq	iASeq	Fits correlation motif model to multiple RNAseq or ChIPseq studies to improve detection of allele-specific events	peak-calling	peak-calling	extended	http://bioconductor.org/packages/release/bioc/html/iASeq.html							Command-line tool|Library	RNA-Seq|ChIP-seq	R	GPL-2.0			0			pmid:23194258	iaseq	https://bio.tools/iaseq	2024-11-25	bio.tools		
iEnhancer-ECNN	iEnhancer-ECNN	Identifies enhancers and their strength using ensembles of convolutional neural networks	regulatory-elements	regulatory-elements	extended	https://github.com/ngphubinh/enhancers	https://github.com/ngphubinh/enhancers	5	2019-08-29	False			Command-line tool	Machine learning|Gene expression|DNA|Epigenomics|Proteomics					0		2019	pmid:31874637	iEnhancer-ECNN	https://bio.tools/iEnhancer-ECNN	2020-12-14	bio.tools		
intad	InTAD	Detects correlation between expressed genes and epigenomic signals within TADs using ChIP-seq data	regulatory-elements|peak-annotation	regulatory-elements	extended	http://bioconductor.org/packages/release/bioc/html/InTAD.html	https://git.bioconductor.org/packages/InTAD						Library	ChIP-seq|Epigenetics|Gene expression|RNA-seq|Sequencing	R	GPL-2.0			0				intad	https://bio.tools/intad	2018-12-10	bio.tools		
inuc-pseknc	iNuc-PseKNC	Predicts nucleosome occupancy of H using DNA sequence features	nucleosome-chromatin	nucleosome-chromatin	core	http://lin.uestc.edu.cn/server/iNuc-PseKNC							Web application	DNA binding sites|DNA packaging|Model organisms					0		2014	pmid:24504871	inuc-pseknc	https://bio.tools/inuc-pseknc	2018-12-10	bio.tools		
ioda	iODA	Integrates heterogeneous multi-omics data to analyse cancer pathway consistency	peak-calling	peak-calling	extended	http://www.sysbio.org.cn/iODA							Desktop application|Command-line tool	ChIP-seq|Molecular interactions, pathways and networks|Functional, regulatory and non-coding RNA|Gene transcripts|RNA-Seq		GPL-3.0			0		2020	pmid:33096244	ioda	https://bio.tools/ioda	2021-02-05	bio.tools		
iRegulon	iRegulon	Cytoscape plug-in detecting enriched motifs and their upstream regulators in a gene signature	motif-scanning|grn-inference	motif-scanning	seed	http://iregulon.aertslab.org/																doi:10.1371/journal.pcbi.1003731				curated		
iseq	iSeq	Identifies IP-enriched genomic regions from ChIP-seq data using Bayesian hidden Ising models	peak-calling	peak-calling	extended	http://bioconductor.org/packages/release/bioc/html/iSeq.html							Command-line tool|Library	ChIP-seq|Sequencing	R	GPL-2.0			0			pmid:20128774	iseq	https://bio.tools/iseq	2024-11-25	bio.tools		
ismara_client	ISMARA client	Analyses motif activity responses from ChIP-seq and microarray expression data	motif-discovery|motif-scanning|grn-inference	motif-discovery	extended	https://ismara.unibas.ch/ISMARA/client/							Desktop application	ChIP-seq|Microarray experiment	C++	GPL-2.0			0		2016	pmid:28232860	ismara_client	https://bio.tools/ismara_client	2018-12-10	bio.tools		
ivea	IVEA	Predicts enhancer-gene regulatory interactions by estimating promoter and enhancer activities using variational Bayesian inference	regulatory-elements|grn-inference	regulatory-elements	core	https://github.com/yasumasak/ivea	https://github.com/yasumasak/ivea	0	2025-06-02	False	R	NOASSERTION		Transcription factors and regulatory sites|Gene regulation|Epigenetics|RNA-Seq|ChIP-seq					0			pmid:39193566	ivea	https://bio.tools/ivea	2026-01-14	bio.tools		
jaspar_ws	Jaspar WS	Accesses the JASPAR database of transcription factor binding site profiles via a web service	motif-scanning|motif-databases	motif-scanning	core	http://api.bioinfo.no/wsdl/Jaspar_webservice_0.2.wsdl							Web service	Sequence analysis|Transcription factors and regulatory sites					0				jaspar_ws	https://bio.tools/jaspar_ws	2023-08-09	bio.tools		
jaspardb	JasparDB	Accesses transcription factor binding site profiles from the JASPAR database	motif-databases	motif-databases	core	http://api.bioinfo.no/wsdl/JasparDB.wsdl							Web service	Transcription factors and regulatory sites			Legacy		0				jaspardb	https://bio.tools/jaspardb	2023-08-09	bio.tools		
jaspscan	jaspscan	Scan DNA sequences for transcription factor binding sites	motif-scanning|tfbs-prediction	motif-scanning	core	http://emboss.open-bio.org/rel/rel6/apps/jaspscan.html							Command-line tool	Transcription factors and regulatory sites	C	GPL-3.0	Mature	Free of charge		primary publication shared by 3 tools	2000	doi:10.1016/S0168-9525(00)02024-2	jaspscan	https://bio.tools/jaspscan	2018-12-10	bio.tools		
jfuzzymachine	JFuzzyMachine	Optimises fuzzy-logic mechanistic models of molecular regulation using multistaged hyperparallel processing	grn-inference	grn-inference	core	https://github.com/paiyetan/jfuzzymachine	https://github.com/paiyetan/jfuzzymachine	1	2021-06-21	False	Java		Command-line tool	Molecular biology|Molecular modelling|Molecular interactions, pathways and networks	Java				0			doi:10.1101/2020.09.28.315986	jfuzzymachine	https://bio.tools/jfuzzymachine	2021-02-11	bio.tools		
limbnet	LimbNET	Simulates spatial patterns of gene networks in limb development via a web-based platform	grn-inference	grn-inference	core	https://limbnet.embl.es								Molecular interactions, pathways and networks|Gene expression|Simulation experiment|Imaging|Ontology and terminology					0			pmid:41345274	limbnet	https://bio.tools/limbnet	2026-02-22	bio.tools		
linnorm	Linnorm	Analyses RNA-seq, scRNA-seq, ChIP-seq, or any large-scale count data	peak-calling|peak-annotation	peak-calling	extended	http://bioconductor.org/packages/release/bioc/html/Linnorm.html							Command-line tool|Library	ChIP-seq|RNA-Seq|Sequencing	R	MIT				primary publication shared by 22 tools		pmid:25633503	linnorm	https://bio.tools/linnorm	2024-11-25	bio.tools		
LOLA	LOLA	Locus Overlap Analysis - tests enrichment of genomic region sets against curated region databases	peak-annotation	peak-annotation	seed	https://bioconductor.org/packages/LOLA/	https://github.com/nsheff/LOLA															doi:10.1093/bioinformatics/btv612				curated	r|bioconductor	
maggie	MAGGIE	Identifies DNA sequence motifs mediating transcription factor binding using genetic variation data	motif-discovery|tfbs-prediction|regulatory-variants	motif-discovery	core	https://github.com/zeyang-shen/maggie	https://github.com/zeyang-shen/maggie	11	2022-05-16	False	Python	GPL-3.0	Command-line tool	Epigenomics|Transcription factors and regulatory sites|Genetic variation|ChIP-seq|Genotype and phenotype	Python	GPL-3.0			0			doi:10.1101/2020.01.30.925917	maggie	https://bio.tools/maggie	2021-02-19	bio.tools		
maketssdist	maketssdist	Get peak distribution around transcription start sites from ChIP-seq data	peak-annotation	peak-annotation	core	https://galaxy.pasteur.fr/tool_runner?tool_id=toolshed.pasteur.fr/repos/fmareuil/maketssdist/makeTSSdist/1.0							Web application	ChIP-seq			Mature			primary publication shared by 5 tools	2016	pmid:27137889	maketssdist	https://bio.tools/maketssdist	2024-11-25	bio.tools		
malboost	MALBoost	Web-based application for gene regulatory network analysis in Plasmodium falciparum	grn-inference	grn-inference	core	http://malboost.bi.up.ac.za	https://github.com/roelof89/malboost						Web application	Molecular interactions, pathways and networks|Machine learning|ChIP-seq|Transcriptomics|Transcription factors and regulatory sites	JavaScript|Python	MIT		Free of charge	0		2021	pmid:34261498	malboost	https://bio.tools/malboost	2021-12-05	bio.tools		
maracas	MARACAS	Performs functional enrichment analysis for microalgae RNA-seq and ChIP-seq data	peak-calling	peak-calling	extended	https://github.com/fran-romero-campero/MARACAS	https://github.com/fran-romero-campero/MARACAS	0	2023-07-09	False	Scheme	GPL-3.0	Command-line tool	ChIP-seq|RNA-Seq|Gene expression|Agricultural science|Gene transcripts	Scheme	GPL-3.0		Free of charge	0		2022	pmid:35361110	maracas	https://bio.tools/maracas	2022-07-26	bio.tools		
mast	MAST	Handles zero-inflated single cell assay data using statistical methods and models	single-cell	single-cell	core	http://bioconductor.org/packages/release/bioc/html/MAST.html	https://github.com/RGLab/MAST	265	2025-10-17	False	R		Command-line tool|Library	Transcriptomics	R	GPL-2.0			0			pmid:26653891	mast	https://bio.tools/mast	2024-11-25	bio.tools		
MatrixMotif	MatrixMotif	Analyses TFBS motifs qualitatively and quantitatively using NGS data from DNA enrichment techniques	motif-discovery|motif-scanning	motif-discovery	core	https://peterslab.org/downloads.php							Workflow|Command-line tool|Script	Transcription factors and regulatory sites|Functional genomics	R	GPL-3.0	Emerging	Free of charge	0				MatrixMotif	https://bio.tools/MatrixMotif	2019-12-20	bio.tools		
memes	memes	Provides an R interface to the MEME Suite for motif analysis on DNA, RNA, and protein sequences	motif-discovery|motif-scanning|motif-comparison	motif-discovery	core	https://bioconductor.org/packages/memes	https://github.com/snystrom/memes	54	2026-01-07	False	R	NOASSERTION	Library	Sequence sites, features and motifs|ChIP-seq|Workflows|Sequence analysis|Protein structural motifs and surfaces	R	MIT			0			doi:10.1101/2021.04.23.441089	memes	https://bio.tools/memes	2021-10-09	bio.tools		
MetaGxBreast	MetaGxBreast	Aggregates breast cancer transcriptomic datasets for differential expression and enrichment analysis	regulatory-elements	regulatory-elements	core	https://bioconductor.org/packages/release/data/experiment/html/MetaGxBreast.html							Library	Gene expression|Pathology|Oncology	R	Artistic-2.0	Mature	Free of charge	0				MetaGxBreast	https://bio.tools/MetaGxBreast	2020-06-16	bio.tools		
metalogo	MetaLogo	Generates sequence logos from multiple sequence alignments	motif-comparison	motif-comparison	core	http://metalogo.omicsnet.org	https://github.com/labomics/MetaLogo	21	2023-04-10	False	Python	Apache-2.0	Command-line tool|Web application	Sequence sites, features and motifs|Phylogenetics|Structure analysis|Gene expression|Model organisms	Python	Apache-2.0		Free of charge	0			doi:10.1101/2021.08.12.456038	metalogo	https://bio.tools/metalogo	2022-01-14	bio.tools		
metare	metaRE	Discovers sequence motifs by meta-analysing microarray and RNA-Seq data	motif-discovery|tfbs-prediction|regulatory-elements	motif-discovery	core	https://github.com/cheburechko/MetaRE	https://github.com/cheburechko/MetaRE	3	2017-08-16	False	C++		Library	Transcription factors and regulatory sites|Transcriptomics|RNA-Seq|Molecular interactions, pathways and networks|Physiology	C++|R				0			doi:10.20944/PREPRINTS202005.0227.V1	metare	https://bio.tools/metare	2021-02-22	bio.tools		
methmotif	MethMotif Toolkit	Integrates transcription factor binding site motifs with DNA methylation profiles for analyzing methylation-sensitive transcription factors	motif-discovery|motif-scanning|tfbs-prediction	motif-discovery	core	https://methmotif.org								Transcription factors and regulatory sites|Methylated DNA immunoprecipitation|ChIP-seq|Epigenetics|Human biology	R				0			pmid:40279252	methmotif	https://bio.tools/methmotif	2026-02-22	bio.tools		
mirffldb	miRFFLDB	Integrates human miRNA, transcription factor, and target gene data to analyse coregulatory networks and feed-forward loops	regulatory-elements|grn-inference	regulatory-elements	core	http://www.mirffldb.in							Database portal	Functional, regulatory and non-coding RNA|Physiology|Gene regulation|Transcription factors and regulatory sites|Pathology					0			doi:10.1101/2020.05.16.097865	mirffldb	https://bio.tools/mirffldb	2021-02-24	bio.tools		
mixNBHMM	mixNBHMM	Detects and classifies epigenomic changes under multiple conditions from ChIP-seq or ChIP-on-chip data	peak-calling	peak-calling	core	https://github.com/plbaldoni/mixNBHMM	https://github.com/plbaldoni/mixNBHMM						Command-line tool	Epigenomics|ChIP-seq|Sequence sites, features and motifs|ChIP-on-chip|Statistics and probability	R|C++				0			doi:10.1101/864124	mixNBHMM	https://bio.tools/mixNBHMM	2020-12-29	bio.tools		
mmdiff2	MMDiff2	Detects statistically significant differences between read enrichment profiles in ChIP-Seq samples	peak-annotation	peak-annotation	extended	http://bioconductor.org/packages/release/bioc/html/MMDiff2.html							Command-line tool|Library	ChIP-seq|Gene expression|Statistics and probability	R	Artistic-2.0				primary publication shared by 22 tools		pmid:25633503	mmdiff2	https://bio.tools/mmdiff2	2024-11-25	bio.tools		
modularboost	ModularBoost	Infers gene regulatory networks from transcriptomics or proteomics data using module decomposition	grn-inference	grn-inference	core	https://github.com/cosinalee/ModularBoost	https://github.com/cosinalee/ModularBoost	4	2021-02-02	False	Python		Script	Biophysics|Molecular interactions, pathways and networks|Transcriptomics|RNA-Seq|Proteomics	Python				0		2021	pmid:33761871	modularboost	https://bio.tools/modularboost	2021-10-11	bio.tools		
monaLisa	monaLisa	Binned and randomised-lasso motif enrichment linking motifs to quantitative changes in signal	motif-scanning	motif-scanning	seed	https://bioconductor.org/packages/monaLisa/	https://github.com/fmicompbio/monaLisa															doi:10.1093/bioinformatics/btac102				curated	r|bioconductor	
most-motif	MOST+	Finds DNA motifs using suffix trees and heterogeneous tags from ChIP-seq data	motif-discovery	motif-discovery	extended	http://cbb.sjtu.edu.cn/~ccwei/pub/software/MOST/MOST.php	https://github.com/dreasysnail/most	1	2013-12-03	False	C++		Command-line tool	ChiP|ChIP-seq|Histone modification|DNA	Python				0				most-motif	https://bio.tools/most-motif	2018-12-10	bio.tools		
motifcatcher	MotifCatcher	Determines and evaluates biologically significant motifs via a MATLAB GUI platform	motif-discovery|motif-scanning|tfbs-prediction	motif-discovery	core	https://www.mathworks.com/matlabcentral/fileexchange/32100-motifcatcher							Library	Sequence sites, features and motifs|Sequence analysis|Bioinformatics	MATLAB			Free of charge (with restrictions)	0				motifcatcher	https://bio.tools/motifcatcher	2021-05-23	bio.tools		
motifmatchr	motifmatchr	Fast R wrapper around MOODS for finding motif matches in large sets of genomic ranges	motif-scanning	motif-scanning	seed	https://bioconductor.org/packages/motifmatchr/	https://github.com/GreenleafLab/motifmatchr															doi:10.18129/B9.bioc.motifmatchr				curated	r|bioconductor	Fast motif matching over large genomic range sets
motifpeeker	MotifPeeker	Benchmarks epigenomic profiling methods by analysing motif enrichment	motif-discovery|motif-scanning|peak-calling	motif-discovery	core	https://neurogenomics.github.io/MotifPeeker	https://github.com/neurogenomics/MotifPeeker	2	2026-04-20	False	R	GPL-3.0		Epigenomics|Imaging|Sequence sites, features and motifs	R	GPL-3.0			0			doi:10.1101/2025.03.31.645756	motifpeeker	https://bio.tools/motifpeeker	2026-02-22	bio.tools		
motifstack	motifStack	Graphically represents multiple motifs with different similarity scores	motif-comparison	motif-comparison	core	http://bioconductor.org/packages/release/bioc/html/motifStack.html							Command-line tool|Library	Data visualisation|Nucleic acid sites, features and motifs|Protein sites, features and motifs|ChIP-seq|Microarray experiment|Genetics|Sequencing	R	GPL-2.0				primary publication shared by 22 tools		pmid:25633503	motifstack	https://bio.tools/motifstack	2024-11-25	bio.tools		
motimul	MotiMul	Discovers discriminative sequence motifs with multiple testing correction	motif-discovery	motif-discovery	core	https://github.com/ko-ichimo-ri/MotiMul	https://github.com/ko-ichimo-ri/MotiMul	0	2020-10-07	False	C++	MIT	Command-line tool	Sequence sites, features and motifs|Sequencing|Sequence analysis|Gene expression	C++|C	MIT			0			doi:10.1101/2020.08.21.261024	motimul	https://bio.tools/motimul	2021-03-01	bio.tools		
motiv	MotIV	Compares a set of motifs to a given database using STAMP	motif-comparison	motif-comparison	core	http://bioconductor.org/packages/release/bioc/html/MotIV.html							Command-line tool|Library	Sequence analysis|Sequence sites, features and motifs	R	GPL-2.0				primary publication shared by 22 tools		pmid:25633503	motiv	https://bio.tools/motiv	2024-11-25	bio.tools		
motto	Motto	Represent motifs in consensus sequences while minimising information loss	motif-discovery|motif-comparison	motif-discovery	extended	http://wanglab.ucsd.edu/star/motto	https://github.com/MichaelMW/motto	1	2025-06-03	False	PostScript		Command-line tool	Sequence sites, features and motifs|Sequence analysis|Gene expression|Mathematics|Sequencing					0		2020	pmid:32816922	motto	https://bio.tools/motto	2021-03-01	bio.tools		
mulnet	MulNet	Reconstructs intra- and intercellular signaling networks from bulk and single-cell RNA-seq data	grn-inference	grn-inference	core	https://figshare.com/articles/dataset/MulNet_Data/28106372								RNA-Seq|Machine learning|Gene regulation|Molecular interactions, pathways and networks|Functional, regulatory and non-coding RNA					0			pmid:40095604	mulnet	https://bio.tools/mulnet	2026-02-22	bio.tools		
musera	MuSERA	Analyses combined evidence from enriched regions in multiple ChIP-seq or DNase-seq sample replicates	peak-calling	peak-calling	extended	http://www.bioinformatics.deib.polimi.it/MuSERA/							Desktop application	Bioinformatics|Epigenomics|Statistics and probability					0		2017	pmid:27013647	musera	https://bio.tools/musera	2024-11-24	bio.tools		
MutaNET	MutaNET	Automated analysis of genomic mutations in gene regulatory networks	grn-inference|regulatory-variants	grn-inference	core	http://service.bioinformatik.uni-saarland.de/mutanet/	https://sourceforge.net/projects/mutanet/						Script	Molecular interactions, pathways and networks|Genetic variation|Transcription factors and regulatory sites	Python	Unlicense	Mature	Free of charge	0		2018	pmid:29087464	MutaNET	https://bio.tools/MutaNET	2024-11-24	bio.tools		
mutviz_2.0	MutViz 2.0	Analyses and visualises mutation enrichments for selected genomic regions and cancer types	regulatory-variants	regulatory-variants	core	http://geco.deib.polimi.it/mutviz	https://github.com/DEIB-GECO/MutViz	3	2023-02-02	False	JavaScript		Web application	Genetic variation|Transcription factors and regulatory sites|Exome sequencing|Genomics|ChIP-seq	JavaScript|Python	Not licensed		Free of charge	0		2021	pmid:34316703	mutviz_2.0	https://bio.tools/mutviz_2.0	2024-11-24	bio.tools		
myprosle	MyPROSLE	Analyses molecular data from patients for clinical transcriptomics and pathway studies	grn-inference	grn-inference	core	https://myprosle.genyo.es/							Web application	Immunology|Preclinical and clinical studies|Transcriptomics	R		Mature	Free of charge	0				myprosle	https://bio.tools/myprosle	2022-06-14	bio.tools		
nadfinder	NADfinder	Normalises, smooths, calls peaks, trims and annotates NAD-seq data	peak-calling|peak-annotation	peak-calling	extended	http://bioconductor.org/packages/release/bioc/html/NADfinder.html	https://git.bioconductor.org/packages/NADfinder						Library	Sequencing|Gene regulation	R	GPL-2.0			0				nadfinder	https://bio.tools/nadfinder	2018-12-10	bio.tools		
nebula	Nebula	Analyse ChIP-seq data through a Galaxy-powered web service	peak-calling|peak-annotation	peak-calling	extended	https://nebula.curie.fr/							Web application	Data architecture, analysis and design|ChIP-seq|DNA binding sites	R|Perl				0		2012	pmid:22829625	nebula	https://bio.tools/nebula	2024-11-25	bio.tools		
neco	NECo	Embed nodes in multiplex heterogeneous networks for gene regulatory network analysis	grn-inference	grn-inference	core	https://github.com/bozdaglab/NECo	https://github.com/bozdaglab/NECo	3	2020-09-02	False	R		Script|Library	Genotype and phenotype|Molecular interactions, pathways and networks|Pathology|Oncology|Gene expression	R|Python				0			doi:10.1101/2020.06.15.149559	neco	https://bio.tools/neco	2021-03-08	bio.tools		
nettime	NetTIME	Predicts transcription factor binding sites at base-pair resolution using multitask learning	tfbs-prediction	tfbs-prediction	core	https://github.com/ryi06/NetTIME	https://github.com/ryi06/NetTIME	7	2022-10-11	False	Python	GPL-3.0	Library	Transcription factors and regulatory sites|Sequencing|Machine learning	Python|Shell	GPL-3.0		Free of charge	0			doi:10.1101/2021.05.29.446316	nettime	https://bio.tools/nettime	2021-10-30	bio.tools		
nf-core-atacseq	nf-core-atacseq	Analyses ATAC-seq data with a bioinformatics pipeline	peak-calling|peak-annotation|nucleosome-chromatin	peak-calling	core	https://nf-co.re/atacseq	https://github.com/nf-core/atacseq	226	2026-07-24	False	Nextflow	MIT	Command-line tool|Workflow	DNA packaging|Nucleic acid structure analysis|DNA binding sites|Transcriptomics|Workflows	Groovy	MIT	Mature	Free of charge		primary publication shared by 3 tools	2020	pmid:32055031	nf-core-atacseq	https://bio.tools/nf-core-atacseq	2021-01-13	bio.tools		
nf-core-cageseq	nf-core-cageseq	Analyse CAGE-seq sequencing data to predict transcriptional regulatory elements	regulatory-elements	regulatory-elements	core	https://nf-co.re/cageseq	https://github.com/nf-core/cageseq	11	2026-07-24	False	Nextflow	MIT	Command-line tool|Workflow	Gene expression|Transcription factors and regulatory sites|Sequencing|Workflows	Groovy	MIT	Mature	Free of charge		primary publication shared by 3 tools	2020	pmid:32055031	nf-core-cageseq	https://bio.tools/nf-core-cageseq	2021-01-12	bio.tools		
nf-core-chipseq	nf-core-chipseq	Analyses ChIP-seq data for peak calling and protein-nucleic acid interactions	peak-calling|peak-annotation	peak-calling	core	https://nf-co.re/chipseq	https://github.com/nf-core/chipseq	242	2026-07-24	False	Nextflow	MIT	Command-line tool|Workflow	Genomics|ChIP-seq|Epigenomics|Workflows	Groovy	MIT	Mature	Free of charge		primary publication shared by 3 tools	2020	pmid:32055031	nf-core-chipseq	https://bio.tools/nf-core-chipseq	2021-01-13	bio.tools		
ngs-qc_generator	NGS-QC Generator	Compares ChIP-seq and enrichment-related NGS datasets to characterize their technical similarity	peak-calling	peak-calling	extended	http://www.ngs-qc.org/							Web application	Data quality management|ChIP-seq	Shell|C++	GPL-2.0			0		2016	pmid:27008019	ngs-qc_generator	https://bio.tools/ngs-qc_generator	2024-11-25	bio.tools		
nps	NPS	Identify nucleosome positions from histone-modification ChIP-seq or nucleosome sequencing data	nucleosome-chromatin	nucleosome-chromatin	extended	http://liulab.dfci.harvard.edu/NPS/							Command-line tool	Epigenomics|ChIP-seq	Python		Legacy		0			pmid:19014516	nps	https://bio.tools/nps	2024-11-25	bio.tools		
Nucleosome_Dynamics	Nucleosome Dynamics	Compares MNase-seq reads to detect nucleosome positioning changes like inclusions, evictions, and shifts	nucleosome-chromatin	nucleosome-chromatin	extended	http://mmb.irbbarcelona.org/NucleosomeDynamics/	https://github.com/nucleosome-dynamics/nucleosome_dynamics	8	2023-07-13	False	R	Apache-2.0	Web application	DNA packaging|DNA binding sites|Transcriptomics	R|Shell|C++|Perl|Python	Apache-2.0			0		2019	pmid:31504766	Nucleosome_Dynamics	https://bio.tools/Nucleosome_Dynamics	2021-01-04	bio.tools		
nucwave	NUCwave	Generates nucleosome occupation maps from DNA sequences	nucleosome-chromatin	nucleosome-chromatin	core	http://nucleosome.usal.es/nucwave/							Command-line tool	DNA|Nucleic acid structure analysis|DNA binding sites	Python				0		2014	pmid:25296770	nucwave	https://bio.tools/nucwave	2018-12-10	bio.tools		
nupop	NuPoP	Predicts nucleosome positioning from DNA sequences	nucleosome-chromatin	nucleosome-chromatin	core	http://bioconductor.org/packages/release/bioc/html/NuPoP.html	https://github.com/jiping/NuPoP_doc.						Command-line tool|Library	DNA packaging|Nucleic acid sites, features and motifs|DNA binding sites	R	GPL-2.0			0		2010	doi:10.1186/1471-2105-11-346	nupop	https://bio.tools/nupop	2018-12-10	bio.tools		
oipcq	OIPCQ	Infers gene regulatory networks using quantile value for conditional independent tests	grn-inference	grn-inference	extended	https://github.com/haammim/OIPCQ-and-OIPCQ2	https://github.com/haammim/OIPCQ-and-OIPCQ2	0	2021-04-03	False	MATLAB		Library	Molecular interactions, pathways and networks|Oncology|Gene expression	MATLAB				0			doi:10.21203/RS.2.21700/V1	oipcq	https://bio.tools/oipcq	2021-03-13	bio.tools		
improving_reliability_methylation	ont-methylation	Decodes bacterial methylomes from Nanopore sequencing data using a Nextflow pipeline	motif-discovery	motif-discovery	extended	http://github.com/rki-mf1/ont-methylation	https://github.com/rki-mf1/ont-methylation	19	2026-07-23	False	Nextflow	GPL-3.0		Epigenetics|Methylated DNA immunoprecipitation|DNA					0			doi:10.1101/2025.01.29.635492	improving_reliability_methylation	https://bio.tools/improving_reliability_methylation	2026-02-22	bio.tools		
orange_network	Orange Network	Extends Orange data mining software with network analysis and visualisation	grn-inference	grn-inference	core	http://orange.biolab.si	https://github.com/biolab/orange3-network	42	2026-06-16	False	Python	NOASSERTION	Command-line tool|Desktop application	Data visualisation|Machine learning|Data mining		GPL-3.0	Mature	Free of charge	0				orange_network	https://bio.tools/orange_network	2020-07-23	bio.tools		
PanoromiX	PanoromiX	Integrates molecular assays and pathophenotypic data for time-course network medicine analysis	grn-inference	grn-inference	core	https://bioinfo-abcc.ncifcrf.gov/panoromics/	https://github.com/panoromix/PanoromiX	0	2018-09-12	False	JavaScript		Web application	Molecular interactions, pathways and networks|Pathology|MRI	JavaScript	Unlicense	Mature	Free of charge	0		2018	pmid:30497372	PanoromiX	https://bio.tools/PanoromiX	2020-06-16	bio.tools		
paperfly	PAPerFly	Reconstructs ab initio binding sites from ChIP-seq data using partial assembly and peak calling	motif-discovery|peak-calling	motif-discovery	core	https://doi.org/10.5281/zenodo.7116424	https://github.com/Caeph/paperfly	2	2024-01-12	False	Python		Command-line tool	ChIP-seq|Sequence assembly|Transcription factors and regulatory sites	Python|C#			Free of charge	0		2023	pmid:38114921	paperfly	https://bio.tools/paperfly	2024-04-19	bio.tools		
pash	PASH	Performs sequence comparison and read mapping for ChIP-seq and bisulfite sequencing pipelines	nucleosome-chromatin	nucleosome-chromatin	extended	http://www.brl.bcm.tmc.edu/pash/pashDownload.rhtml							Command-line tool	Epigenomics|Epigenetics					0		2010	pmid:21092284	pash	https://bio.tools/pash	2024-11-24	bio.tools		
patternchrome	PatternChrome	Extracts predictive histone modification patterns for gene expression prediction using Particle Swarm Optimization	regulatory-elements	regulatory-elements	core	https://gitlab.gwdg.de/MedBioinf/generegulation/patternchrome								Epigenetics|Transcription factors and regulatory sites|Gene regulation|Gene transcripts|Machine learning					0			pmid:39878927	patternchrome	https://bio.tools/patternchrome	2026-02-22	bio.tools		
pcagopromoter	pcaGoPromoter	Analyses DNA microarrays to identify promoter regions and DNA binding sites	regulatory-elements|peak-annotation	regulatory-elements	extended	http://bioconductor.org/packages/release/bioc/html/pcaGoPromoter.html							Command-line tool|Library	DNA|Microarray experiment|DNA binding sites	R|C++	GPL-2.0			0		2012	pmid:22384239	pcagopromoter	https://bio.tools/pcagopromoter	2018-12-30	bio.tools		
peakcalling_findpeaks	peakcalling_findpeaks	Finds and analyses peaks in ChIP-Seq data	peak-calling	peak-calling	extended	http://www.htslib.org/							Web application	ChIP-seq			Mature		0		2008	pmid:18599518	peakcalling_findpeaks	https://bio.tools/peakcalling_findpeaks	2024-11-25	bio.tools		
peaKO	peaKO	Discovers motifs in ChIP-seq datasets with knockout controls	motif-discovery|tfbs-prediction|peak-calling	motif-discovery	core	https://peako.hoffmanlab.org	https://github.com/hoffmangroup/peako	3	2023-03-17	False	Python	NOASSERTION	Library	ChIP-seq|Transcription factors and regulatory sites|ChIP-on-chip	Shell|Python				0			doi:10.1101/721720	peaKO	https://bio.tools/peaKO	2021-01-05	bio.tools		
peaksat	Peaksat	Analyses ChIP-seq peak saturation using R	peak-calling	peak-calling	core	https://github.com/FrietzeLabUVM/peaksat	https://github.com/FrietzeLabUVM/peaksat	1	2024-09-30	False	R		Library	ChIP-seq|Epigenomics|Protein modifications	R	Not licensed		Free of charge	0		2023	pmid:36698077	peaksat	https://bio.tools/peaksat	2024-11-24	bio.tools		
periodicdna	periodicDNA	Investigates k-mer periodicity in DNA sequences using an R/Bioconductor package	motif-discovery	motif-discovery	core	https://js2264.github.io/periodicDNA/	https://github.com/js2264/periodicDNA	6	2022-11-01	False	R	GPL-3.0	Library	Transcription factors and regulatory sites|DNA packaging|Gene regulation|Sequence assembly|Sequence sites, features and motifs|Sequencing	R	GPL-3.0			0		2021	doi:10.12688/F1000RESEARCH.51143.1	periodicdna	https://bio.tools/periodicdna	2021-03-27	bio.tools		
phyloconverge	phyloConverge	Identifies rate-accelerated conserved noncoding elements and convergence patterns in genomic elements using phylogenetic analysis	regulatory-elements|comparative	regulatory-elements	core	https://github.com/ECSaputra/phyloConverge	https://github.com/ECSaputra/phyloConverge	7	2025-05-02	False	R			Transcription factors and regulatory sites|Phylogenetics|Model organisms|Genotype and phenotype|ATAC-seq					0			pmid:40668213	phyloconverge	https://bio.tools/phyloconverge	2026-02-22	bio.tools		
phylonet	PhyloNet	Discovers regulatory motifs in DNA sequences using phylogenetic information	motif-discovery	motif-discovery	core	http://stormo.wustl.edu/PhyloNet/							Command-line tool	Sequences|Gene regulation|DNA	C++|C				0				phylonet	https://bio.tools/phylonet	2018-12-10	bio.tools		
pics	PICS	Infers ChIP-seq binding sites using an empirical Bayes mixture model	peak-calling	peak-calling	extended	http://bioconductor.org/packages/release/bioc/html/PICS.html							Command-line tool|Library	ChIP-seq|Sequencing|DNA binding sites|Sequence sites, features and motifs	R	Artistic-2.0			0		2011	pmid:20528864	pics	https://bio.tools/pics	2018-12-29	bio.tools		
ping	PING	Infers ChIP-seq peaks using an empirical Bayes mixture model	peak-calling	peak-calling	extended	http://bioconductor.org/packages/release/bioc/html/PING.html							Command-line tool|Library	ChIP-seq|Sequencing|Immunoprecipitation experiment|DNA binding sites	R	Artistic-2.0			0		2012	pmid:22393380	ping	https://bio.tools/ping	2018-12-30	bio.tools		
PIQ	PIQ	Protein Interaction Quantitation - genome-wide TF footprint discovery from DNase-seq	footprinting	footprinting	seed	http://piq.csail.mit.edu/																doi:10.1038/nbt.2798				curated		
placeback	PlaceBack	Designs synthetic promoters in yeast using in silico methods	regulatory-elements	regulatory-elements	extended	https://www.kky.zcu.cz/en/Tools/placeback							Web application	Transcription factors and regulatory sites|Machine learning|DNA mutation|Synthetic biology		GPL-3.0	Emerging	Free of charge	0			doi:10.1101/2025.08.27.672570	placeback	https://bio.tools/placeback	2025-11-21	bio.tools		
primaryAnnotation	primaryTranscriptAnnotation	Generates data-driven transcript annotations from nascent transcript sequencing data and annotates de novo transcriptional units	regulatory-elements	regulatory-elements	core	https://github.com/WarrenDavidAnderson/genomicsRpackage/tree/master/primaryTranscriptAnnotation	https://github.com/WarrenDavidAnderson/genomicsRpackage	3	2019-12-05	False	R			Transcription factors and regulatory sites|Gene transcripts|Molecular interactions, pathways and networks	R				0			doi:10.1101/779587	primaryAnnotation	https://bio.tools/primaryAnnotation	2020-12-06	bio.tools		
primirtss	primirTSS	Identifies cell-specific microRNA transcription start sites from RNA-seq and ChIP-seq data	peak-calling	peak-calling	extended	http://bioconductor.org/packages/primirTSS								Functional, regulatory and non-coding RNA|Gene expression|ChIP-seq|RNA-Seq|Gene transcripts	R	GPL-2.0			0		2020	pmid:32170928	primirtss	https://bio.tools/primirtss	2021-01-27	bio.tools		
PromoterPredict	PromoterPredict	Predicts Escherichia coli σ70 promoter strength from sequence using logarithmic regression	regulatory-elements	regulatory-elements	core	https://github.com/PromoterPredict								Bioengineering|Transcription factors and regulatory sites|Machine learning|Bioinformatics					0			doi:10.7287/PEERJ.PREPRINTS.26759V2	PromoterPredict	https://bio.tools/PromoterPredict	2020-12-06	bio.tools		
pwmenrich	PWMEnrich	Scans DNA sequences for motifs and performs enrichment analysis using Biostrings	motif-scanning	motif-scanning	core	http://bioconductor.org/packages/release/bioc/html/PWMEnrich.html							Command-line tool|Library	Nucleic acid sites, features and motifs|Nucleic acid structure analysis	R	GPL-2.0				primary publication shared by 22 tools		pmid:25633503	pwmenrich	https://bio.tools/pwmenrich	2024-11-25	bio.tools		
pySCENIC	pySCENIC	Fast Python implementation of SCENIC for single-cell regulatory network inference and regulon scoring	grn-inference|single-cell	grn-inference	seed	https://github.com/aertslab/pySCENIC	https://github.com/aertslab/pySCENIC															doi:10.1038/s41596-020-0336-2				curated	python|single-cell	Fast implementation of SCENIC
pyscnet	PySCNet	Reconstructs and analyzes gene regulatory networks from single-cell RNA-Seq data	grn-inference|single-cell	grn-inference	core	https://github.com/MingBit/PySCNet	https://github.com/MingBit/PySCNet	8	2025-11-07	False	Jupyter Notebook	MIT		Molecular interactions, pathways and networks|RNA-Seq|Transcriptomics|Cell biology|Workflows	Python	MIT			0			doi:10.1101/2020.12.18.423482	pyscnet	https://bio.tools/pyscnet	2021-01-30	bio.tools		
q	Q	Calls peaks from ChIP-seq and ChIP-nexus data using saturation-based methods	peak-calling	peak-calling	extended	http://charite.github.io/Q/							Command-line tool	ChIP-seq|DNA packaging	C++	BSD-3-Clause			0		2015	pmid:26163319	q	https://bio.tools/q	2024-11-25	bio.tools		
qsea	qsea	Analyzes MeDIP-seq data as the successor of the MEDIPS package	peak-calling	peak-calling	extended	http://bioconductor.org/packages/release/bioc/html/qsea.html							Command-line tool|Library	ChIP-seq|Sequencing|Data visualisation	R	GPL-2.0			0		2017	pmid:27913729	qsea	https://bio.tools/qsea	2019-01-13	bio.tools		
qseq	QSeq	Aligns and analyses RNA-seq, ChIP-seq, and miRNA sequencing data	peak-calling	peak-calling	core	http://www.dnastar.com/t-nextgen-qseq.aspx/							Desktop application	ChIP-seq|RNA-Seq|Functional, regulatory and non-coding RNA			Mature		0				qseq	https://bio.tools/qseq	2018-12-10	bio.tools		
quaqc	quaqc	Command-line tool for efficient ATAC-seq quality control and read filtering	peak-calling	peak-calling	core	https://github.com/bjmt/quaqc	https://github.com/bjmt/quaqc	6	2026-05-29	False	C	GPL-3.0		Sequencing|Software engineering|ChIP-on-chip|Cell biology	C|R	GPL-3.0			0			pmid:39475432	quaqc	https://bio.tools/quaqc	2026-01-15	bio.tools		
quest	QuEST	Analyses massively parallel sequencing data from chromatin immunoprecipitations using kernel density estimation	peak-calling	peak-calling	extended	http://mendel.stanford.edu/sidowlab/downloads/quest/							Command-line tool	ChIP-seq	C++	GPL-2.0	Legacy		0			pmid:19160518	quest	https://bio.tools/quest	2024-11-25	bio.tools		
rbioapi	rbioapi	Provides a user-friendly R interface to biologic web services' APIs for data retrieval and analysis	grn-inference	grn-inference	core	https://rbioapi.moosa-r.com	https://github.com/moosa-r/rbioapi	24	2026-07-25	False	R	GPL-3.0	Library	Biological databases|Biology|Computational biology|Omics	R	GPL-3.0		Free of charge	0		2022	pmid:35323899	rbioapi	https://bio.tools/rbioapi	2023-09-30	bio.tools		
rcade	Rcade	Integrates ChIP-seq data with differential expression data using a Bayesian framework	peak-annotation|chip-resources	peak-annotation	extended	http://bioconductor.org/packages/release/bioc/html/Rcade.html							Command-line tool|Library	Gene expression|ChIP-seq	R	GPL-2.0				primary publication shared by 22 tools		pmid:25633503	rcade	https://bio.tools/rcade	2024-11-25	bio.tools		
rcistarget	RcisTarget	Identifies transcription factor binding motifs over-represented on a gene list	motif-scanning	motif-scanning	core	http://bioconductor.org/packages/release/bioc/html/RcisTarget.html	https://github.com/aertslab/RcisTarget	49	2024-03-04	False	HTML		Library	Gene regulation|Transcriptomics	R	GPL-3.0				primary publication shared by 3 tools	2017	pmid:28991892	rcistarget	https://bio.tools/rcistarget	2024-11-25	bio.tools		
RegulomeDB	RegulomeDB	Annotates variants with regulatory evidence from ChIP-seq, DNase, eQTL and motif data	chip-resources|regulatory-variants	chip-resources	seed	https://regulomedb.org/																doi:10.1101/gr.137323.112				curated		
regulus	Regulus	Infers transcriptional regulatory networks from expression data using Semantic Web technologies	grn-inference	grn-inference	core	https://gitlab.com/gcollet/regulus	https://gitlab.com/gcollet/regulus						Command-line tool	Transcription factors and regulatory sites|Gene regulation|Molecular interactions, pathways and networks|Epigenetics|Protein expression	Python|Shell	Not licensed		Free of charge	0			doi:10.1101/2021.08.02.454721	regulus	https://bio.tools/regulus	2021-12-15	bio.tools		
regutools	regutools	Provides programmatic access to bacterial regulatory networks	grn-inference	grn-inference	core	http://bioconductor.org/packages/regutools	https://github.com/ComunidadBioInfo/regutools	5	2026-04-01	False	HTML			Transcription factors and regulatory sites|Molecular interactions, pathways and networks|Gene regulation|Gene structure	R	Artistic-2.0			0			doi:10.1101/2020.04.29.068551	regutools	https://bio.tools/regutools	2021-02-06	bio.tools		
regvar	RegVar	Prioritises tissue-specific noncoding regulatory variants using a deep neural network	regulatory-variants	regulatory-variants	core	http://regvar.cbportal.org/							Web application	DNA polymorphism|Epigenetics|Transcription factors and regulatory sites|Machine learning					0			doi:10.1101/2021.04.17.440295	regvar	https://bio.tools/regvar	2021-11-29	bio.tools		
rephine-drug	RePhine	Identifies drug response related transcriptional regulators by modelling target correlation patterns	grn-inference	grn-inference	extended	https://github.com/coexps/Rephine	https://github.com/coexps/Rephine	4	2021-09-23	False	R	GPL-3.0	Library	Pharmacogenomics|ChIP-seq|Gene expression|Oncology|Gene transcripts	R|Python	GPL-3.0			0		2021	pmid:33713851	rephine-drug	https://bio.tools/rephine-drug	2024-11-24	bio.tools		
rmat	rMAT	Parses and merges Affymetrix BPMAP and CEL tiling array files, normalizes arrays, and detects enriched regions from ChIP-chip experiments	peak-calling	peak-calling	extended	http://bioconductor.org/packages/release/bioc/html/rMAT.html							Command-line tool|Library	ChIP-seq	R	Artistic-2.0			0			pmid:20089513	rmat	https://bio.tools/rmat	2024-11-25	bio.tools		
RSAT_Var-tools	RSAT Var-tools	Predicts the impact of regulatory variants on transcription factor binding using a flexible web framework	motif-scanning|tfbs-prediction|regulatory-variants	motif-scanning	core	http://rsat.eu							Web application|Suite	Transcription factors and regulatory sites|Zoology|GWAS study		Unlicense	Mature	Free of charge	0			doi:10.1101/623090	RSAT_Var-tools	https://bio.tools/RSAT_Var-tools	2020-06-16	bio.tools		
rseg_chipseq	RSEG	Identifies genomic regions and boundaries marked by diffusive histone modifications in ChIP-Seq data	peak-calling|peak-annotation|nucleosome-chromatin	peak-calling	extended	http://smithlabresearch.org/software/rseg/							Command-line tool	ChiP|ChIP-seq|Histone modification					0		2011	pmid:21325299	rseg_chipseq	https://bio.tools/rseg_chipseq	2024-11-25	bio.tools		
rtnduals	RTNduals	Searches for co-regulatory loops between regulon pairs generated by the RTN package	grn-inference	grn-inference	extended	http://bioconductor.org/packages/release/bioc/html/RTNduals.html	https://git.bioconductor.org/packages/RTNduals						Library	Gene expression|Gene regulation	R	Artistic-2.0			0		2015	pmid:26618344	rtnduals	https://bio.tools/rtnduals	2024-11-25	bio.tools		
rtnsurvival	RTNsurvival	Integrates regulons from the RTN package with survival data for analysis	grn-inference	grn-inference	extended	http://bioconductor.org/packages/release/bioc/html/RTNsurvival.html	https://git.bioconductor.org/packages/RTNsurvival						Library	Gene regulation	R	Artistic-2.0			0		2015	pmid:26618344	rtnsurvival	https://bio.tools/rtnsurvival	2024-11-25	bio.tools		
rtrmui	rTRMui	Compute transcriptional regulatory modules via a web interface	grn-inference	grn-inference	core	http://bioconductor.org/packages/release/bioc/html/rTRMui.html	https://github.com/ddiez/rTRMui	1	2015-09-17	False	R		Command-line tool|Library	Transcription factors and regulatory sites	R	GPL-3.0				primary publication shared by 22 tools		pmid:25633503	rtrmui	https://bio.tools/rtrmui	2024-11-25	bio.tools		
s-mart	S-MART	Manages and visualises RNA-Seq and ChIP-seq data	peak-calling|peak-annotation|chip-resources	peak-calling	extended	http://urgi.versailles.inra.fr/Tools/S-MART							Suite	RNA-Seq|ChIP-seq|Data visualisation	Java|Python		Mature		0		2011	pmid:21998740	s-mart	https://bio.tools/s-mart	2024-11-25	bio.tools		
scBasset	scBasset	Sequence-based model of single-cell ATAC-seq that denoises accessibility and infers TF activity	nucleosome-chromatin|single-cell	nucleosome-chromatin	seed	https://github.com/calico/scBasset	https://github.com/calico/scBasset															doi:10.1038/s41592-022-01562-8				curated	deep-learning	
scenic	SCENIC	Reconstructs gene regulatory networks and identifies cell states from single-cell RNA-seq data	grn-inference|single-cell	grn-inference	core	http://scenic.aertslab.org	https://github.com/aertslab/SCENIC	491	2024-04-05	False	HTML	GPL-3.0	Plug-in	RNA-Seq|Molecular interactions, pathways and networks|Gene expression|Transcription factors and regulatory sites	R	Other	Mature	Free of charge		primary publication shared by 3 tools	2017	pmid:28991892	scenic	https://bio.tools/scenic	2024-11-24	bio.tools		Single-cell regulatory network inference; regulons rather than raw correlations
SCENIC+	SCENIC+	Joint single-cell multiome enhancer-driven regulon inference linking regions, motifs and target genes	regulatory-elements|grn-inference|single-cell	regulatory-elements	seed	https://github.com/aertslab/scenicplus	https://github.com/aertslab/scenicplus															doi:10.1038/s41592-023-01938-4				curated	multiome	
scGraph2Vec	scGraph2Vec	Generates gene embeddings from single-cell omics data using a Graph Neural Network-based deep generative model	grn-inference|single-cell	grn-inference	core	https://github.com/LPH-BIG/scGraph2Vec	https://github.com/LPH-BIG/scGraph2Vec	5	2024-06-18	False	Jupyter Notebook	MIT	Command-line tool	Functional genomics|Gene regulation|Human genetics|Machine learning	Python	MIT	Mature	Free of charge	0				scGraph2Vec	https://bio.tools/scGraph2Vec	2024-09-12	bio.tools		
SciApps	SciApps	Analyses and distributes MaizeCODE data via a cloud-based platform	peak-calling	peak-calling	extended	https://sciapps.org/								RNA-Seq|ChIP-seq|Workflows					0			doi:10.1101/852269	SciApps	https://bio.tools/SciApps	2020-12-17	bio.tools		
sciddo	SCIDDO	Detects differential chromatin domains from epigenomic data	regulatory-elements	regulatory-elements	extended	http://github.com/ptrebert/sciddo	https://github.com/ptrebert/sciddo	1	2022-09-15	False	Python	GPL-3.0		Epigenomics|Immunoprecipitation experiment|Gene expression|RNA-Seq|Genotype and phenotype					0		2021	pmid:33232443	sciddo	https://bio.tools/sciddo	2024-11-24	bio.tools		
SCOM	SCOM	Predicts ncRNA synergistic competition networks from gene expression data and predicted ceRNA networks	grn-inference	grn-inference	core	https://github.com/zhangjunpeng411/SCOM	https://github.com/zhangjunpeng411/SCOM	1	2024-08-20	False	R	AGPL-3.0	Bioinformatics portal	Computational biology	R	GPL-3.0		Free of charge	0				SCOM	https://bio.tools/SCOM	2023-06-30	bio.tools		
segway	Segway	Analyzes multiple tracks of functional genomics data at 1-bp resolution using a dynamic Bayesian network model	regulatory-elements|nucleosome-chromatin	regulatory-elements	extended	http://segway.hoffmanlab.org/	https://bitbucket.org/hoffmanlab/segway/						Command-line tool	Functional genomics|Epigenomics	Python	GPL-2.0	Mature	Free of charge	0		2012	pmid:22426492	segway	https://bio.tools/segway	2024-11-25	bio.tools		
Sei	Sei	Framework mapping sequence to a vocabulary of regulatory activities across 21,907 chromatin profiles	regulatory-elements|regulatory-variants	regulatory-elements	seed	https://github.com/FunctionLab/sei-framework	https://github.com/FunctionLab/sei-framework															doi:10.1038/s41588-022-01102-2				curated	deep-learning	
selex	SELEX	Quantifies DNA binding specificities from SELEX-seq data	motif-discovery	motif-discovery	core	http://bioconductor.org/packages/release/bioc/html/SELEX.html							Command-line tool|Library	DNA binding sites|Statistics and probability	R	GPL-2.0				primary publication shared by 22 tools		pmid:25633503	selex	https://bio.tools/selex	2024-11-25	bio.tools		
seqminer	seqMINER	Interprets ChIP-Seq data through visualisation, filtering, read mapping, and sequence analysis	peak-annotation|chip-resources	peak-annotation	extended	http://bips.u-strasbg.fr/seqminer/tiki-index.php							Desktop application	ChIP-seq|Mapping|Data visualisation|Data mining			Legacy		0		2011	pmid:21177645	seqminer	https://bio.tools/seqminer	2018-12-10	bio.tools		
seqpattern	seqPattern	Visualises oligonucleotide patterns and sequence motif occurrences across large sequence sets centred at a common reference point	motif-scanning	motif-scanning	extended	http://bioconductor.org/packages/release/bioc/html/seqPattern.html							Command-line tool|Library	Sequence sites, features and motifs	R	GPL-3.0				primary publication shared by 22 tools		pmid:25633503	seqpattern	https://bio.tools/seqpattern	2024-11-25	bio.tools		
seqsetvis	seqsetvis	Visualises and analyses multiple genomic datasets from ChIP-seq and sequencing experiments	peak-annotation|chip-resources	peak-annotation	extended	http://bioconductor.org/packages/release/bioc/html/seqsetvis.html							Library	ChIP-seq|Sequencing	R	MIT		Free of charge	0				seqsetvis	https://bio.tools/seqsetvis	2018-12-10	bio.tools		
sequence_searcher	Sequence Searcher	Searches protein and DNA sequences for user-specified sequence motifs	motif-scanning	motif-scanning	extended	http://athena.bioc.uvic.ca/virology-ca-tools/sequence-searcher/							Desktop application	Sequence analysis|Sequence sites, features and motifs|DNA					0				sequence_searcher	https://bio.tools/sequence_searcher	2018-12-10	bio.tools		
sequence_in_sequence_finder	sequence_in_sequence_finder	Finds accurate nucleic subsequences within a sequence using command-line interface	motif-discovery|motif-scanning	motif-discovery	core	https://github.com/haschka/sequence_in_sequence_finder	https://github.com/haschka/sequence_in_sequence_finder	3	2022-09-12	False	C	NOASSERTION	Command-line tool	Genomics	C	Zlib	Mature	Free of charge (with restrictions)	0			doi:10.5281/zenodo.5510252	sequence_in_sequence_finder	https://bio.tools/sequence_in_sequence_finder	2022-01-10	bio.tools		
sicer	SICER	Identifies enriched domains from histone modification ChIP-seq data using a clustering approach	peak-calling	peak-calling	extended	http://home.gwu.edu/%7Ewpeng/Software.htm							Script	ChIP-seq|Epigenomics	Python		Mature		0			pmid:19505939	sicer	https://bio.tools/sicer	2024-11-25	bio.tools		
signalspider	SignalSpider	Deciphers combinatorial binding of DNA-binding proteins using a probabilistic model	motif-discovery|tfbs-prediction	motif-discovery	extended	http://www.cs.toronto.edu/~wkc/SignalSpider/							Script|Desktop application	Proteins|ChIP-seq|DNA|Genomics	MATLAB				0			pmid:25192742	signalspider	https://bio.tools/signalspider	2024-11-25	bio.tools		
simbindprofiles	SimBindProfiles	Identifies common and unique binding regions in genome tiling array data	peak-calling	peak-calling	extended	http://bioconductor.org/packages/release/bioc/html/SimBindProfiles.html							Command-line tool|Library	DNA binding sites|Microarray experiment	R	GPL-3.0				primary publication shared by 22 tools		pmid:25633503	simbindprofiles	https://bio.tools/simbindprofiles	2024-11-25	bio.tools		
similarpeak	similaRpeak	Calculates similarity metrics between ChIP-Seq profiles	peak-annotation	peak-annotation	extended	http://bioconductor.org/packages/release/bioc/html/similaRpeak.html	https://github.com/adeschen/similaRpeak	7	2022-03-16	False	R		Command-line tool|Library	ChIP-seq|Protein binding sites	R	Artistic-2.0			0			pmid:27538250	similarpeak	https://bio.tools/similarpeak	2024-11-25	bio.tools		
snphood	SNPhood	Investigates and visualises the local neighbourhood of SNPs using NGS data from ChIP-seq or RNA-seq experiments	regulatory-variants	regulatory-variants	extended	http://bioconductor.org/packages/release/bioc/html/SNPhood.html							Command-line tool|Library	ChIP-seq|Data visualisation	R	GPL-3.0			0			pmid:27153574	snphood	https://bio.tools/snphood	2024-11-25	bio.tools		
soggi	soGGi	Creates aggregate plots of signal or motif occurrence from BAM, bigWig, PWM, and Bioconductor objects	motif-scanning|peak-annotation	motif-scanning	extended	http://bioconductor.org/packages/release/bioc/html/soGGi.html							Command-line tool|Library	ChIP-seq|Sequence sites, features and motifs|Data visualisation	R	GPL-3.0				primary publication shared by 22 tools		pmid:25633503	soggi	https://bio.tools/soggi	2024-11-25	bio.tools		
spatzie	spatzie	Identifies significant transcription factor motif co-enrichment from enhancer-promoter interactions	motif-discovery|motif-scanning|regulatory-elements	motif-discovery	core	https://spatzie.mit.edu	https://github.com/gifford-lab/spatzie	1	2024-02-04	False	R	GPL-3.0	Library|Web application	Transcription factors and regulatory sites|ChIP-seq|Model organisms|ChIP-on-chip	R	GPL-3.0			0			doi:10.1101/2021.05.25.445606	spatzie	https://bio.tools/spatzie	2021-12-06	bio.tools		
sratailor	SraTailor	Visualize published ChIP-seq raw data with a simple GUI	peak-annotation|chip-resources	peak-annotation	extended	http://www.devbio.med.kyushu-u.ac.jp/sra_tailor/							Desktop application	ChIP-seq|Data submission, annotation and curation|Data visualisation			Emerging		0		2014	pmid:25324176	sratailor	https://bio.tools/sratailor	2019-02-08	bio.tools		
ssvqc	ssvQC	R package for quality control of enrichment-based NGS assays	peak-calling|chip-resources	peak-calling	core	https://github.com/FrietzeLabUVM/ssvQC	https://github.com/FrietzeLabUVM/ssvQC	5	2025-01-15	False	R	NOASSERTION	Command-line tool	ChIP-seq|Epigenetics|Transcription factors and regulatory sites|Workflows|Protein modifications	R	Other		Free of charge	0			doi:10.21203/RS.3.RS-646006/V1	ssvqc	https://bio.tools/ssvqc	2021-10-14	bio.tools		
strand_ngs	Strand NGS	Aligns, analyses, visualises, and manages data from NGS platforms	regulatory-elements|peak-calling|peak-annotation	regulatory-elements	extended	http://www.strand-ngs.com/							Suite	ChIP-seq|Sequencing|RNA-seq|RNA|Methylated DNA immunoprecipitation	R|Java|Python		Mature		0				strand_ngs	https://bio.tools/strand_ngs	2018-12-10	bio.tools		
svm2crm	SVM2CRM	Detects cis-regulatory elements from ChIP-seq data using SVM in LiblineaR	regulatory-elements	regulatory-elements	core	http://bioconductor.org/packages/release/bioc/html/SVM2CRM.html							Command-line tool|Library	ChIP-seq	R	GPL-3.0				primary publication shared by 22 tools		pmid:25633503	svm2crm	https://bio.tools/svm2crm	2024-11-25	bio.tools		
swan	Swan	Predicts regulatory targets of a motif genome-wide using a Hidden Markov Model	motif-scanning|tfbs-prediction	motif-scanning	extended	http://www.sinhalab.net/software							Command-line tool	Sequence sites, features and motifs|Molecular interactions, pathways and networks|DNA	C++				0				swan	https://bio.tools/swan	2018-12-10	bio.tools		
SwissRegulon	SwissRegulon	Genome-wide annotations of regulatory sites inferred with a Bayesian probabilistic framework	motif-databases|regulatory-elements	motif-databases	seed	https://swissregulon.unibas.ch/																doi:10.1093/nar/gks1233				curated		
systempiper	systemPipeR	Builds and runs automated end-to-end analysis workflows for NGS applications like RNA-Seq and ChIP-Seq	peak-calling|peak-annotation|chip-resources	peak-calling	extended	http://bioconductor.org/packages/release/bioc/html/systemPipeR.html	https://github.com/tgirke/systemPipeR	52	2026-03-06	False	R		Command-line tool|Library	RNA-seq|ChIP-seq	R	Artistic-2.0			0		2016	pmid:27650223	systempiper	https://bio.tools/systempiper	2019-01-13	bio.tools		
t-weon	T-WEoN	Generates context-specific gene regulatory networks using a weighted approach	grn-inference	grn-inference	core	https://weon.readthedocs.io								Epigenomics|Functional, regulatory and non-coding RNA|Molecular interactions, pathways and networks|Transcription factors and regulatory sites|Gene regulation					0			doi:10.1101/2020.08.03.232959	t-weon	https://bio.tools/t-weon	2021-02-25	bio.tools		
tacs	tacs	Analyzes control strength over time in gene expression on directed graphs using information criteria	grn-inference	grn-inference	core	https://github.com/takenakayoichi/tacs	https://github.com/takenakayoichi/tacs	1	2016-10-31	False	R		Library	Gene expression	R	MIT			0		2018	pmid:29745848	tacs	https://bio.tools/tacs	2024-11-25	bio.tools		
tetrex	TetRex	Searches for highly conserved motifs in biological sequences using a hierarchical interleaved bloom filter	motif-discovery|motif-scanning	motif-discovery	extended	https://github.com/remyschwab/TetRex	https://github.com/remyschwab/TetRex	2	2025-11-20	False	C++	BSD-3-Clause		Proteomics|Model organisms|Gene expression|Small molecules					0			pmid:40248489	tetrex	https://bio.tools/tetrex	2026-02-22	bio.tools		
TF-MoDISco	TF-MoDISco	Extracts consolidated motifs from base-resolution neural-network importance scores	motif-discovery	motif-discovery	seed	https://github.com/kundajelab/tfmodisco	https://github.com/kundajelab/tfmodisco															doi:10.48550/arXiv.1811.00416				curated	deep-learning|interpretability	
tfanalysis	TFAnalysis	Predicts transcription factor binding sites using ensemble random forest models	tfbs-prediction	tfbs-prediction	core	https://github.com/SchulzLab/TFAnalysis	https://github.com/SchulzLab/TFAnalysis	1	2018-09-05	False	Python	MIT		Transcription factors and regulatory sites|ChIP-seq|Machine learning	R|Python	MIT			0		2019	doi:10.12688/F1000RESEARCH.16200.2	tfanalysis	https://bio.tools/tfanalysis	2020-12-02	bio.tools		
TFBSFootprinter	TFBSFootprinter	Combines sequence, conservation, CAGE, eQTL, ChIP-seq, ATAC-seq and gene-expression evidence into a single TFBS score	tfbs-prediction|footprinting|comparative	tfbs-prediction	seed	https://github.com/thirtysix/TFBS_footprinting	https://github.com/thirtysix/TFBS_footprinting															doi:10.3389/fbinf.2022.910346				curated		Multi-evidence TFBS scoring combining conservation, CAGE, eQTL and chromatin data
tfea.chip	TFEA.ChIP	Analyzes transcription factor enrichment in a gene set using ChIP-Seq data	peak-annotation|chip-resources	peak-annotation	extended	http://bioconductor.org/packages/release/bioc/html/TFEA.ChIP.html	https://github.com/yberda/TFEA.ChIP	0	2026-06-22	False	R		Library	ChIP-seq|Gene regulation|RNA-seq|Sequencing|Gene expression|Transcriptomics	R	Artistic-2.0			0			doi:10.1101/303651	tfea.chip	https://bio.tools/tfea.chip	2018-12-10	bio.tools		
tflda	tfLDA	Applies topic models to ChIP-Seq compendia to uncover recurrent transcriptional regulatory modules	chip-resources|grn-inference	chip-resources	extended	https://github.com/lichen-lab/tfLDA	https://github.com/lichen-lab/tfLDA	2	2020-01-09	False	R			ChIP-seq|Gene expression|ChIP-on-chip|Sequence sites, features and motifs	R				0		2020	pmid:31899481	tflda	https://bio.tools/tflda	2021-02-27	bio.tools		
tfscan	tfscan	Identify transcription factor binding sites in DNA sequences	motif-scanning|tfbs-prediction	motif-scanning	core	http://emboss.open-bio.org/rel/rel6/apps/tfscan.html							Command-line tool	Gene transcripts	C	GPL-3.0	Mature	Free of charge		primary publication shared by 3 tools	2000	doi:10.1016/S0168-9525(00)02024-2	tfscan	https://bio.tools/tfscan	2018-12-10	bio.tools		
tfutils	TFutils	Retrieve and analyse transcription factor binding site data from public repositories	tfbs-prediction	tfbs-prediction	core	http://bioconductor.org/packages/release/bioc/html/TFutils.html	https://git.bioconductor.org/packages/TFutils						Library	Transcriptomics	R	Artistic-2.0			0				tfutils	https://bio.tools/tfutils	2018-12-10	bio.tools		
transview	TransView	Generates, accesses and displays read densities from RNA-Seq and ChIP-Seq data	peak-calling	peak-calling	extended	http://bioconductor.org/packages/release/bioc/html/TransView.html							Command-line tool|Library	RNA-Seq|ChIP-seq|Mapping|Workflows	R	GPL-3.0			0		2015	doi:10.1038/nmeth.3252	transview	https://bio.tools/transview	2018-12-10	bio.tools		
trena	trena	Reconstructs transcriptional regulatory networks using genome-wide TF binding site information	grn-inference	grn-inference	extended	http://bioconductor.org/packages/release/bioc/html/trena.html							Library	Gene expression|Gene regulation|Systems biology	R	GPL-3.0		Free of charge	0				trena	https://bio.tools/trena	2018-12-10	bio.tools		
trigger	trigger	Analyses integrative genomic data combining genotypes and traits using statistical methods	grn-inference	grn-inference	core	http://bioconductor.org/packages/release/bioc/html/trigger.html							Command-line tool|Library	Molecular interactions, pathways and networks|Genotype and phenotype|Genomics	R	GPL-3.0				primary publication shared by 22 tools		pmid:25633503	trigger	https://bio.tools/trigger	2024-11-25	bio.tools		
triplexicon	TripLexicon	Predicts and analyzes RNA:DNA:DNA triplex interactions in human and murine gene regulatory elements	tfbs-prediction|regulatory-elements|peak-calling	tfbs-prediction	core	https://triplexicon.uni-frankfurt.de								Functional, regulatory and non-coding RNA|Transcription factors and regulatory sites|Molecular interactions, pathways and networks|Gene transcripts|ChIP-seq					0			pmid:41324554	triplexicon	https://bio.tools/triplexicon	2026-02-22	bio.tools		
TRRUST	TRRUST	Manually curated database of human and mouse transcriptional regulatory interactions from literature	motif-databases|grn-inference	motif-databases	seed	https://www.grnpedia.org/trrust/																doi:10.1093/nar/gkx1013				curated		
umi-atac-seq	UMI-ATAC-seq	Improves quantification and footprinting in ATAC-seq using unique molecular identifiers	footprinting|peak-calling	footprinting	core	https://github.com/tzhu-bio/UMI-ATAC-seq	https://github.com/tzhu-bio/UMI-ATAC-seq	7	2020-12-07	False	Python			Workflows|Chromosome conformation capture|Transcription factors and regulatory sites|Probes and primers|Sequence assembly	Python				0			doi:10.1101/2020.10.22.351478	umi-atac-seq	https://bio.tools/umi-atac-seq	2021-03-06	bio.tools		
uniprobe	UniPROBE	Centralizes DNA-binding preferences of proteins from universal protein-binding microarray experiments	motif-databases	motif-databases	core	http://uniprobe.org							Database portal	Microarray experiment|Proteins|Sequence composition, complexity and repeats|Sequence analysis					0		2011	pmid:21037262	uniprobe	https://bio.tools/uniprobe	2018-12-10	bio.tools		
useq	USeq	Analyses next-generation sequencing data from Solexa, SOLiD, and 454 platforms for quality control and ChIP-seq or RNA-Seq	peak-calling|peak-annotation|chip-resources	peak-calling	extended	http://useq.sourceforge.net/							Suite	ChIP-seq|RNA-Seq|Data quality management	Java	BSD-3-Clause	Mature		0		2008	pmid:19061503	useq	https://bio.tools/useq	2024-11-24	bio.tools		
VISION	VISION	Systematically integrates GATA transcription factors and epigenomes to paint the regulatory landscape of mouse hematopoietic cells	regulatory-elements	regulatory-elements	core	http://usevision.org								Epigenomics|Transcription factors and regulatory sites|Sequencing					0			doi:10.1101/730358	VISION	https://bio.tools/VISION	2021-01-02	bio.tools		
Wellington / pyDNase	Wellington / pyDNase	Python library for DNase-seq analysis, including the Wellington footprinting algorithm	footprinting	footprinting	seed	https://pythonhosted.org/pyDNase/	https://github.com/jpiper/pyDNase															doi:10.1093/nar/gkt850				curated		
wiggler	Wiggler	Produces normalized genome-wide signal coverage tracks from raw read alignment files	peak-calling	peak-calling	extended	https://sites.google.com/site/anshulkundaje/projects/wiggler	https://github.com/akundaje/align2rawsignal	5	2026-02-16	False		MIT	Command-line tool	Sequence analysis|ChIP-seq	MATLAB	MIT			0		2013	pmid:23221638	wiggler	https://bio.tools/wiggler	2024-11-25	bio.tools		
